Register,08:12:20,08:12:42,08:13:03,08:13:25,08:13:46,08:14:07,08:14:29,08:14:50,08:15:12,08:15:33,08:15:55,08:16:16,08:16:38,08:16:59,08:17:21,08:17:42,08:18:04,08:18:25,08:18:47,08:19:08,08:19:30,08:19:51,08:20:13,08:20:34,08:20:56,08:21:17,08:21:39,08:22:00
30000,507,506,507,506,504,505,504,509,506,505,506,505,504,504,504,504,504,505,504,503,505,502,500,501,499,500,500,500
30001,63205,63205,63202,63199,63201,63199,63204,63203,63202,63200,63201,63201,63199,63200,63200,63199,63199,63200,63199,63199,63197,63204,63199,63198,63199,63200,63198,63198
30002,268,270,272,274,275,277,279,280,282,284,286,287,289,290,292,294,296,297,299,300,301,302,304,305,306,308,310,312
30003,275,278,281,284,287,292,293,294,298,300,302,306,307,309,311,313,316,318,320,322,324,325,327,329,331,333,335,336
30004,2434,2433,2434,2434,2436,2434,2404,2404,2405,2442,2439,2436,2434,2398,2399,2398,2403,2437,2435,2436,2436,2408,2391,2390,2389,2439,2437,2436
30005,10,10,8,2418,2416,2421,2381,2385,2386,2419,2423,2416,2417,2381,2380,2385,2381,2419,2416,2414,2424,2390,2371,2368,2368,2417,2413,2416
30006,2209,2209,2209,2209,2209,2209,2208,2208,2208,2209,2209,2209,2208,2208,2208,2208,2208,2209,2209,2209,2208,2208,2208,2208,2208,2209,2209,2209
30007,0,0,0,94,92,92,1871,1991,1990,95,93,134,647,2226,2209,2212,2216,352,354,354,353,2143,3271,3253,3247,267,359,366
30010,0,0,0,0,0,0,0,0,0,0,0,0,0,0,0,0,0,0,0,0,0,0,0,0,0,0,0,0
30020,99,99,99,99,99,99,99,99,99,99,99,100,100,100,100,100,100,100,100,100,100,100,100,100,100,100,100,100
30021,99,99,99,99,99,99,99,99,99,99,99,99,99,99,99,99,99,99,99,99,99,99,99,99,99,99,99,99
30022,99,99,99,99,99,99,99,99,99,99,99,99,99,99,99,99,99,99,99,99,99,99,99,99,99,99,99,99
30023,99,99,99,99,99,99,99,99,99,99,99,99,99,99,99,99,99,99,99,99,99,99,99,99,99,99,99,99
30024,0,0,0,0,0,0,0,0,0,0,0,0,0,0,0,0,0,0,0,0,0,0,0,0,0,0,0,0
30025,0,0,0,0,0,0,0,0,0,0,0,0,0,0,0,0,0,0,0,0,0,0,0,0,0,0,0,0
30026,0,0,0,0,0,0,0,0,0,0,0,0,0,0,0,0,0,0,0,0,0,0,0,0,0,0,0,0
30027,0,0,0,0,0,0,0,0,0,0,0,0,0,0,0,0,0,0,0,0,0,0,0,0,0,0,0,0
30028,510,510,510,510,510,510,512,512,510,509,508,508,508,508,508,508,508,508,508,508,511,506,505,504,504,503,503,503
30029,65518,65518,65518,65518,65518,65518,65518,65518,65518,65518,65518,65518,65518,65518,65518,65518,65518,65518,65518,65518,65518,65518,65518,65518,65517,65518,65517,65517
30030,0,0,0,0,0,0,0,0,0,0,0,0,0,0,0,0,0,0,0,0,0,0,0,0,0,0,0,0
30031,0,0,0,0,0,0,0,0,0,0,0,0,0,0,0,0,0,0,0,0,0,0,0,0,0,0,0,0
30032,0,0,0,0,0,0,0,0,0,0,0,0,0,0,0,0,0,0,0,0,0,0,0,0,0,0,0,0
30033,0,0,0,0,0,0,0,0,0,0,0,0,0,0,0,0,0,0,0,0,0,0,0,0,0,0,0,0
30034,0,0,0,0,0,0,0,0,0,0,0,0,0,0,0,0,0,0,0,0,0,0,0,0,0,0,0,0
30035,0,0,0,0,0,0,0,0,0,0,0,0,0,0,0,0,0,0,0,0,0,0,0,0,0,0,0,0
30036,219,219,219,219,219,219,219,219,219,219,219,219,219,219,219,219,219,219,219,219,219,219,219,219,219,219,219,219
30037,0,0,0,0,0,0,0,0,0,0,0,0,0,0,0,0,0,0,0,0,0,0,0,0,0,0,0,0
30038,0,0,0,0,0,0,0,0,0,0,0,0,0,0,0,0,0,0,0,0,0,0,0,0,0,0,0,0
30039,0,0,0,0,0,0,0,0,0,0,0,0,0,0,0,0,0,0,0,0,0,0,0,0,0,0,0,0
30040,0,0,0,0,0,0,0,0,0,0,0,0,0,0,0,0,0,0,0,0,0,0,0,0,0,0,0,0
30100,5116,5118,5109,5114,5106,5103,5187,5218,5229,5234,5237,5239,5241,5242,5243,5244,5245,5245,5246,5246,5247,5247,5247,5248,5249,5249,5249,5250
30101,65078,65078,65078,65077,65077,65077,0,0,0,0,0,0,0,0,0,0,0,0,0,0,0,0,0,0,0,0,0,0
30102,3201,3204,3196,3199,3196,3193,3243,3263,3269,3272,3275,3276,3277,3278,3278,3279,3279,3280,3280,3280,3281,3281,3281,3282,3282,3282,3283,3282
30103,3193,3196,3191,3192,3187,3187,3241,3260,3267,3270,3273,3273,3275,3275,3276,3277,3277,3277,3277,3278,3278,3279,3278,3279,3280,3280,3280,3280
30104,2530,2540,2550,2550,2560,2560,2570,2550,2540,2540,2540,2540,2540,2530,2530,2530,2530,2530,2530,2530,2530,2530,2530,2530,2530,2530,2520,2520
30105,2460,2470,2470,2470,2470,2470,2480,2480,2480,2480,2490,2480,2490,2480,2480,2480,2480,2490,2490,2490,2490,2490,2490,2490,2490,2490,2490,2500
30106,0,0,0,0,0,0,0,0,0,0,0,0,0,0,0,0,0,0,0,0,0,0,0,0,0,0,0,0
30107,315,313,314,314,316,316,319,320,321,321,323,323,325,325,327,326,327,327,328,328,329,331,329,332,333,332,333,333
30108,304,312,319,326,332,339,357,336,327,323,320,319,316,316,315,314,314,314,313,313,313,313,312,312,312,313,312,311
30109,0,0,0,0,0,0,0,0,0,0,0,0,0,0,0,0,0,0,0,0,0,0,0,0,0,0,0,0
30110,0,0,0,0,0,0,0,0,0,0,0,0,0,0,0,0,0,0,0,0,0,0,0,0,0,0,0,0
30200,147,147,147,147,147,147,147,147,147,147,147,147,147,147,147,147,147,147,147,147,147,147,147,147,147,147,147,147
30201,18,18,18,18,18,18,18,18,18,18,18,18,18,18,18,18,18,18,18,18,18,18,18,18,18,18,18,18
30202,115,115,115,115,115,115,115,115,115,115,115,115,115,115,115,115,115,115,115,115,115,115,115,115,115,115,115,115
30203,106,106,106,106,106,106,106,106,106,106,106,106,106,106,106,106,106,106,106,106,106,106,106,106,106,106,106,106
30204,116,116,116,116,116,116,116,116,116,116,116,116,116,116,116,116,116,116,116,116,116,116,116,116,116,116,116,116
30205,104,104,104,104,104,104,104,104,104,104,104,104,104,104,104,104,104,104,104,104,104,104,104,104,104,104,104,104
30210,3,3,3,3,3,3,0,0,0,0,0,0,0,0,0,0,0,0,0,0,0,0,0,0,0,0,0,0
30211,0,0,0,0,0,0,0,0,0,0,0,0,0,0,0,0,0,0,0,0,0,0,0,0,0,0,0,0
30212,5,5,5,5,5,5,5,5,5,5,5,5,5,5,5,5,5,5,5,5,5,5,5,5,5,5,5,5
30213,0,0,0,0,0,0,0,0,0,0,0,0,0,0,0,0,0,0,0,0,0,0,0,0,0,0,0,0
30214,0,0,0,0,0,0,0,0,0,0,0,0,0,0,0,0,0,0,0,0,0,0,0,0,0,0,0,0
30300,1,1,1,1,1,1,1,1,1,1,1,1,1,1,1,1,1,1,1,1,1,1,1,1,1,1,1,1
30301,1,1,1,1,1,1,1,2,2,2,2,2,2,2,2,2,2,3,3,3,3,3,2,2,2,2,2,3
30302,0,0,0,0,0,0,0,0,0,0,0,0,0,0,0,0,0,0,0,0,0,0,0,0,0,0,0,0
30303,54,54,54,54,54,54,54,51,52,54,57,58,53,47,46,50,53,56,56,56,56,56,48,48,51,54,52,52
30304,13880,13880,13880,13880,13880,13880,13880,13880,13880,13880,13880,13880,13880,13880,13880,13880,13880,13880,13880,13880,13880,13880,13880,13880,13880,13880,13880,13880
30305,12852,12852,12852,12852,12852,12852,12852,12852,12852,12852,12852,12852,12852,12852,12852,12852,12852,12852,12852,12852,12852,12852,12852,12852,12852,12852,12852,12852
30306,14649,14649,14649,14649,14649,14649,14649,14649,14649,14649,14649,14649,14649,14649,14649,14649,14649,14649,14649,14649,14649,14649,14649,14649,14649,14649,14649,14649
30307,17733,17733,17733,17733,17733,17733,17733,17733,17733,17733,17733,17733,17733,17733,17733,17733,17733,17733,17733,17733,17733,17733,17733,17733,17733,17733,17733,17733
30308,17975,17975,17975,17975,17975,17975,17975,17975,17975,17975,17975,17975,17975,17975,17975,17975,17975,17975,17975,17975,17975,17975,17975,17975,17975,17975,17975,17975
30309,13635,13635,13635,13635,13635,13635,13635,13635,13635,13635,13635,13635,13635,13635,13635,13635,13635,13635,13635,13635,13635,13635,13635,13635,13635,13635,13635,13635
30350,12848,12848,12848,12848,12848,12848,12848,12848,12848,12848,12848,12848,12848,12848,12848,12848,12848,12848,12848,12848,12848,12848,12848,12848,12848,12848,12848,12848
30351,12852,12852,12852,12852,12852,12852,12852,12852,12852,12852,12852,12852,12852,12852,12852,12852,12852,12852,12852,12852,12852,12852,12852,12852,12852,12852,12852,12852
30352,12345,12345,12345,12345,12345,12345,12345,12345,12345,12345,12345,12345,12345,12345,12345,12345,12345,12345,12345,12345,12345,12345,12345,12345,12345,12345,12345,12345
30353,12345,12345,12345,12345,12345,12345,12345,12345,12345,12345,12345,12345,12345,12345,12345,12345,12345,12345,12345,12345,12345,12345,12345,12345,12345,12345,12345,12345
30354,12337,12337,12337,12337,12337,12337,12337,12337,12337,12337,12337,12337,12337,12337,12337,12337,12337,12337,12337,12337,12337,12337,12337,12337,12337,12337,12337,12337
30355,13625,13625,13625,13625,13625,13625,13625,13625,13625,13625,13625,13625,13625,13625,13625,13625,13625,13625,13625,13625,13625,13625,13625,13625,13625,13625,13625,13625
30400,49320,49320,49320,49320,49320,49320,49320,49320,49320,49320,49320,49320,49320,49320,49320,49320,49320,49320,49320,49320,49320,49320,49320,49320,49320,49320,49320,49320
30401,46490,46490,46490,46490,46490,46490,46490,46490,46490,46490,46490,46490,46490,46490,46490,46490,46490,46490,46490,46490,46490,46490,46490,46490,46490,46490,46490,46490
30402,49320,49320,49320,49320,49320,49320,49320,49320,49320,49320,49320,49320,49320,49320,49320,49320,49320,49320,49320,49320,49320,49320,49320,49320,49320,49320,49320,49320
30403,46337,46337,46337,46337,46337,46337,46337,46337,46337,46337,46337,46337,46337,46337,46337,46337,46337,46337,46337,46337,46337,46337,46337,46337,46337,46337,46337,46337
31000,22094,22094,22094,22094,22094,22094,22094,22094,22094,22094,22094,22094,22094,22094,22094,22094,22094,22094,22094,22094,22094,22094,22094,22094,22094,22094,22094,22094
31001,21316,21316,21316,21316,21316,21316,21316,21316,21316,21316,21316,21316,21316,21316,21316,21316,21316,21316,21316,21316,21316,21316,21316,21316,21316,21316,21316,21316
31002,11568,11568,11568,11568,11568,11568,11568,11568,11568,11568,11568,11568,11568,11568,11568,11568,11568,11568,11568,11568,11568,11568,11568,11568,11568,11568,11568,11568
31003,5,5,5,5,5,5,5,5,5,5,5,5,5,5,5,5,5,5,5,5,5,5,5,5,5,5,5,5
31004,1543,1543,1543,1543,1543,1543,1543,1543,1543,1543,1543,1543,1543,1543,1543,1543,1543,1543,1543,1543,1543,1543,1543,1543,1543,1543,1543,1543
31005,0,0,0,0,0,0,0,0,0,0,0,0,0,0,0,0,0,0,0,0,0,0,0,0,0,0,0,0
31006,0,0,0,0,0,0,0,0,0,0,0,0,0,0,0,0,0,0,0,0,0,0,0,0,0,0,0,0
31007,0,0,0,0,0,0,0,0,0,0,0,0,0,0,0,0,0,0,0,0,0,0,0,0,0,0,0,0
31008,0,0,0,0,0,0,0,0,0,0,0,0,0,0,0,0,0,0,0,0,0,0,0,0,0,0,0,0
31009,0,0,0,0,0,0,0,0,0,0,0,0,0,0,0,0,0,0,0,0,0,0,0,0,0,0,0,0
32105,10240,10240,10240,10240,10240,10240,10240,10240,10240,10240,10240,10240,10240,10240,10240,10240,10240,10240,10240,10240,10240,10240,10240,10240,10240,10240,10240,10240
32200,2433,2438,2432,2434,2433,2433,2404,2405,2407,2442,2441,2437,2430,2398,2398,2405,2406,2437,2435,2437,2439,2409,2391,2390,2419,2438,2437,2436
32204,500,500,500,500,500,500,499,500,499,499,499,499,499,499,499,499,499,499,499,499,499,500,500,499,500,500,499,500
32300,8,10,2416,2415,2416,2417,2388,2384,2388,2426,2426,2420,2408,2376,2383,2385,2388,2418,2418,2412,2426,2392,2370,2371,2370,2425,2415,2412
32301,8,10,2416,2415,2416,2417,2388,2384,2388,2426,2426,2420,2408,2376,2383,2385,2388,2418,2418,2412,2426,2392,2370,2371,2370,2425,2415,2412
32302,0,0,114,94,92,91,1990,1987,1988,94,94,130,351,2217,2209,2219,2223,352,354,356,355,2144,3233,3204,2658,267,358,359
33000,0,0,0,0,0,0,0,0,0,0,0,0,0,0,0,0,0,0,0,0,0,0,0,0,0,0,0,0
33001,30296,30296,30296,30296,30296,30296,30296,30296,30296,30296,30296,30296,30296,30296,30296,30296,30296,30296,30296,30296,30296,30296,30296,30296,30296,30296,30296,30296
33002,0,0,0,0,0,0,0,0,0,0,0,0,0,0,0,0,0,0,0,0,0,0,0,0,0,0,0,0
33003,24808,24809,24811,24812,24813,24815,24816,24817,24818,24820,24821,24822,24824,24825,24826,24828,24829,24830,24832,24833,24834,24835,24837,24838,24839,24841,24842,24843
33004,0,0,0,0,0,0,0,0,0,0,0,0,0,0,0,0,0,0,0,0,0,0,0,0,0,0,0,0
33005,0,0,0,0,0,0,0,0,0,0,0,0,0,0,0,0,0,0,0,0,0,0,0,0,0,0,0,0
33006,0,0,0,0,0,0,0,0,0,0,0,0,0,0,0,0,0,0,0,0,0,0,0,0,0,0,0,0
33007,360,361,363,364,365,367,368,369,370,372,373,374,376,377,378,380,381,382,384,385,386,387,389,390,391,393,394,395
33008,0,0,0,0,0,0,0,0,0,0,0,0,0,0,0,0,0,0,0,0,0,0,0,0,0,0,0,0
33009,1715,1715,1715,1715,1715,1715,1715,1715,1715,1715,1715,1715,1715,1715,1715,1715,1715,1715,1715,1715,1715,1715,1715,1715,1715,1715,1715,1715
33010,0,0,0,0,0,0,0,0,0,0,0,0,0,0,0,0,0,0,0,0,0,0,0,0,0,0,0,0
33011,1662,1664,1665,1666,1668,1669,1670,1672,1673,1674,1676,1677,1678,1679,1681,1682,1683,1685,1686,1687,1689,1690,1691,1693,1694,1695,1697,1698
34000,5108,5116,5119,5112,5115,5118,5199,5221,5230,5235,5238,5240,5241,5242,5243,5245,5245,5245,5245,5246,5247,5247,5248,5248,5249,5249,5249,5249
34001,65078,65078,65077,65077,65077,65077,0,0,0,0,0,0,0,0,0,0,0,0,0,0,0,0,0,0,0,0,0,0
34002,448,441,434,427,419,412,407,407,407,407,407,407,407,407,407,407,407,407,407,407,407,407,407,407,407,407,407,407
34003,7,7,7,7,7,7,7,7,7,7,7,7,7,7,7,7,7,7,7,7,7,7,7,7,7,7,7,7
34004,3,3,3,3,3,3,0,0,0,0,0,0,0,0,0,0,0,0,0,0,0,0,0,0,0,0,0,0
34005,3196,3200,3202,3202,3200,3202,3251,3264,3270,3273,3275,3276,3277,3278,3279,3279,3279,3279,3280,3280,3281,3281,3281,3282,3282,3282,3283,3283
34006,3189,3194,3195,3190,3195,3194,3248,3262,3268,3271,3273,3274,3275,3276,3276,3277,3277,3277,3278,3278,3278,3279,3278,3279,3280,3280,3280,3280
34007,0,0,0,0,0,0,0,0,0,0,0,0,0,0,0,0,0,0,0,0,0,0,0,0,0,0,0,0
34008,0,0,0,0,0,0,0,0,0,0,0,0,0,0,0,0,0,0,0,0,0,0,0,0,0,0,0,0
34009,0,0,0,0,0,0,0,0,0,0,0,0,0,0,0,0,0,0,0,0,0,0,0,0,0,0,0,0
34010,116,116,116,116,116,116,116,116,116,116,116,116,116,116,116,116,116,116,116,116,116,116,116,116,116,116,116,116
34011,314,314,316,316,317,319,318,321,322,323,323,323,325,325,325,327,327,328,327,329,331,331,330,331,330,332,331,334
34012,307,313,321,327,334,341,350,332,325,321,319,318,316,316,315,315,314,313,313,312,313,312,312,312,312,312,312,311
34013,253,254,255,255,256,256,256,255,254,254,253,253,253,253,253,253,253,253,253,253,253,253,252,252,253,253,252,252
34014,247,248,248,248,248,248,249,249,249,249,249,250,250,250,250,250,250,250,250,250,250,250,250,250,251,251,250,251
34015,246,247,248,247,248,248,249,248,248,249,249,249,249,249,249,249,249,249,249,249,249,249,249,249,250,249,249,249
34016,246,247,247,247,247,248,248,248,248,248,248,248,248,249,248,249,249,249,249,249,249,249,249,249,250,249,249,250
34017,0,0,0,0,0,0,0,0,0,0,0,0,0,0,0,0,0,0,0,0,0,0,0,0,0,0,0,0
34018,3191,3198,3198,3202,3195,3202,3251,3263,3269,3272,3274,3276,3276,3277,3277,3278,3278,3278,3279,3279,3280,3279,3280,3280,3281,3281,3281,3282
34019,3189,3194,3195,3197,3196,3199,3248,3262,3269,3272,3274,3275,3276,3276,3277,3278,3278,3278,3279,3278,3279,3279,3280,3280,3281,3280,3281,3281
34020,3191,3197,3197,3198,3197,3200,3250,3263,3269,3272,3273,3275,3276,3276,3278,3278,3278,3279,3278,3279,3280,3280,3280,3280,3280,3280,3281,3280
34021,3190,3197,3196,3198,3196,3200,3250,3264,3270,3273,3275,3275,3276,3278,3279,3279,3279,3279,3280,3279,3280,3281,3280,3281,3281,3282,3281,3281
34022,3193,3199,3200,3198,3196,3201,3250,3263,3269,3271,3274,3275,3276,3277,3277,3278,3278,3278,3279,3279,3279,3279,3280,3280,3280,3281,3280,3281
34023,3193,3202,3200,3199,3197,3201,3250,3263,3269,3272,3274,3276,3276,3277,3278,3278,3279,3279,3279,3280,3280,3280,3281,3281,3281,3282,3282,3281
34024,3192,3201,3200,3197,3196,3201,3251,3264,3269,3273,3274,3275,3276,3276,3277,3278,3278,3278,3279,3279,3279,3280,3280,3280,3281,3280,3281,3281
34025,3193,3204,3202,3199,3198,3200,3251,3263,3270,3273,3275,3276,3277,3277,3278,3279,3278,3279,3279,3280,3281,3280,3281,3282,3282,3282,3283,3282
34026,3193,3202,3200,3192,3196,3199,3249,3264,3269,3272,3274,3275,3276,3276,3277,3278,3278,3279,3278,3279,3279,3280,3280,3280,3280,3281,3281,3281
34027,3192,3202,3200,3192,3197,3199,3251,3263,3270,3273,3275,3276,3277,3277,3278,3279,3279,3279,3279,3280,3280,3281,3281,3281,3281,3282,3282,3283
34028,3192,3201,3200,3192,3198,3198,3249,3263,3268,3271,3273,3275,3276,3276,3277,3278,3278,3279,3278,3279,3279,3280,3278,3280,3280,3280,3281,3281
34029,3191,3202,3201,3192,3198,3198,3250,3264,3270,3273,3274,3276,3277,3277,3277,3279,3279,3279,3279,3280,3280,3280,3280,3282,3281,3282,3281,3282
34030,3195,3200,3200,3190,3197,3197,3249,3263,3269,3272,3273,3275,3276,3276,3277,3278,3278,3278,3278,3279,3279,3280,3280,3280,3280,3280,3280,3281
34031,3195,3203,3202,3192,3198,3196,3251,3264,3270,3273,3275,3276,3277,3277,3278,3278,3279,3279,3279,3280,3281,3280,3281,3282,3281,3281,3282,3282
34032,3194,3199,3201,3191,3200,3194,3249,3262,3268,3271,3273,3275,3275,3276,3277,3278,3278,3278,3278,3278,3278,3280,3279,3280,3280,3280,3281,3280
34033,3196,3200,3200,3192,3200,3195,3250,3262,3269,3271,3274,3274,3276,3276,3276,3277,3277,3277,3278,3278,3279,3279,3279,3279,3280,3280,3280,3280
34100,5297,5296,5296,5296,5296,5296,5179,5138,5124,5107,5111,5110,5111,5099,5102,5101,5105,5104,5105,5107,5198,5219,5228,5233,5237,5239,5240,5241
34101,0,0,0,0,0,0,65086,65081,65079,65078,65078,65077,65077,65077,65077,65077,65076,65076,65076,65076,0,0,0,0,0,0,0,0
34102,507,507,507,507,507,507,505,498,491,484,476,469,462,455,447,440,433,426,419,411,406,406,406,406,406,406,406,406
34103,6,6,6,6,6,6,6,6,6,6,6,6,6,6,6,6,6,6,6,6,6,6,6,6,6,6,6,6
34104,0,0,0,0,0,0,3,3,3,3,3,3,3,3,3,3,3,3,3,3,0,0,0,0,0,0,0,0
34105,3314,3313,3314,3313,3314,3313,3241,3215,3205,3196,3198,3198,3199,3191,3193,3194,3194,3197,3195,3197,3251,3263,3269,3273,3275,3276,3276,3277
34106,3308,3309,3308,3307,3308,3308,3228,3202,3197,3186,3189,3186,3187,3182,3184,3180,3183,3187,3186,3183,3246,3260,3265,3269,3272,3273,3274,3274
34107,0,0,0,0,0,0,0,0,0,0,0,0,0,0,0,0,0,0,0,0,0,0,0,0,0,0,0,0
34108,0,0,0,0,0,0,0,0,0,0,0,0,0,0,0,0,0,0,0,0,0,0,0,0,0,0,0,0
34109,0,0,0,0,0,0,0,0,0,0,0,0,0,0,0,0,0,0,0,0,0,0,0,0,0,0,0,0
34110,116,116,116,116,116,116,116,116,116,116,116,116,116,116,116,116,116,116,116,116,116,116,116,116,116,116,116,116
34111,307,306,308,308,307,306,308,307,308,309,307,309,310,310,311,314,313,316,316,319,320,320,324,325,325,328,328,329
34112,248,248,248,248,248,248,270,278,288,297,305,313,319,326,333,339,345,353,359,365,382,357,348,343,340,338,336,335
34113,237,237,237,237,237,236,237,237,237,237,237,237,238,238,238,238,238,239,239,239,240,240,240,240,240,240,241,241
34114,240,240,240,240,240,240,240,241,240,241,241,241,242,242,242,243,243,244,244,244,244,245,245,245,245,245,245,245
34115,235,235,235,234,234,234,234,234,235,234,234,235,235,235,235,236,236,236,236,236,236,237,237,237,237,237,237,237
34116,240,241,241,240,240,240,240,242,243,244,244,245,245,246,246,247,248,248,248,249,249,248,248,248,248,247,247,247
34117,0,0,0,0,0,0,0,0,0,0,0,0,0,0,0,0,0,0,0,0,0,0,0,0,0,0,0,0
34118,3308,3309,3308,3308,3308,3309,3236,3210,3204,3195,3193,3198,3199,3190,3186,3192,3190,3189,3190,3197,3248,3262,3268,3271,3273,3274,3275,3275
34119,3313,3312,3312,3312,3312,3312,3238,3210,3203,3193,3193,3194,3197,3187,3186,3189,3186,3187,3188,3190,3249,3262,3268,3271,3273,3275,3275,3277
34120,3308,3309,3308,3307,3308,3308,3238,3210,3203,3195,3195,3197,3197,3188,3189,3192,3191,3190,3191,3195,3250,3263,3268,3271,3273,3274,3275,3276
34121,3309,3309,3309,3309,3309,3309,3238,3214,3205,3196,3197,3197,3197,3190,3190,3194,3192,3191,3193,3195,3250,3263,3269,3273,3274,3276,3276,3277
34122,3311,3311,3312,3311,3311,3311,3238,3213,3201,3193,3192,3193,3193,3187,3187,3188,3188,3187,3189,3192,3248,3261,3267,3271,3273,3274,3275,3276
34123,3310,3309,3310,3309,3310,3310,3240,3215,3204,3195,3196,3197,3197,3187,3191,3192,3191,3191,3192,3195,3249,3263,3269,3272,3273,3275,3276,3277
34124,3312,3312,3312,3312,3311,3311,3240,3215,3204,3191,3194,3196,3195,3187,3189,3190,3193,3190,3190,3193,3249,3262,3267,3271,3273,3274,3276,3276
34125,3313,3313,3312,3313,3312,3312,3240,3214,3203,3190,3196,3196,3193,3185,3190,3190,3191,3188,3190,3192,3249,3263,3269,3271,3275,3276,3276,3277
34126,3310,3310,3310,3310,3309,3309,3238,3214,3203,3190,3196,3196,3195,3187,3191,3188,3194,3191,3191,3193,3250,3262,3268,3271,3273,3273,3275,3276
34127,3312,3311,3311,3312,3312,3312,3239,3215,3203,3191,3196,3193,3194,3187,3191,3187,3193,3189,3190,3193,3249,3263,3268,3272,3273,3275,3275,3277
34128,3309,3309,3309,3309,3309,3308,3233,3212,3202,3190,3195,3192,3193,3185,3191,3186,3193,3190,3190,3193,3249,3263,3267,3271,3273,3274,3275,3276
34129,3311,3311,3310,3311,3311,3311,3236,3212,3205,3192,3197,3194,3196,3189,3193,3189,3194,3193,3195,3192,3251,3262,3269,3272,3274,3275,3276,3276
34130,3313,3313,3313,3313,3312,3312,3239,3211,3204,3192,3196,3194,3194,3186,3191,3187,3192,3193,3192,3190,3249,3262,3267,3271,3273,3274,3274,3276
34131,3309,3309,3310,3309,3310,3310,3230,3207,3197,3186,3191,3188,3190,3185,3187,3184,3190,3190,3190,3186,3249,3262,3267,3271,3273,3275,3276,3277
34132,3308,3309,3308,3309,3309,3308,3228,3208,3197,3186,3189,3188,3187,3178,3184,3180,3179,3187,3188,3183,3247,3260,3265,3271,3273,3272,3274,3274
34133,3314,3312,3313,3313,3314,3313,3241,3217,3205,3195,3198,3196,3196,3189,3193,3189,3188,3197,3197,3192,3250,3262,3267,3271,3272,3273,3274,3275
34200,5260,5260,5260,5260,5260,5260,5260,5260,5260,5260,5260,5260,5260,5261,5260,5260,5260,5260,5260,5261,5260,5260,5261,5260,5261,5261,5261,5261
34201,0,0,0,0,0,0,0,0,0,0,0,0,0,0,0,0,0,0,0,0,0,0,0,0,0,0,0,0
34202,408,408,408,408,408,408,408,408,408,408,408,408,408,408,408,408,408,408,408,408,408,408,408,408,408,408,408,408
34203,49,49,49,49,49,49,49,49,49,49,49,49,49,49,49,49,49,49,49,49,49,49,49,49,49,49,49,49
34204,0,0,0,0,0,0,0,0,0,0,0,0,0,0,0,0,0,0,0,0,0,0,0,0,0,0,0,0
34205,3289,3288,3289,3289,3289,3289,3289,3289,3289,3290,3289,3290,3290,3290,3289,3289,3289,3289,3290,3289,3289,3289,3290,3289,3289,3289,3289,3290
34206,3287,3287,3286,3287,3287,3287,3287,3287,3287,3287,3287,3287,3287,3287,3287,3287,3287,3287,3287,3287,3287,3287,3287,3287,3287,3287,3287,3287
34207,0,0,0,0,0,0,0,0,0,0,0,0,0,0,0,0,0,0,0,0,0,0,0,0,0,0,0,0
34208,0,0,0,0,0,0,0,0,0,0,0,0,0,0,0,0,0,0,0,0,0,0,0,0,0,0,0,0
34209,0,0,0,0,0,0,0,0,0,0,0,0,0,0,0,0,0,0,0,0,0,0,0,0,0,0,0,0
34210,116,116,116,116,116,116,116,116,116,116,116,116,116,116,116,116,116,116,116,116,116,116,116,116,116,116,116,116
34211,301,302,302,303,303,303,301,303,302,302,302,302,302,302,302,303,301,302,304,303,301,301,303,303,303,303,302,302
34212,238,238,238,238,238,238,238,238,239,238,238,237,238,238,238,238,238,238,237,237,238,238,238,239,240,240,241,242
34213,228,228,228,228,228,228,228,228,228,228,228,228,228,228,228,228,228,228,228,228,228,228,228,228,228,228,228,228
34214,229,229,229,229,229,228,228,229,228,229,228,228,228,229,228,228,228,228,228,228,228,228,228,229,228,228,229,229
34215,227,227,227,227,227,227,227,227,227,227,226,226,226,227,227,227,226,226,227,227,227,226,227,226,227,226,227,227
34216,226,226,226,226,226,226,226,226,226,226,226,226,226,226,226,226,226,226,226,226,226,226,226,226,226,226,226,226
34217,0,0,0,0,0,0,0,0,0,0,0,0,0,0,0,0,0,0,0,0,0,0,0,0,0,0,0,0
34218,3287,3287,3287,3287,3287,3288,3288,3287,3287,3288,3287,3287,3288,3288,3287,3288,3288,3288,3288,3287,3288,3288,3288,3288,3288,3287,3288,3288
34219,3288,3287,3288,3287,3288,3287,3288,3288,3288,3288,3288,3287,3289,3288,3288,3288,3288,3288,3288,3288,3288,3288,3287,3288,3288,3288,3289,3289
34220,3288,3287,3287,3288,3287,3287,3287,3288,3288,3287,3288,3287,3287,3288,3288,3288,3288,3287,3288,3288,3288,3288,3288,3288,3288,3288,3289,3289
34221,3289,3288,3289,3289,3289,3288,3288,3288,3288,3290,3289,3289,3288,3288,3289,3289,3289,3289,3289,3289,3289,3288,3290,3288,3289,3288,3289,3289
34222,3288,3287,3286,3287,3287,3287,3288,3287,3288,3287,3288,3288,3287,3288,3287,3287,3287,3288,3288,3288,3287,3288,3288,3287,3288,3288,3287,3289
34223,3289,3288,3289,3288,3288,3288,3288,3288,3289,3288,3288,3288,3290,3289,3289,3289,3288,3289,3288,3288,3289,3288,3290,3289,3289,3289,3289,3289
34224,3288,3288,3288,3287,3288,3287,3287,3288,3289,3288,3288,3288,3288,3288,3289,3287,3288,3288,3287,3288,3288,3289,3288,3288,3288,3289,3288,3288
34225,3288,3288,3288,3288,3289,3288,3289,3288,3289,3288,3288,3288,3289,3290,3289,3289,3289,3288,3290,3289,3289,3288,3288,3288,3289,3289,3289,3289
34226,3287,3287,3288,3287,3287,3288,3288,3288,3287,3287,3287,3287,3287,3288,3287,3287,3287,3288,3288,3288,3288,3288,3288,3287,3288,3287,3288,3288
34227,3289,3288,3288,3289,3288,3288,3288,3288,3288,3289,3289,3289,3289,3288,3288,3289,3288,3288,3289,3289,3288,3289,3289,3288,3289,3289,3289,3289
34228,3287,3288,3287,3288,3287,3288,3287,3287,3288,3287,3287,3288,3287,3287,3287,3288,3287,3288,3288,3288,3287,3288,3288,3288,3287,3288,3287,3288
34229,3289,3288,3288,3289,3288,3289,3289,3289,3289,3289,3289,3288,3289,3289,3289,3288,3288,3289,3288,3289,3289,3289,3289,3289,3289,3288,3289,3288
34230,3287,3287,3288,3288,3288,3287,3287,3288,3287,3288,3288,3288,3288,3288,3287,3288,3288,3288,3287,3288,3288,3287,3288,3288,3289,3289,3287,3288
34231,3288,3288,3289,3288,3289,3289,3288,3289,3289,3289,3289,3290,3288,3289,3289,3289,3289,3288,3289,3289,3289,3288,3288,3289,3289,3289,3288,3290
34232,3287,3287,3287,3287,3287,3288,3287,3287,3287,3287,3287,3287,3287,3287,3287,3287,3287,3287,3287,3287,3287,3287,3287,3287,3287,3287,3287,3287
34233,3287,3287,3288,3287,3287,3287,3287,3287,3288,3287,3287,3288,3287,3288,3287,3287,3287,3288,3287,3288,3287,3287,3287,3287,3287,3288,3288,3287
34300,5253,5254,5254,5254,5254,5254,5254,5254,5255,5255,5255,5255,5255,5256,5255,5256,5256,5256,5256,5256,5147,5107,5101,5101,5089,5086,5090,5088
34301,0,0,0,0,0,0,0,0,0,0,0,0,0,0,0,0,0,0,0,0,65080,65076,65075,65074,65074,65073,65073,65073
34302,409,409,409,409,409,409,409,409,409,409,409,409,409,409,409,409,409,409,409,409,407,401,395,389,383,377,371,365
34303,44,44,44,44,44,44,44,44,44,44,44,44,44,44,44,44,44,44,44,44,44,44,44,44,44,44,44,44
34304,0,0,0,0,0,0,0,0,0,0,0,0,0,0,0,0,0,0,0,0,3,3,3,3,3,3,3,3
34305,3285,3285,3285,3285,3285,3286,3286,3285,3286,3286,3286,3286,3286,3286,3286,3286,3286,3286,3286,3287,3219,3195,3190,3191,3183,3181,3188,3184
34306,3282,3283,3283,3283,3283,3283,3283,3283,3284,3284,3284,3283,3283,3284,3284,3284,3284,3284,3284,3284,3213,3190,3186,3184,3177,3177,3178,3178
34307,0,0,0,0,0,0,0,0,0,0,0,0,0,0,0,0,0,0,0,0,0,0,0,0,0,0,0,0
34308,0,0,0,0,0,0,0,0,0,0,0,0,0,0,0,0,0,0,0,0,0,0,0,0,0,0,0,0
34309,0,0,0,0,0,0,0,0,0,0,0,0,0,0,0,0,0,0,0,0,0,0,0,0,0,0,0,0
34310,116,116,116,116,116,116,116,116,116,116,116,116,116,116,116,116,116,116,116,116,116,116,116,116,116,116,116,116
34311,289,289,288,288,288,288,289,288,288,288,287,287,287,287,286,287,287,288,287,289,287,287,289,288,288,291,290,291
34312,231,231,231,231,231,230,230,230,230,229,230,230,229,230,229,229,229,229,229,229,266,266,273,281,288,295,301,308
34313,222,222,222,222,222,222,222,222,222,222,222,222,222,222,222,222,222,222,222,222,222,222,222,223,223,223,224,224
34314,223,222,223,223,223,223,222,223,223,223,223,223,223,223,223,223,223,223,223,223,223,223,223,223,224,224,225,225
34315,220,220,220,220,220,220,220,220,220,220,220,220,220,220,220,220,220,220,220,220,220,221,220,221,221,221,221,222
34316,223,222,223,223,223,223,222,223,223,223,223,223,223,223,223,223,223,223,223,223,223,223,223,223,224,224,224,225
34317,0,0,0,0,0,0,0,0,0,0,0,0,0,0,0,0,0,0,0,0,0,0,0,0,0,0,0,0
34318,3283,3284,3284,3284,3284,3284,3285,3284,3284,3284,3284,3284,3284,3285,3285,3285,3285,3286,3285,3285,3217,3193,3190,3191,3181,3181,3188,3184
34319,3284,3283,3284,3283,3284,3284,3284,3284,3285,3284,3285,3285,3285,3286,3286,3285,3285,3286,3286,3286,3218,3193,3190,3190,3179,3178,3184,3183
34320,3283,3284,3284,3284,3284,3284,3284,3283,3284,3285,3285,3284,3284,3285,3285,3286,3285,3285,3285,3285,3215,3190,3187,3189,3177,3177,3181,3180
34321,3284,3284,3285,3284,3284,3284,3286,3285,3286,3285,3285,3286,3286,3285,3286,3285,3286,3286,3286,3286,3218,3193,3189,3191,3183,3180,3185,3184
34322,3283,3283,3284,3284,3284,3284,3283,3284,3285,3284,3285,3284,3284,3284,3284,3285,3284,3285,3285,3285,3218,3190,3187,3188,3181,3178,3182,3179
34323,3285,3283,3284,3285,3285,3285,3285,3285,3286,3285,3285,3285,3285,3286,3285,3286,3285,3286,3285,3287,3219,3193,3188,3190,3181,3179,3183,3180
34324,3283,3284,3283,3284,3283,3284,3284,3284,3284,3284,3284,3284,3285,3285,3284,3285,3285,3285,3285,3285,3218,3191,3188,3188,3181,3179,3182,3180
34325,3284,3285,3285,3285,3284,3286,3284,3285,3285,3286,3285,3285,3285,3286,3285,3285,3285,3286,3286,3286,3219,3193,3189,3190,3182,3180,3181,3181
34326,3282,3284,3283,3284,3283,3284,3284,3284,3284,3284,3284,3284,3284,3284,3284,3285,3285,3285,3286,3285,3216,3190,3186,3188,3180,3177,3179,3178
34327,3284,3284,3285,3283,3284,3284,3284,3285,3285,3285,3285,3284,3286,3285,3285,3286,3286,3285,3286,3286,3217,3192,3188,3188,3182,3179,3180,3180
34328,3283,3283,3284,3284,3284,3284,3284,3284,3284,3284,3285,3283,3284,3285,3285,3285,3285,3285,3285,3286,3218,3192,3189,3186,3183,3180,3182,3181
34329,3284,3285,3285,3284,3285,3284,3285,3284,3286,3285,3285,3285,3285,3285,3285,3285,3286,3286,3286,3286,3218,3193,3187,3187,3181,3179,3179,3180
34330,3283,3284,3283,3283,3284,3284,3284,3284,3284,3284,3285,3285,3285,3285,3285,3285,3285,3285,3285,3285,3218,3195,3189,3188,3182,3181,3181,3181
34331,3284,3284,3285,3285,3285,3285,3286,3285,3285,3286,3286,3286,3285,3286,3286,3285,3286,3286,3286,3287,3215,3194,3187,3186,3181,3179,3181,3179
34332,3283,3283,3283,3283,3283,3283,3283,3284,3284,3284,3284,3284,3283,3285,3285,3284,3284,3284,3286,3284,3213,3194,3187,3184,3179,3178,3178,3178
34333,3284,3282,3283,3283,3284,3283,3283,3284,3284,3284,3284,3283,3284,3285,3284,3284,3284,3285,3286,3284,3214,3196,3190,3186,3181,3180,3180,3181
34400,0,0,0,0,0,0,0,0,0,0,0,0,0,0,0,0,0,0,0,0,0,0,0,0,0,0,0,0
34401,0,0,0,0,0,0,0,0,0,0,0,0,0,0,0,0,0,0,0,0,0,0,0,0,0,0,0,0
34402,0,0,0,0,0,0,0,0,0,0,0,0,0,0,0,0,0,0,0,0,0,0,0,0,0,0,0,0
34403,0,0,0,0,0,0,0,0,0,0,0,0,0,0,0,0,0,0,0,0,0,0,0,0,0,0,0,0
34404,0,0,0,0,0,0,0,0,0,0,0,0,0,0,0,0,0,0,0,0,0,0,0,0,0,0,0,0
34405,0,0,0,0,0,0,0,0,0,0,0,0,0,0,0,0,0,0,0,0,0,0,0,0,0,0,0,0
34406,0,0,0,0,0,0,0,0,0,0,0,0,0,0,0,0,0,0,0,0,0,0,0,0,0,0,0,0
34407,0,0,0,0,0,0,0,0,0,0,0,0,0,0,0,0,0,0,0,0,0,0,0,0,0,0,0,0
34408,0,0,0,0,0,0,0,0,0,0,0,0,0,0,0,0,0,0,0,0,0,0,0,0,0,0,0,0
34409,0,0,0,0,0,0,0,0,0,0,0,0,0,0,0,0,0,0,0,0,0,0,0,0,0,0,0,0
34410,0,0,0,0,0,0,0,0,0,0,0,0,0,0,0,0,0,0,0,0,0,0,0,0,0,0,0,0
34411,0,0,0,0,0,0,0,0,0,0,0,0,0,0,0,0,0,0,0,0,0,0,0,0,0,0,0,0
34412,0,0,0,0,0,0,0,0,0,0,0,0,0,0,0,0,0,0,0,0,0,0,0,0,0,0,0,0
34413,0,0,0,0,0,0,0,0,0,0,0,0,0,0,0,0,0,0,0,0,0,0,0,0,0,0,0,0
34414,0,0,0,0,0,0,0,0,0,0,0,0,0,0,0,0,0,0,0,0,0,0,0,0,0,0,0,0
34415,0,0,0,0,0,0,0,0,0,0,0,0,0,0,0,0,0,0,0,0,0,0,0,0,0,0,0,0
34416,0,0,0,0,0,0,0,0,0,0,0,0,0,0,0,0,0,0,0,0,0,0,0,0,0,0,0,0
34417,0,0,0,0,0,0,0,0,0,0,0,0,0,0,0,0,0,0,0,0,0,0,0,0,0,0,0,0
34418,0,0,0,0,0,0,0,0,0,0,0,0,0,0,0,0,0,0,0,0,0,0,0,0,0,0,0,0
34419,0,0,0,0,0,0,0,0,0,0,0,0,0,0,0,0,0,0,0,0,0,0,0,0,0,0,0,0
34420,0,0,0,0,0,0,0,0,0,0,0,0,0,0,0,0,0,0,0,0,0,0,0,0,0,0,0,0
34421,0,0,0,0,0,0,0,0,0,0,0,0,0,0,0,0,0,0,0,0,0,0,0,0,0,0,0,0
34422,0,0,0,0,0,0,0,0,0,0,0,0,0,0,0,0,0,0,0,0,0,0,0,0,0,0,0,0
34423,0,0,0,0,0,0,0,0,0,0,0,0,0,0,0,0,0,0,0,0,0,0,0,0,0,0,0,0
34424,0,0,0,0,0,0,0,0,0,0,0,0,0,0,0,0,0,0,0,0,0,0,0,0,0,0,0,0
34425,0,0,0,0,0,0,0,0,0,0,0,0,0,0,0,0,0,0,0,0,0,0,0,0,0,0,0,0
34426,0,0,0,0,0,0,0,0,0,0,0,0,0,0,0,0,0,0,0,0,0,0,0,0,0,0,0,0
34427,0,0,0,0,0,0,0,0,0,0,0,0,0,0,0,0,0,0,0,0,0,0,0,0,0,0,0,0
34428,0,0,0,0,0,0,0,0,0,0,0,0,0,0,0,0,0,0,0,0,0,0,0,0,0,0,0,0
34429,0,0,0,0,0,0,0,0,0,0,0,0,0,0,0,0,0,0,0,0,0,0,0,0,0,0,0,0
34430,0,0,0,0,0,0,0,0,0,0,0,0,0,0,0,0,0,0,0,0,0,0,0,0,0,0,0,0
34431,0,0,0,0,0,0,0,0,0,0,0,0,0,0,0,0,0,0,0,0,0,0,0,0,0,0,0,0
34432,0,0,0,0,0,0,0,0,0,0,0,0,0,0,0,0,0,0,0,0,0,0,0,0,0,0,0,0
34433,0,0,0,0,0,0,0,0,0,0,0,0,0,0,0,0,0,0,0,0,0,0,0,0,0,0,0,0
34500,0,0,0,0,0,0,0,0,0,0,0,0,0,0,0,0,0,0,0,0,0,0,0,0,0,0,0,0
34501,0,0,0,0,0,0,0,0,0,0,0,0,0,0,0,0,0,0,0,0,0,0,0,0,0,0,0,0
34502,0,0,0,0,0,0,0,0,0,0,0,0,0,0,0,0,0,0,0,0,0,0,0,0,0,0,0,0
34503,0,0,0,0,0,0,0,0,0,0,0,0,0,0,0,0,0,0,0,0,0,0,0,0,0,0,0,0
34504,0,0,0,0,0,0,0,0,0,0,0,0,0,0,0,0,0,0,0,0,0,0,0,0,0,0,0,0
34505,0,0,0,0,0,0,0,0,0,0,0,0,0,0,0,0,0,0,0,0,0,0,0,0,0,0,0,0
34506,0,0,0,0,0,0,0,0,0,0,0,0,0,0,0,0,0,0,0,0,0,0,0,0,0,0,0,0
34507,0,0,0,0,0,0,0,0,0,0,0,0,0,0,0,0,0,0,0,0,0,0,0,0,0,0,0,0
34508,0,0,0,0,0,0,0,0,0,0,0,0,0,0,0,0,0,0,0,0,0,0,0,0,0,0,0,0
34509,0,0,0,0,0,0,0,0,0,0,0,0,0,0,0,0,0,0,0,0,0,0,0,0,0,0,0,0
34510,0,0,0,0,0,0,0,0,0,0,0,0,0,0,0,0,0,0,0,0,0,0,0,0,0,0,0,0
34511,0,0,0,0,0,0,0,0,0,0,0,0,0,0,0,0,0,0,0,0,0,0,0,0,0,0,0,0
34512,0,0,0,0,0,0,0,0,0,0,0,0,0,0,0,0,0,0,0,0,0,0,0,0,0,0,0,0
34513,0,0,0,0,0,0,0,0,0,0,0,0,0,0,0,0,0,0,0,0,0,0,0,0,0,0,0,0
34514,0,0,0,0,0,0,0,0,0,0,0,0,0,0,0,0,0,0,0,0,0,0,0,0,0,0,0,0
34515,0,0,0,0,0,0,0,0,0,0,0,0,0,0,0,0,0,0,0,0,0,0,0,0,0,0,0,0
34516,0,0,0,0,0,0,0,0,0,0,0,0,0,0,0,0,0,0,0,0,0,0,0,0,0,0,0,0
34517,0,0,0,0,0,0,0,0,0,0,0,0,0,0,0,0,0,0,0,0,0,0,0,0,0,0,0,0
34518,0,0,0,0,0,0,0,0,0,0,0,0,0,0,0,0,0,0,0,0,0,0,0,0,0,0,0,0
34519,0,0,0,0,0,0,0,0,0,0,0,0,0,0,0,0,0,0,0,0,0,0,0,0,0,0,0,0
34520,0,0,0,0,0,0,0,0,0,0,0,0,0,0,0,0,0,0,0,0,0,0,0,0,0,0,0,0
34521,0,0,0,0,0,0,0,0,0,0,0,0,0,0,0,0,0,0,0,0,0,0,0,0,0,0,0,0
34522,0,0,0,0,0,0,0,0,0,0,0,0,0,0,0,0,0,0,0,0,0,0,0,0,0,0,0,0
34523,0,0,0,0,0,0,0,0,0,0,0,0,0,0,0,0,0,0,0,0,0,0,0,0,0,0,0,0
34524,0,0,0,0,0,0,0,0,0,0,0,0,0,0,0,0,0,0,0,0,0,0,0,0,0,0,0,0
34525,0,0,0,0,0,0,0,0,0,0,0,0,0,0,0,0,0,0,0,0,0,0,0,0,0,0,0,0
34526,0,0,0,0,0,0,0,0,0,0,0,0,0,0,0,0,0,0,0,0,0,0,0,0,0,0,0,0
34527,0,0,0,0,0,0,0,0,0,0,0,0,0,0,0,0,0,0,0,0,0,0,0,0,0,0,0,0
34528,0,0,0,0,0,0,0,0,0,0,0,0,0,0,0,0,0,0,0,0,0,0,0,0,0,0,0,0
34529,0,0,0,0,0,0,0,0,0,0,0,0,0,0,0,0,0,0,0,0,0,0,0,0,0,0,0,0
34530,0,0,0,0,0,0,0,0,0,0,0,0,0,0,0,0,0,0,0,0,0,0,0,0,0,0,0,0
34531,0,0,0,0,0,0,0,0,0,0,0,0,0,0,0,0,0,0,0,0,0,0,0,0,0,0,0,0
34532,0,0,0,0,0,0,0,0,0,0,0,0,0,0,0,0,0,0,0,0,0,0,0,0,0,0,0,0
34533,0,0,0,0,0,0,0,0,0,0,0,0,0,0,0,0,0,0,0,0,0,0,0,0,0,0,0,0
34600,0,0,0,0,0,0,0,0,0,0,0,0,0,0,0,0,0,0,0,0,0,0,0,0,0,0,0,0
34601,0,0,0,0,0,0,0,0,0,0,0,0,0,0,0,0,0,0,0,0,0,0,0,0,0,0,0,0
34602,0,0,0,0,0,0,0,0,0,0,0,0,0,0,0,0,0,0,0,0,0,0,0,0,0,0,0,0
34603,0,0,0,0,0,0,0,0,0,0,0,0,0,0,0,0,0,0,0,0,0,0,0,0,0,0,0,0
34604,0,0,0,0,0,0,0,0,0,0,0,0,0,0,0,0,0,0,0,0,0,0,0,0,0,0,0,0
34605,0,0,0,0,0,0,0,0,0,0,0,0,0,0,0,0,0,0,0,0,0,0,0,0,0,0,0,0
34606,0,0,0,0,0,0,0,0,0,0,0,0,0,0,0,0,0,0,0,0,0,0,0,0,0,0,0,0
34607,0,0,0,0,0,0,0,0,0,0,0,0,0,0,0,0,0,0,0,0,0,0,0,0,0,0,0,0
34608,0,0,0,0,0,0,0,0,0,0,0,0,0,0,0,0,0,0,0,0,0,0,0,0,0,0,0,0
34609,0,0,0,0,0,0,0,0,0,0,0,0,0,0,0,0,0,0,0,0,0,0,0,0,0,0,0,0
34610,0,0,0,0,0,0,0,0,0,0,0,0,0,0,0,0,0,0,0,0,0,0,0,0,0,0,0,0
34611,0,0,0,0,0,0,0,0,0,0,0,0,0,0,0,0,0,0,0,0,0,0,0,0,0,0,0,0
34612,0,0,0,0,0,0,0,0,0,0,0,0,0,0,0,0,0,0,0,0,0,0,0,0,0,0,0,0
34613,0,0,0,0,0,0,0,0,0,0,0,0,0,0,0,0,0,0,0,0,0,0,0,0,0,0,0,0
34614,0,0,0,0,0,0,0,0,0,0,0,0,0,0,0,0,0,0,0,0,0,0,0,0,0,0,0,0
34615,0,0,0,0,0,0,0,0,0,0,0,0,0,0,0,0,0,0,0,0,0,0,0,0,0,0,0,0
34616,0,0,0,0,0,0,0,0,0,0,0,0,0,0,0,0,0,0,0,0,0,0,0,0,0,0,0,0
34617,0,0,0,0,0,0,0,0,0,0,0,0,0,0,0,0,0,0,0,0,0,0,0,0,0,0,0,0
34618,0,0,0,0,0,0,0,0,0,0,0,0,0,0,0,0,0,0,0,0,0,0,0,0,0,0,0,0
34619,0,0,0,0,0,0,0,0,0,0,0,0,0,0,0,0,0,0,0,0,0,0,0,0,0,0,0,0
34620,0,0,0,0,0,0,0,0,0,0,0,0,0,0,0,0,0,0,0,0,0,0,0,0,0,0,0,0
34621,0,0,0,0,0,0,0,0,0,0,0,0,0,0,0,0,0,0,0,0,0,0,0,0,0,0,0,0
34622,0,0,0,0,0,0,0,0,0,0,0,0,0,0,0,0,0,0,0,0,0,0,0,0,0,0,0,0
34623,0,0,0,0,0,0,0,0,0,0,0,0,0,0,0,0,0,0,0,0,0,0,0,0,0,0,0,0
34624,0,0,0,0,0,0,0,0,0,0,0,0,0,0,0,0,0,0,0,0,0,0,0,0,0,0,0,0
34625,0,0,0,0,0,0,0,0,0,0,0,0,0,0,0,0,0,0,0,0,0,0,0,0,0,0,0,0
34626,0,0,0,0,0,0,0,0,0,0,0,0,0,0,0,0,0,0,0,0,0,0,0,0,0,0,0,0
34627,0,0,0,0,0,0,0,0,0,0,0,0,0,0,0,0,0,0,0,0,0,0,0,0,0,0,0,0
34628,0,0,0,0,0,0,0,0,0,0,0,0,0,0,0,0,0,0,0,0,0,0,0,0,0,0,0,0
34629,0,0,0,0,0,0,0,0,0,0,0,0,0,0,0,0,0,0,0,0,0,0,0,0,0,0,0,0
34630,0,0,0,0,0,0,0,0,0,0,0,0,0,0,0,0,0,0,0,0,0,0,0,0,0,0,0,0
34631,0,0,0,0,0,0,0,0,0,0,0,0,0,0,0,0,0,0,0,0,0,0,0,0,0,0,0,0
34632,0,0,0,0,0,0,0,0,0,0,0,0,0,0,0,0,0,0,0,0,0,0,0,0,0,0,0,0
34633,0,0,0,0,0,0,0,0,0,0,0,0,0,0,0,0,0,0,0,0,0,0,0,0,0,0,0,0
35000,269,271,273,275,277,278,280,282,283,285,287,288,290,291,293,295,296,298,299,300,302,303,304,306,307,309,310,311
35001,277,280,283,286,289,292,294,297,299,302,304,306,308,310,312,314,317,318,321,323,325,326,328,330,331,334,335,337
35002,277,280,283,286,289,292,294,297,299,302,304,306,308,310,312,314,317,318,321,323,324,326,328,330,331,334,335,337
35010,254,254,255,255,256,257,256,255,255,254,253,253,253,253,253,253,253,253,253,253,253,253,252,252,252,253,252,252
35011,247,247,247,247,247,248,248,248,249,248,248,248,248,248,248,249,249,248,249,249,249,249,249,249,249,249,249,249
35100,3,3,3,3,3,3,3,3,3,3,3,3,3,3,3,3,3,3,3,3,3,3,3,3,3,3,3,3
35110,576,576,576,576,576,576,576,576,576,576,576,576,576,576,576,576,576,576,576,576,576,576,576,576,576,576,576,576
35111,500,500,500,500,500,500,500,500,500,500,500,500,500,500,500,500,500,500,500,500,500,500,500,500,500,500,500,500
35112,500,500,500,500,500,500,500,500,500,500,500,500,500,500,500,500,500,500,500,500,500,500,500,500,500,500,500,500
36000,0,0,0,0,0,0,0,0,0,0,0,0,0,0,0,0,0,0,0,0,0,0,0,0,0,0,0,0
36001,0,0,0,0,0,0,0,0,0,0,0,0,0,0,0,0,0,0,0,0,0,0,0,0,0,0,0,0
36100,0,0,0,0,0,0,0,0,0,0,0,0,0,0,0,0,0,0,0,0,0,0,0,0,0,0,0,0
36101,0,0,0,0,0,0,0,0,0,0,0,0,0,0,0,0,0,0,0,0,0,0,0,0,0,0,0,0
36102,0,0,0,0,0,0,0,0,0,0,0,0,0,0,0,0,0,0,0,0,0,0,0,0,0,0,0,0
36103,0,0,0,0,0,0,0,0,0,0,0,0,0,0,0,0,0,0,0,0,0,0,0,0,0,0,0,0
37000,1,1,1,1,1,1,1,1,1,1,1,1,1,1,1,1,1,1,1,1,1,1,1,1,1,1,1,1
37001,0,0,0,0,0,0,0,0,0,0,0,0,0,0,0,0,0,0,0,0,0,0,0,0,0,0,0,0
37002,0,0,0,0,0,0,0,0,0,0,0,0,0,0,0,0,0,0,0,0,0,0,0,0,0,0,0,0
37003,0,0,0,0,0,0,0,0,0,0,0,0,0,0,0,0,0,0,0,0,0,0,0,0,0,0,0,0
37004,2209,2209,2209,2209,2209,2209,2208,2208,2209,2209,2209,2209,2208,2208,2208,2208,2209,2209,2209,2209,2209,2207,2208,2208,2209,2209,2209,2209
37005,44,43,43,42,41,41,40,40,40,40,40,40,40,40,40,40,40,40,40,40,40,40,40,40,40,40,40,40
37006,254,254,255,255,256,256,256,255,255,253,254,253,253,253,253,253,253,252,253,253,253,253,253,252,252,253,253,252
37007,3200,3194,3202,3196,3202,3200,3257,3267,3272,3274,3276,3276,3277,3278,3279,3279,3280,3280,3280,3280,3281,3281,3282,3282,3282,3282,3282,3283
37008,3191,3188,3195,3187,3196,3193,3255,3264,3269,3272,3273,3275,3276,3276,3277,3277,3277,3278,3278,3278,3279,3279,3279,3279,3279,3280,3280,3280
37009,0,0,0,0,0,0,0,0,0,0,0,0,0,0,0,0,0,0,0,0,0,0,0,0,0,0,0,0
37010,0,0,0,0,0,0,0,0,0,0,0,0,0,0,0,0,0,0,0,0,0,0,0,0,0,0,0,0
37011,0,0,0,0,0,0,0,0,0,0,0,0,0,0,0,0,0,0,0,0,0,0,0,0,0,0,0,0
37012,116,116,116,116,116,116,116,116,116,116,116,116,116,116,116,116,116,116,116,116,116,116,116,116,116,116,116,116
37013,0,0,0,0,0,0,0,0,0,0,0,0,0,0,0,0,0,0,0,0,0,0,0,0,0,0,0,0
37014,0,0,0,0,0,0,0,0,0,0,0,0,0,0,0,0,0,0,0,0,0,0,0,0,0,0,0,0
37015,0,0,0,0,0,0,0,0,0,0,0,0,0,0,0,0,0,0,0,0,0,0,0,0,0,0,0,0
37016,0,0,0,0,0,0,0,0,0,0,0,0,0,0,0,0,0,0,0,0,0,0,0,0,0,0,0,0
37017,0,0,0,0,0,0,0,0,0,0,0,0,0,0,0,0,0,0,0,0,0,0,0,0,0,0,0,0
37018,0,0,0,0,0,0,0,0,0,0,0,0,0,0,0,0,0,0,0,0,0,0,0,0,0,0,0,0
37019,0,0,0,0,0,0,0,0,0,0,0,0,0,0,0,0,0,0,0,0,0,0,0,0,0,0,0,0
37020,0,0,0,0,0,0,0,0,0,0,0,0,0,0,0,0,0,0,0,0,0,0,0,0,0,0,0,0
37021,0,0,0,0,0,0,0,0,0,0,0,0,0,0,0,0,0,0,0,0,0,0,0,0,0,0,0,0
37022,0,0,0,0,0,0,0,0,0,0,0,0,0,0,0,0,0,0,0,0,0,0,0,0,0,0,0,0
37023,0,0,0,0,0,0,0,0,0,0,0,0,0,0,0,0,0,0,0,0,0,0,0,0,0,0,0,0
37024,0,0,0,0,0,0,0,0,0,0,0,0,0,0,0,0,0,0,0,0,0,0,0,0,0,0,0,0
41000,0,0,0,0,0,0,0,0,0,0,0,0,0,0,0,0,0,0,0,0,0,0,0,0,0,0,0,0
41100,1,1,1,1,1,1,1,1,1,1,1,1,1,1,1,1,1,1,1,1,1,1,1,1,1,1,1,1
41200,1,1,0,0,0,0,0,0,0,0,0,0,0,0,0,0,0,0,0,0,0,0,0,0,0,0,0,0
42000,21930,21930,21930,21930,21930,21930,21930,21930,21930,21930,21930,21930,21930,21930,21930,21930,21930,21930,21930,21930,21930,21930,21930,21930,21930,21930,21930,
42010,2,2,2,2,2,2,2,2,2,2,2,2,2,2,2,2,2,2,2,2,2,2,2,2,2,2,2,
42011,0,0,0,0,0,0,0,0,0,0,0,0,0,0,0,0,0,0,0,0,0,0,0,0,0,0,0,
42020,0,0,0,0,0,0,0,0,0,0,0,0,0,0,0,0,0,0,0,0,0,0,0,0,0,0,0,
42021,2200,2200,2200,2200,2200,2200,2200,2200,2200,2200,2200,2200,2200,2200,2200,2200,2200,2200,2200,2200,2200,2200,2200,2200,2200,2200,2200,
43000,1,1,1,1,1,1,1,1,1,1,1,1,1,1,1,1,1,1,1,1,1,1,1,1,1,1,1,
43100,127,127,127,127,127,127,127,127,127,127,127,127,127,127,127,127,127,127,127,127,127,127,127,127,127,127,127,
43101,0,0,0,0,0,0,0,0,0,0,0,0,0,0,0,0,0,0,0,0,0,0,0,0,0,0,0,
43102,0,0,0,0,0,0,0,0,0,0,0,0,0,0,0,0,0,0,0,0,0,0,0,0,0,0,0,
43103,2200,2200,2200,2200,2200,2200,2200,2200,2200,2200,2200,2200,2200,2200,2200,2200,2200,2200,2200,2200,2200,2200,2200,2200,2200,2200,2200,
43104,0,0,0,0,0,0,0,0,0,0,0,0,0,0,0,0,0,0,0,0,0,0,0,0,0,0,0,
43105,0,0,0,0,0,0,0,0,0,0,0,0,0,0,0,0,0,0,0,0,0,0,0,0,0,0,0,
43106,0,0,0,0,0,0,0,0,0,0,0,0,0,0,0,0,0,0,0,0,0,0,0,0,0,0,0,
43107,0,0,0,0,0,0,0,0,0,0,0,0,0,0,0,0,0,0,0,0,0,0,0,0,0,0,0,
43108,0,0,0,0,0,0,0,0,0,0,0,0,0,0,0,0,0,0,0,0,0,0,0,0,0,0,0,
43109,0,0,0,0,0,0,0,0,0,0,0,0,0,0,0,0,0,0,0,0,0,0,0,0,0,0,0,
43110,0,0,0,0,0,0,0,0,0,0,0,0,0,0,0,0,0,0,0,0,0,0,0,0,0,0,0,
43111,0,0,0,0,0,0,0,0,0,0,0,0,0,0,0,0,0,0,0,0,0,0,0,0,0,0,0,
43112,0,0,0,0,0,0,0,0,0,0,0,0,0,0,0,0,0,0,0,0,0,0,0,0,0,0,0,
43113,0,0,0,0,0,0,0,0,0,0,0,0,0,0,0,0,0,0,0,0,0,0,0,0,0,0,0,
43114,0,0,0,0,0,0,0,0,0,0,0,0,0,0,0,0,0,0,0,0,0,0,0,0,0,0,0,
43115,0,0,0,0,0,0,0,0,0,0,0,0,0,0,0,0,0,0,0,0,0,0,0,0,0,0,0,
43116,0,0,0,0,0,0,0,0,0,0,0,0,0,0,0,0,0,0,0,0,0,0,0,0,0,0,0,
43117,0,0,0,0,0,0,0,0,0,0,0,0,0,0,0,0,0,0,0,0,0,0,0,0,0,0,0,
43118,0,0,0,0,0,0,0,0,0,0,0,0,0,0,0,0,0,0,0,0,0,0,0,0,0,0,0,
43119,0,0,0,0,0,0,0,0,0,0,0,0,0,0,0,0,0,0,0,0,0,0,0,0,0,0,0,
43120,0,0,0,0,0,0,0,0,0,0,0,0,0,0,0,0,0,0,0,0,0,0,0,0,0,0,0,
43121,0,0,0,0,0,0,0,0,0,0,0,0,0,0,0,0,0,0,0,0,0,0,0,0,0,0,0,
43122,0,0,0,0,0,0,0,0,0,0,0,0,0,0,0,0,0,0,0,0,0,0,0,0,0,0,0,
43123,0,0,0,0,0,0,0,0,0,0,0,0,0,0,0,0,0,0,0,0,0,0,0,0,0,0,0,
43124,0,0,0,0,0,0,0,0,0,0,0,0,0,0,0,0,0,0,0,0,0,0,0,0,0,0,0,
43125,0,0,0,0,0,0,0,0,0,0,0,0,0,0,0,0,0,0,0,0,0,0,0,0,0,0,0,
43126,0,0,0,0,0,0,0,0,0,0,0,0,0,0,0,0,0,0,0,0,0,0,0,0,0,0,0,
43127,0,0,0,0,0,0,0,0,0,0,0,0,0,0,0,0,0,0,0,0,0,0,0,0,0,0,0,
43128,0,0,0,0,0,0,0,0,0,0,0,0,0,0,0,0,0,0,0,0,0,0,0,0,0,0,0,
43129,0,0,0,0,0,0,0,0,0,0,0,0,0,0,0,0,0,0,0,0,0,0,0,0,0,0,0,
44002,0,0,0,0,0,0,0,0,0,0,0,0,0,0,0,0,0,0,0,0,0,0,0,0,0,0,0,
44003,0,0,0,0,0,0,0,0,0,0,0,0,0,0,0,0,0,0,0,0,0,0,0,0,0,0,0,
