timestamp,Register,raw_uint16,raw_int16,hex,name,interpreted
22:01:33,30000,527,527,0x020F,device_type,
22:01:33,30001,65522,-14,0xFFF2,battery_power,-14 W
22:01:33,30002,282,282,0x011A,?,
22:01:33,30003,288,288,0x0120,?,
22:01:33,30004,2378,2378,0x094A,?,
22:01:33,30005,6,6,0x0006,?,
22:01:33,30006,0,0,0x0000,ac_power,0 W
22:01:33,30007,0,0,0x0000,?,
22:01:33,30010,0,0,0x0000,?,
22:01:33,30020,100,100,0x0064,mppt1_voltage,10 V
22:01:33,30021,99,99,0x0063,mppt2_voltage,9.90 V
22:01:33,30022,99,99,0x0063,mppt3_voltage,9.90 V
22:01:33,30023,99,99,0x0063,mppt4_voltage,9.90 V
22:01:33,30024,0,0,0x0000,mppt1_current,0 A
22:01:33,30025,0,0,0x0000,mppt2_current,0 A
22:01:33,30026,0,0,0x0000,mppt3_current,0 A
22:01:33,30027,0,0,0x0000,mppt4_current,0 A
22:01:33,30028,533,533,0x0215,?,
22:01:33,30029,65535,-1,0xFFFF,?,
22:01:33,30030,0,0,0x0000,?,
22:01:33,30031,0,0,0x0000,?,
22:01:33,30032,0,0,0x0000,?,
22:01:33,30033,0,0,0x0000,?,
22:01:33,30034,0,0,0x0000,?,
22:01:33,30035,0,0,0x0000,?,
22:01:33,30036,219,219,0x00DB,?,
22:01:33,30037,0,0,0x0000,mppt1_power,0 W
22:01:33,30038,0,0,0x0000,mppt2_power,0 W
22:01:33,30039,0,0,0x0000,mppt3_power,0 W
22:01:33,30040,0,0,0x0000,mppt4_power,0 W
22:01:33,30100,5326,5326,0x14CE,battery_voltage,53.26 V
22:01:33,30101,0,0,0x0000,battery_current,0 A
22:01:33,30102,3330,3330,0x0D02,?,
22:01:33,30103,3328,3328,0x0D00,?,
22:01:33,30104,2600,2600,0x0A28,?,
22:01:33,30105,2580,2580,0x0A14,?,
22:01:33,30106,0,0,0x0000,?,
22:01:33,30107,324,324,0x0144,?,
22:01:33,30108,268,268,0x010C,?,
22:01:33,30109,0,0,0x0000,?,
22:01:33,30110,0,0,0x0000,?,
22:01:33,30200,150,150,0x0096,ems_version,150
22:01:33,30201,18,18,0x0012,?,
22:01:33,30202,116,116,0x0074,vms_version,116
22:01:33,30203,106,106,0x006A,?,
22:01:33,30204,118,118,0x0076,bms_version,118
22:01:33,30205,104,104,0x0068,?,
22:01:33,30210,0,0,0x0000,?,
22:01:33,30211,0,0,0x0000,?,
22:01:33,30212,5,5,0x0005,?,
22:01:33,30213,0,0,0x0000,?,
22:01:33,30214,0,0,0x0000,?,
22:01:33,30300,1,1,0x0001,wifi_status,1
22:01:33,30301,1,1,0x0001,bt_status,1
22:01:33,30302,0,0,0x0000,cloud_status,0
22:01:33,30303,54,54,0x0036,wifi_rssi,-54 dBm
22:01:33,30304,13880,13880,0x3638,?,
22:01:33,30305,12852,12852,0x3234,?,
22:01:33,30306,14649,14649,0x3939,?,
22:01:33,30307,17733,17733,0x4545,?,
22:01:33,30308,17975,17975,0x4637,?,
22:01:33,30309,13635,13635,0x3543,?,
22:01:33,30352,12852,12852,0x3234,?,
22:01:33,30400,49320,-16216,0xC0A8,device_ip_hi,192.168
22:01:33,30401,46490,-19046,0xB59A,device_ip_lo,181.154
22:01:33,30402,49320,-16216,0xC0A8,gw_ip_hi,192.168
22:01:33,30403,46337,-19199,0xB501,gw_ip_lo,181.1
22:16:40,31000,22094,22094,0x564E,?,
22:16:40,31001,21316,21316,0x5344,?,
22:16:40,31002,11568,11568,0x2D30,?,
22:16:40,31003,0,0,0x0000,?,
22:16:40,31004,0,0,0x0000,?,
22:16:40,31005,0,0,0x0000,?,
22:16:40,31006,0,0,0x0000,?,
22:16:40,31007,0,0,0x0000,?,
22:16:40,31008,0,0,0x0000,?,
22:16:40,31009,0,0,0x0000,?,
22:16:40,32100,5372,5372,0x14FC,?,
22:16:40,32101,0,0,0x0000,?,
22:16:40,32102,0,0,0x0000,?,
22:16:40,32200,2374,2374,0x0946,ac_voltage,237.40 V
22:16:40,32201,2376,2376,0x0948,?,
22:16:40,32202,0,0,0x0000,?,
22:16:40,32203,0,0,0x0000,?,
22:16:40,32204,499,499,0x01F3,ac_frequency,49.90 Hz
22:16:40,32300,5,5,0x0005,offgrid_voltage,0.50 V
22:16:40,32301,5,5,0x0005,offgrid_current,0.05 A
22:16:40,32302,0,0,0x0000,?,
22:16:40,33000,0,0,0x0000,total_chg_hi,
22:16:40,33001,85,85,0x0055,total_chg_lo,
22:16:40,33002,0,0,0x0000,total_dsg_hi,
22:16:40,33003,0,0,0x0000,total_dsg_lo,
22:16:40,33004,0,0,0x0000,daily_chg_hi,
22:16:40,33005,85,85,0x0055,daily_chg_lo,
22:16:40,33006,0,0,0x0000,daily_dsg_hi,
22:16:40,33007,0,0,0x0000,daily_dsg_lo,
22:16:40,33008,0,0,0x0000,month_chg_hi,
22:16:40,33009,85,85,0x0055,month_chg_lo,
22:16:40,33010,0,0,0x0000,month_dsg_hi,
22:16:40,33011,0,0,0x0000,month_dsg_lo,
23:40:07,34000,5329,5329,0x14D1,p1_bat_volt,53.29 V
23:40:07,34001,0,0,0x0000,p1_bat_curr,0 A
23:40:07,34002,887,887,0x0377,p1_bat_soc,88.70 %
23:40:07,34003,12,12,0x000C,p1_cycle_cnt,12
23:40:07,34004,0,0,0x0000,p1_max_cell_v,0 V
23:40:07,34005,3332,3332,0x0D04,?,
23:40:07,34006,3330,3330,0x0D02,p1_min_cell_v,3.33 V
23:40:07,34007,0,0,0x0000,p1_max_ntc,0 °C
23:40:07,34008,0,0,0x0000,p1_protect1,0x0000
23:40:07,34009,0,0,0x0000,p1_protect2,0x0000
23:40:07,34010,118,118,0x0076,p1_bms_ver,118
23:40:07,34011,313,313,0x0139,p1_ntc0,31.30 °C
23:40:07,34012,253,253,0x00FD,p1_ntc1,25.30 °C
23:40:07,34013,250,250,0x00FA,p1_ntc2,25 °C
23:40:07,34014,254,254,0x00FE,p1_ntc3,25.40 °C
23:40:07,34015,252,252,0x00FC,p1_mos_ntc,25.20 °C
23:40:07,34016,253,253,0x00FD,p1_env_ntc,25.30 °C
23:40:07,34017,0,0,0x0000,p1_avg_ntc,0 °C
23:40:07,34018,3330,3330,0x0D02,p1_cell1,3.33 V
23:40:07,34019,3331,3331,0x0D03,p1_cell2,3.33 V
23:40:07,34020,3330,3330,0x0D02,p1_cell3,3.33 V
23:40:07,34021,3332,3332,0x0D04,p1_cell4,3.33 V
23:40:07,34022,3331,3331,0x0D03,p1_cell5,3.33 V
23:40:07,34023,3331,3331,0x0D03,p1_cell6,3.33 V
23:40:07,34024,3330,3330,0x0D02,p1_cell7,3.33 V
23:40:07,34025,3331,3331,0x0D03,p1_cell8,3.33 V
23:40:07,34026,3330,3330,0x0D02,p1_cell9,3.33 V
23:40:07,34027,3331,3331,0x0D03,p1_cell10,3.33 V
23:40:07,34028,3331,3331,0x0D03,p1_cell11,3.33 V
23:40:07,34029,3331,3331,0x0D03,p1_cell12,3.33 V
23:40:07,34030,3330,3330,0x0D02,p1_cell13,3.33 V
23:40:07,34031,3332,3332,0x0D04,p1_cell14,3.33 V
23:40:07,34032,3330,3330,0x0D02,p1_cell15,3.33 V
23:40:07,34033,3330,3330,0x0D02,p1_cell16,3.33 V
23:40:07,34100,5326,5326,0x14CE,p2_bat_volt,53.26 V
23:40:07,34101,0,0,0x0000,p2_bat_curr,0 A
23:40:07,34102,897,897,0x0381,p2_bat_soc,89.70 %
23:40:07,34103,10,10,0x000A,p2_cycle_cnt,10
23:40:07,34104,0,0,0x0000,p2_max_cell_v,0 V
23:40:07,34105,3330,3330,0x0D02,?,
23:40:07,34106,3328,3328,0x0D00,p2_min_cell_v,3.33 V
23:40:07,34107,0,0,0x0000,p2_max_ntc,0 °C
23:40:07,34108,0,0,0x0000,p2_protect1,0x0000
23:40:07,34109,0,0,0x0000,p2_protect2,0x0000
23:40:07,34110,118,118,0x0076,p2_bms_ver,118
23:40:07,34111,305,305,0x0131,p2_ntc0,30.50 °C
23:40:07,34112,245,245,0x00F5,p2_ntc1,24.50 °C
23:40:07,34113,247,247,0x00F7,p2_ntc2,24.70 °C
23:40:07,34114,246,246,0x00F6,p2_ntc3,24.60 °C
23:40:07,34115,248,248,0x00F8,p2_mos_ntc,24.80 °C
23:40:07,34116,247,247,0x00F7,p2_env_ntc,24.70 °C
23:40:07,34117,0,0,0x0000,p2_avg_ntc,0 °C
23:40:07,34118,3329,3329,0x0D01,p2_cell1,3.33 V
23:40:07,34119,3328,3328,0x0D00,p2_cell2,3.33 V
23:40:07,34120,3329,3329,0x0D01,p2_cell3,3.33 V
23:40:07,34121,3329,3329,0x0D01,p2_cell4,3.33 V
23:40:07,34122,3328,3328,0x0D00,p2_cell5,3.33 V
23:40:07,34123,3330,3330,0x0D02,p2_cell6,3.33 V
23:40:07,34124,3329,3329,0x0D01,p2_cell7,3.33 V
23:40:07,34125,3330,3330,0x0D02,p2_cell8,3.33 V
23:40:07,34126,3328,3328,0x0D00,p2_cell9,3.33 V
23:40:07,34127,3330,3330,0x0D02,p2_cell10,3.33 V
23:40:07,34128,3328,3328,0x0D00,p2_cell11,3.33 V
23:40:07,34129,3330,3330,0x0D02,p2_cell12,3.33 V
23:40:07,34130,3328,3328,0x0D00,p2_cell13,3.33 V
23:40:07,34131,3329,3329,0x0D01,p2_cell14,3.33 V
23:40:07,34132,3329,3329,0x0D01,p2_cell15,3.33 V
23:40:07,34133,3328,3328,0x0D00,p2_cell16,3.33 V
23:40:07,34200,5327,5327,0x14CF,p3_bat_volt,53.27 V
23:40:07,34201,0,0,0x0000,p3_bat_curr,0 A
23:40:07,34202,897,897,0x0381,p3_bat_soc,89.70 %
23:40:07,34203,17,17,0x0011,p3_cycle_cnt,17
23:40:07,34204,0,0,0x0000,p3_max_cell_v,0 V
23:40:07,34205,3331,3331,0x0D03,?,
23:40:07,34206,3329,3329,0x0D01,p3_min_cell_v,3.33 V
23:40:07,34207,0,0,0x0000,p3_max_ntc,0 °C
23:40:07,34208,0,0,0x0000,p3_protect1,0x0000
23:40:07,34209,0,0,0x0000,p3_protect2,0x0000
23:40:07,34210,118,118,0x0076,p3_bms_ver,118
23:40:07,34211,305,305,0x0131,p3_ntc0,30.50 °C
23:40:07,34212,244,244,0x00F4,p3_ntc1,24.40 °C
23:40:07,34213,244,244,0x00F4,p3_ntc2,24.40 °C
23:40:07,34214,243,243,0x00F3,p3_ntc3,24.30 °C
23:40:07,34215,242,242,0x00F2,p3_mos_ntc,24.20 °C
23:40:07,34216,241,241,0x00F1,p3_env_ntc,24.10 °C
23:40:07,34217,0,0,0x0000,p3_avg_ntc,0 °C
23:40:07,34218,3330,3330,0x0D02,p3_cell1,3.33 V
23:40:07,34219,3330,3330,0x0D02,p3_cell2,3.33 V
23:40:07,34220,3329,3329,0x0D01,p3_cell3,3.33 V
23:40:07,34221,3330,3330,0x0D02,p3_cell4,3.33 V
23:40:07,34222,3330,3330,0x0D02,p3_cell5,3.33 V
23:40:07,34223,3331,3331,0x0D03,p3_cell6,3.33 V
23:40:07,34224,3330,3330,0x0D02,p3_cell7,3.33 V
23:40:07,34225,3331,3331,0x0D03,p3_cell8,3.33 V
23:40:07,34226,3330,3330,0x0D02,p3_cell9,3.33 V
23:40:07,34227,3331,3331,0x0D03,p3_cell10,3.33 V
23:40:07,34228,3330,3330,0x0D02,p3_cell11,3.33 V
23:40:07,34229,3330,3330,0x0D02,p3_cell12,3.33 V
23:40:07,34230,3330,3330,0x0D02,p3_cell13,3.33 V
23:40:07,34231,3330,3330,0x0D02,p3_cell14,3.33 V
23:40:07,34232,3330,3330,0x0D02,p3_cell15,3.33 V
23:40:07,34233,3330,3330,0x0D02,p3_cell16,3.33 V
23:40:07,34300,5327,5327,0x14CF,p4_bat_volt,53.27 V
23:40:07,34301,0,0,0x0000,p4_bat_curr,0 A
23:40:07,34302,895,895,0x037F,p4_bat_soc,89.50 %
23:40:07,34303,16,16,0x0010,p4_cycle_cnt,16
23:40:07,34304,0,0,0x0000,p4_max_cell_v,0 V
23:40:07,34305,3331,3331,0x0D03,?,
23:40:07,34306,3328,3328,0x0D00,p4_min_cell_v,3.33 V
23:40:07,34307,0,0,0x0000,p4_max_ntc,0 °C
23:40:07,34308,0,0,0x0000,p4_protect1,0x0000
23:40:07,34309,0,0,0x0000,p4_protect2,0x0000
23:40:07,34310,118,118,0x0076,p4_bms_ver,118
23:40:07,34311,308,308,0x0134,p4_ntc0,30.80 °C
23:40:07,34312,247,247,0x00F7,p4_ntc1,24.70 °C
23:40:07,34313,236,236,0x00EC,p4_ntc2,23.60 °C
23:40:07,34314,239,239,0x00EF,p4_ntc3,23.90 °C
23:40:07,34315,234,234,0x00EA,p4_mos_ntc,23.40 °C
23:40:07,34316,239,239,0x00EF,p4_env_ntc,23.90 °C
23:40:07,34317,0,0,0x0000,p4_avg_ntc,0 °C
23:40:07,34318,3329,3329,0x0D01,p4_cell1,3.33 V
23:40:07,34319,3330,3330,0x0D02,p4_cell2,3.33 V
23:40:07,34320,3330,3330,0x0D02,p4_cell3,3.33 V
23:40:07,34321,3330,3330,0x0D02,p4_cell4,3.33 V
23:40:07,34322,3329,3329,0x0D01,p4_cell5,3.33 V
23:40:07,34323,3331,3331,0x0D03,p4_cell6,3.33 V
23:40:07,34324,3329,3329,0x0D01,p4_cell7,3.33 V
23:40:07,34325,3331,3331,0x0D03,p4_cell8,3.33 V
23:40:07,34326,3329,3329,0x0D01,p4_cell9,3.33 V
23:40:07,34327,3330,3330,0x0D02,p4_cell10,3.33 V
23:40:07,34328,3330,3330,0x0D02,p4_cell11,3.33 V
23:40:07,34329,3330,3330,0x0D02,p4_cell12,3.33 V
23:40:07,34330,3328,3328,0x0D00,p4_cell13,3.33 V
23:40:07,34331,3331,3331,0x0D03,p4_cell14,3.33 V
23:40:07,34332,3329,3329,0x0D01,p4_cell15,3.33 V
23:40:07,34333,3328,3328,0x0D00,p4_cell16,3.33 V
23:40:07,34400,5328,5328,0x14D0,p5_bat_volt,53.28 V
23:40:07,34401,0,0,0x0000,p5_bat_curr,0 A
23:40:07,34402,947,947,0x03B3,p5_bat_soc,94.70 %
23:40:07,34403,59,59,0x003B,p5_cycle_cnt,59
23:40:07,34404,3,3,0x0003,p5_max_cell_v,0.00 V
23:40:07,34405,3331,3331,0x0D03,?,
23:40:07,34406,3329,3329,0x0D01,p5_min_cell_v,3.33 V
23:40:07,34407,0,0,0x0000,p5_max_ntc,0 °C
23:40:07,34408,0,0,0x0000,p5_protect1,0x0000
23:40:07,34409,0,0,0x0000,p5_protect2,0x0000
23:40:07,34410,118,118,0x0076,p5_bms_ver,118
23:40:07,34411,307,307,0x0133,p5_ntc0,30.70 °C
23:40:07,34412,241,241,0x00F1,p5_ntc1,24.10 °C
23:40:07,34413,231,231,0x00E7,p5_ntc2,23.10 °C
23:40:07,34414,231,231,0x00E7,p5_ntc3,23.10 °C
23:40:07,34415,230,230,0x00E6,p5_mos_ntc,23 °C
23:40:07,34416,229,229,0x00E5,p5_env_ntc,22.90 °C
23:40:07,34417,0,0,0x0000,p5_avg_ntc,0 °C
23:40:07,34418,3329,3329,0x0D01,p5_cell1,3.33 V
23:40:07,34419,3329,3329,0x0D01,p5_cell2,3.33 V
23:40:07,34420,3329,3329,0x0D01,p5_cell3,3.33 V
23:40:07,34421,3331,3331,0x0D03,p5_cell4,3.33 V
23:40:07,34422,3330,3330,0x0D02,p5_cell5,3.33 V
23:40:07,34423,3330,3330,0x0D02,p5_cell6,3.33 V
23:40:07,34424,3330,3330,0x0D02,p5_cell7,3.33 V
23:40:07,34425,3330,3330,0x0D02,p5_cell8,3.33 V
23:40:07,34426,3330,3330,0x0D02,p5_cell9,3.33 V
23:40:07,34427,3331,3331,0x0D03,p5_cell10,3.33 V
23:40:07,34428,3330,3330,0x0D02,p5_cell11,3.33 V
23:40:07,34429,3330,3330,0x0D02,p5_cell12,3.33 V
23:40:07,34430,3330,3330,0x0D02,p5_cell13,3.33 V
23:40:07,34431,3331,3331,0x0D03,p5_cell14,3.33 V
23:40:07,34432,3329,3329,0x0D01,p5_cell15,3.33 V
23:40:07,34433,3329,3329,0x0D01,p5_cell16,3.33 V
23:40:07,34500,5368,5368,0x14F8,p6_bat_volt,53.68 V
23:40:07,34501,0,0,0x0000,p6_bat_curr,0 A
23:40:07,34502,996,996,0x03E4,p6_bat_soc,99.60 %
23:40:07,34503,54,54,0x0036,p6_cycle_cnt,54
23:40:07,34504,0,0,0x0000,p6_max_cell_v,0 V
23:40:07,34505,3388,3388,0x0D3C,?,
23:40:07,34506,3335,3335,0x0D07,p6_min_cell_v,3.33 V
23:40:07,34507,0,0,0x0000,p6_max_ntc,0 °C
23:40:07,34508,0,0,0x0000,p6_protect1,0x0000
23:40:07,34509,0,0,0x0000,p6_protect2,0x0000
23:40:07,34510,118,118,0x0076,p6_bms_ver,118
23:40:07,34511,292,292,0x0124,p6_ntc0,29.20 °C
23:40:07,34512,230,230,0x00E6,p6_ntc1,23 °C
23:40:07,34513,226,226,0x00E2,p6_ntc2,22.60 °C
23:40:07,34514,227,227,0x00E3,p6_ntc3,22.70 °C
23:40:07,34515,224,224,0x00E0,p6_mos_ntc,22.40 °C
23:40:07,34516,227,227,0x00E3,p6_env_ntc,22.70 °C
23:40:07,34517,0,0,0x0000,p6_avg_ntc,0 °C
23:40:07,34518,3351,3351,0x0D17,p6_cell1,3.35 V
23:40:07,34519,3374,3374,0x0D2E,p6_cell2,3.37 V
23:40:07,34520,3351,3351,0x0D17,p6_cell3,3.35 V
23:40:07,34521,3356,3356,0x0D1C,p6_cell4,3.36 V
23:40:07,34522,3335,3335,0x0D07,p6_cell5,3.33 V
23:40:07,34523,3336,3336,0x0D08,p6_cell6,3.34 V
23:40:07,34524,3347,3347,0x0D13,p6_cell7,3.35 V
23:40:07,34525,3353,3353,0x0D19,p6_cell8,3.35 V
23:40:07,34526,3361,3361,0x0D21,p6_cell9,3.36 V
23:40:07,34527,3366,3366,0x0D26,p6_cell10,3.37 V
23:40:07,34528,3345,3345,0x0D11,p6_cell11,3.35 V
23:40:07,34529,3371,3371,0x0D2B,p6_cell12,3.37 V
23:40:07,34530,3371,3371,0x0D2B,p6_cell13,3.37 V
23:40:07,34531,3336,3336,0x0D08,p6_cell14,3.34 V
23:40:07,34532,3344,3344,0x0D10,p6_cell15,3.34 V
23:40:07,34533,3389,3389,0x0D3D,p6_cell16,3.39 V
23:40:07,34600,0,0,0x0000,p7_bat_volt,0 V
23:40:07,34601,0,0,0x0000,p7_bat_curr,0 A
23:40:07,34602,0,0,0x0000,p7_bat_soc,0 %
23:40:07,34603,0,0,0x0000,p7_cycle_cnt,0
23:40:07,34604,0,0,0x0000,p7_max_cell_v,0 V
23:40:07,34605,0,0,0x0000,?,
23:40:07,34606,0,0,0x0000,p7_min_cell_v,0 V
23:40:07,34607,0,0,0x0000,p7_max_ntc,0 °C
23:40:07,34608,0,0,0x0000,p7_protect1,0x0000
23:40:07,34609,0,0,0x0000,p7_protect2,0x0000
23:40:07,34610,0,0,0x0000,p7_bms_ver,0
23:40:07,34611,0,0,0x0000,p7_ntc0,0 °C
23:40:07,34612,0,0,0x0000,p7_ntc1,0 °C
23:40:07,34613,0,0,0x0000,p7_ntc2,0 °C
23:40:07,34614,0,0,0x0000,p7_ntc3,0 °C
23:40:07,34615,0,0,0x0000,p7_mos_ntc,0 °C
23:40:07,34616,0,0,0x0000,p7_env_ntc,0 °C
23:40:07,34617,0,0,0x0000,p7_avg_ntc,0 °C
23:40:07,34618,0,0,0x0000,p7_cell1,0 V
23:40:07,34619,0,0,0x0000,p7_cell2,0 V
23:40:07,34620,0,0,0x0000,p7_cell3,0 V
23:40:07,34621,0,0,0x0000,p7_cell4,0 V
23:40:07,34622,0,0,0x0000,p7_cell5,0 V
23:40:07,34623,0,0,0x0000,p7_cell6,0 V
23:40:07,34624,0,0,0x0000,p7_cell7,0 V
23:40:07,34625,0,0,0x0000,p7_cell8,0 V
23:40:07,34626,0,0,0x0000,p7_cell9,0 V
23:40:07,34627,0,0,0x0000,p7_cell10,0 V
23:40:07,34628,0,0,0x0000,p7_cell11,0 V
23:40:07,34629,0,0,0x0000,p7_cell12,0 V
23:40:07,34630,0,0,0x0000,p7_cell13,0 V
23:40:07,34631,0,0,0x0000,p7_cell14,0 V
23:40:07,34632,0,0,0x0000,p7_cell15,0 V
23:40:07,34633,0,0,0x0000,p7_cell16,0 V
23:40:07,35000,246,246,0x00F6,env_temp,24.60 °C
23:40:07,35001,248,248,0x00F8,radiator_temp1,24.80 °C
23:40:07,35002,248,248,0x00F8,radiator_temp2,24.80 °C
23:40:07,35010,253,253,0x00FD,max_cell_temp,25.30 °C
23:40:07,35011,249,249,0x00F9,?,
23:40:07,35100,1,1,0x0001,inverter_state,1
23:40:07,35110,576,576,0x0240,?,
23:40:07,35111,250,250,0x00FA,?,
23:40:07,35112,500,500,0x01F4,?,
23:40:07,36000,0,0,0x0000,alarm_hi,0x0000
23:40:07,36001,0,0,0x0000,alarm_lo,0x0000
23:40:07,36100,0,0,0x0000,fault_0,0x0000
23:40:07,36101,0,0,0x0000,fault_1,0x0000
23:40:07,36102,0,0,0x0000,fault_2,0x0000
23:40:07,36103,2390,2390,0x0956,fault_3,0x0956
23:40:07,37000,1,1,0x0001,?,
23:40:07,37001,0,0,0x0000,?,
23:40:07,37002,0,0,0x0000,?,
23:40:07,37003,0,0,0x0000,?,
23:40:07,37004,0,0,0x0000,ac_current,0 A
23:40:07,37005,88,88,0x0058,?,
23:40:07,37006,250,250,0x00FA,?,
23:40:07,37009,3332,3332,0x0D04,?,
23:40:07,37010,3330,3330,0x0D02,?,
23:40:07,37011,0,0,0x0000,?,
23:40:07,37012,0,0,0x0000,?,
23:40:07,38000,0,0,0x0000,?,
23:40:07,38001,0,0,0x0000,?,
23:40:07,38002,0,0,0x0000,?,
23:40:07,38003,0,0,0x0000,?,
23:40:07,38004,0,0,0x0000,?,
23:40:07,38005,0,0,0x0000,?,
23:40:07,38006,0,0,0x0000,?,
23:40:07,38007,0,0,0x0000,?,
23:40:07,38008,0,0,0x0000,?,
23:40:07,38009,0,0,0x0000,?,
23:40:07,38010,0,0,0x0000,?,
23:40:07,38011,0,0,0x0000,?,
23:40:07,38012,0,0,0x0000,?,
23:40:07,38013,0,0,0x0000,?,
23:40:07,38014,0,0,0x0000,?,
23:40:07,41000,0,0,0x0000,?,
23:40:07,41100,1,1,0x0001,?,
23:40:07,41200,1,1,0x0001,?,
23:40:07,41500,,,,?,
23:40:07,41501,,,,?,
23:40:07,41502,,,,?,
23:40:07,41503,,,,?,
23:40:07,41504,,,,?,
23:40:07,41505,,,,?,
23:40:07,41506,,,,?,
23:40:07,41507,,,,?,
23:40:07,41508,,,,?,
23:40:07,41509,,,,?,
23:40:07,41510,,,,?,
23:40:07,41511,,,,?,
23:40:07,41512,,,,?,
23:40:07,41513,,,,?,
23:40:07,41514,,,,?,
23:40:07,41515,,,,?,
23:40:07,41600,0,0,0x0000,?,
23:40:07,41601,0,0,0x0000,?,
23:40:07,41602,0,0,0x0000,?,
23:40:07,41603,0,0,0x0000,?,
23:40:07,41604,0,0,0x0000,?,
23:40:07,41605,0,0,0x0000,?,
23:40:07,41606,0,0,0x0000,?,
23:40:07,41607,0,0,0x0000,?,
23:40:07,41608,0,0,0x0000,?,
23:40:07,41609,0,0,0x0000,?,
23:40:07,41610,0,0,0x0000,?,
23:40:07,41611,0,0,0x0000,?,
23:40:07,41612,0,0,0x0000,?,
23:40:07,41613,0,0,0x0000,?,
23:40:07,41614,0,0,0x0000,?,
23:40:07,41615,0,0,0x0000,?,
23:40:07,41616,0,0,0x0000,?,
23:40:07,41617,0,0,0x0000,?,
23:40:07,41618,0,0,0x0000,?,
23:40:07,41619,0,0,0x0000,?,
23:40:07,41620,0,0,0x0000,?,
23:40:07,41621,0,0,0x0000,?,
23:40:07,41622,0,0,0x0000,?,
23:40:07,41623,0,0,0x0000,?,
23:40:07,41624,0,0,0x0000,?,
23:40:07,41625,0,0,0x0000,?,
23:40:07,41626,0,0,0x0000,?,
23:40:07,41627,0,0,0x0000,?,
23:40:07,41628,0,0,0x0000,?,
23:40:07,41629,0,0,0x0000,?,
23:40:07,41630,0,0,0x0000,?,
23:40:07,41631,0,0,0x0000,?,
23:40:07,42000,21947,21947,0x55BB,rs485_unlock,0x55BB
23:40:07,42010,0,0,0x0000,force_mode,0
23:40:07,42011,0,0,0x0000,charge_to_soc,0 %
23:40:07,42020,0,0,0x0000,set_chg_power,0 W
23:40:07,42021,0,0,0x0000,set_dsg_power,0 W
23:40:07,43000,0,0,0x0000,work_mode,0
23:40:07,43100,127,127,0x007F,sched1_days,0x007F
23:40:07,43101,0,0,0x0000,sched1_start,00:00
23:40:07,43102,2359,2359,0x0937,sched1_end,23:59
23:40:07,43103,2500,2500,0x09C4,sched1_mode,2500 W
23:40:07,43104,0,0,0x0000,sched1_en,0
23:40:07,43105,0,0,0x0000,sched2_days,0x0000
23:40:07,43106,0,0,0x0000,sched2_start,00:00
23:40:07,43107,0,0,0x0000,sched2_end,00:00
23:40:07,43108,0,0,0x0000,sched2_mode,0 W
23:40:07,43109,0,0,0x0000,sched2_en,0
23:40:07,43110,0,0,0x0000,sched3_days,0x0000
23:40:07,43111,0,0,0x0000,sched3_start,00:00
23:40:07,43112,0,0,0x0000,sched3_end,00:00
23:40:07,43113,0,0,0x0000,sched3_mode,0 W
23:40:07,43114,0,0,0x0000,sched3_en,0
23:40:07,43115,0,0,0x0000,sched4_days,0x0000
23:40:07,43116,0,0,0x0000,sched4_start,00:00
23:40:07,43117,0,0,0x0000,sched4_end,00:00
23:40:07,43118,0,0,0x0000,sched4_mode,0 W
23:40:07,43119,0,0,0x0000,sched4_en,0
23:40:07,43120,0,0,0x0000,sched5_days,0x0000
23:40:07,43121,0,0,0x0000,sched5_start,00:00
23:40:07,43122,0,0,0x0000,sched5_end,00:00
23:40:07,43123,0,0,0x0000,sched5_mode,0 W
23:40:07,43124,0,0,0x0000,sched5_en,0
23:40:07,43125,0,0,0x0000,sched6_days,0x0000
23:40:07,43126,0,0,0x0000,sched6_start,00:00
23:40:07,43127,0,0,0x0000,sched6_end,00:00
23:40:07,43128,0,0,0x0000,sched6_mode,0 W
23:40:07,43129,0,0,0x0000,sched6_en,0
23:40:07,44002,0,0,0x0000,max_chg_pwr,0 W
23:40:07,44003,0,0,0x0000,max_dsg_pwr,0 W
23:40:07,45603,2448,2448,0x0990,?,
23:40:07,45604,9095,9095,0x2387,?,
23:40:07,45605,74,74,0x004A,?,
23:40:07,46543,0,0,0x0000,?,
23:40:07,46544,0,0,0x0000,?,
23:40:07,47400,43707,-21829,0xAABB,?,
