Register,22:36:22,22:36:44,22:37:05,22:37:27,22:37:48,22:38:10,22:38:31,22:38:52,22:39:14,22:39:35,22:39:57,22:40:18,22:40:40,22:41:01,22:41:23,22:41:44,22:42:06,22:42:27,22:42:49,22:43:10,22:43:32,22:43:53,22:44:15
30000,520,520,520,519,518,517,516,518,517,515,515,515,515,514,515,514,514,512,516,516,512,511,512
30001,64370,64267,64187,64160,64163,64059,64059,63953,63952,63848,63847,63740,63740,63634,63634,63526,63528,63421,63420,63312,63314,63205,63205
30002,264,265,266,267,267,268,269,270,271,272,273,274,275,276,277,279,280,281,282,283,285,286,288
30003,268,269,270,271,272,273,274,275,277,278,279,281,282,284,285,287,289,291,293,295,297,299,302
30004,2444,2448,2446,2447,2448,2445,2447,2445,2449,2447,2449,2449,2450,2451,2451,2451,2452,2452,2456,2452,2447,2452,2449
30005,8,10,11,9,10,10,7,10,9,10,9,10,8,9,11,8,9,10,8,11,8,12,9
30006,1104,1204,1232,1305,1305,1405,1405,1506,1506,1606,1607,1706,1707,1807,1807,1907,1907,2008,2008,2108,2108,2208,2209
30007,0,0,0,0,0,0,0,0,0,0,0,0,0,0,0,0,0,0,0,0,0,0,0
30010,0,0,0,0,0,0,0,0,0,0,0,0,0,0,0,0,0,0,0,0,0,0,0
30020,99,99,99,99,99,99,99,99,99,99,99,99,99,99,99,99,99,99,99,99,99,99,99
30021,99,99,99,99,99,99,99,99,99,99,99,99,99,99,99,99,99,99,99,99,99,99,99
30022,99,99,99,99,99,99,99,99,99,99,99,99,99,99,99,99,99,99,99,99,99,99,99
30023,99,99,99,99,99,99,99,99,99,99,99,99,99,99,99,99,99,99,99,99,99,99,99
30024,0,0,0,0,0,0,0,0,0,0,0,0,0,0,0,0,0,0,0,0,0,0,0
30025,0,0,0,0,0,0,0,0,0,0,0,0,0,0,0,0,0,0,0,0,0,0,0
30026,0,0,0,0,0,0,0,0,0,0,0,0,0,0,0,0,0,0,0,0,0,0,0
30027,0,0,0,0,0,0,0,0,0,0,0,0,0,0,0,0,0,0,0,0,0,0,0
30028,523,523,522,522,521,521,521,520,520,519,519,519,518,518,517,517,517,516,525,518,516,515,515
30029,65527,65526,65525,65525,65524,65524,65524,65524,65523,65523,65522,65522,65522,65521,65521,65520,65520,65520,65519,65519,65519,65518,65518
30030,0,0,0,0,0,0,0,0,0,0,0,0,0,0,0,0,0,0,0,0,0,0,0
30031,0,0,0,0,0,0,0,0,0,0,0,0,0,0,0,0,0,0,0,0,0,0,0
30032,0,0,0,0,0,0,0,0,0,0,0,0,0,0,0,0,0,0,0,0,0,0,0
30033,0,0,0,0,0,0,0,0,0,0,0,0,0,0,0,0,0,0,0,0,0,0,0
30034,0,0,0,0,0,0,0,0,0,0,0,0,0,0,0,0,0,0,0,0,0,0,0
30035,0,0,0,0,0,0,0,0,0,0,0,0,0,0,0,0,0,0,0,0,0,0,0
30036,219,219,219,219,219,219,219,219,219,219,219,219,219,219,219,219,219,219,219,219,219,219,219
30037,0,0,0,0,0,0,0,0,0,0,0,0,0,0,0,0,0,0,0,0,0,0,0
30038,0,0,0,0,0,0,0,0,0,0,0,0,0,0,0,0,0,0,0,0,0,0,0
30039,0,0,0,0,0,0,0,0,0,0,0,0,0,0,0,0,0,0,0,0,0,0,0
30040,0,0,0,0,0,0,0,0,0,0,0,0,0,0,0,0,0,0,0,0,0,0,0
30100,5313,5313,5313,5314,5314,5314,5314,5315,5315,5315,5315,5316,5316,5316,5316,5316,5317,5317,5317,5317,5317,5318,5318
30101,0,0,0,0,0,0,0,0,0,0,0,0,0,0,0,0,0,0,0,0,0,0,0
30102,3322,3323,3322,3323,3322,3323,3323,3323,3323,3323,3323,3324,3323,3324,3324,3324,3324,3324,3325,3325,3325,3325,3325
30103,3320,3320,3320,3320,3320,3320,3320,3321,3321,3321,3321,3321,3322,3322,3322,3321,3322,3322,3322,3322,3323,3322,3323
30104,2470,2470,2470,2470,2470,2470,2470,2470,2470,2470,2470,2470,2470,2470,2470,2470,2470,2470,2470,2470,2470,2470,2460
30105,2420,2420,2420,2420,2430,2420,2430,2420,2420,2420,2430,2420,2420,2420,2430,2430,2420,2430,2420,2430,2430,2440,2430
30106,0,0,0,0,0,0,0,0,0,0,0,0,0,0,0,0,0,0,0,0,0,0,0
30107,307,309,309,310,308,309,310,310,311,310,310,310,309,310,311,311,311,311,312,312,312,312,313
30108,254,253,254,254,254,254,254,254,255,254,255,255,255,256,256,256,257,258,258,259,259,260,261
30109,0,0,0,0,0,0,0,0,0,0,0,0,0,0,0,0,0,0,0,0,0,0,0
30110,0,0,0,0,0,0,0,0,0,0,0,0,0,0,0,0,0,0,0,0,0,0,0
30200,147,147,147,147,147,147,147,147,147,147,147,147,147,147,147,147,147,147,147,147,147,147,147
30201,18,18,18,18,18,18,18,18,18,18,18,18,18,18,18,18,18,18,18,18,18,18,18
30202,115,115,115,115,115,115,115,115,115,115,115,115,115,115,115,115,115,115,115,115,115,115,115
30203,106,106,106,106,106,106,106,106,106,106,106,106,106,106,106,106,106,106,106,106,106,106,106
30204,116,116,116,116,116,116,116,116,116,116,116,116,116,116,116,116,116,116,116,116,116,116,116
30205,104,104,104,104,104,104,104,104,104,104,104,104,104,104,104,104,104,104,104,104,104,104,104
30210,0,0,0,0,0,0,0,0,0,0,0,0,0,0,0,0,0,0,0,0,0,0,0
30211,0,0,0,0,0,0,0,0,0,0,0,0,0,0,0,0,0,0,0,0,0,0,0
30212,5,5,5,5,5,5,5,5,5,5,5,5,5,5,5,5,5,5,5,5,5,5,5
30213,0,0,0,0,0,0,0,0,0,0,0,0,0,0,0,0,0,0,0,0,0,0,0
30214,0,0,0,0,0,0,0,0,0,0,0,0,0,0,0,0,0,0,0,0,0,0,0
30300,1,1,1,1,1,1,1,1,1,1,1,1,1,1,1,1,1,1,1,1,1,1,1
30301,1,1,1,1,1,1,1,1,1,1,1,1,1,1,1,1,1,1,1,1,1,1,1
30302,0,0,0,0,0,0,0,0,0,0,0,0,0,0,0,0,0,0,0,0,0,0,0
30303,56,56,56,56,56,56,55,55,55,56,56,56,56,56,56,56,56,56,56,56,56,56,56
30304,13880,13880,13880,13880,13880,13880,13880,13880,13880,13880,13880,13880,13880,13880,13880,13880,13880,13880,13880,13880,13880,13880,13880
30305,12852,12852,12852,12852,12852,12852,12852,12852,12852,12852,12852,12852,12852,12852,12852,12852,12852,12852,12852,12852,12852,12852,12852
30306,14649,14649,14649,14649,14649,14649,14649,14649,14649,14649,14649,14649,14649,14649,14649,14649,14649,14649,14649,14649,14649,14649,14649
30307,17733,17733,17733,17733,17733,17733,17733,17733,17733,17733,17733,17733,17733,17733,17733,17733,17733,17733,17733,17733,17733,17733,17733
30308,17975,17975,17975,17975,17975,17975,17975,17975,17975,17975,17975,17975,17975,17975,17975,17975,17975,17975,17975,17975,17975,17975,17975
30309,13635,13635,13635,13635,13635,13635,13635,13635,13635,13635,13635,13635,13635,13635,13635,13635,13635,13635,13635,13635,13635,13635,13635
30350,12848,12848,12848,12848,12848,12848,12848,12848,12848,12848,12848,12848,12848,12848,12848,12848,12848,12848,12848,12848,12848,12848,12848
30351,12852,12852,12852,12852,12852,12852,12852,12852,12852,12852,12852,12852,12852,12852,12852,12852,12852,12852,12852,12852,12852,12852,12852
30352,12345,12345,12345,12345,12345,12345,12345,12345,12345,12345,12345,12345,12345,12345,12345,12345,12345,12345,12345,12345,12345,12345,12345
30353,12345,12345,12345,12345,12345,12345,12345,12345,12345,12345,12345,12345,12345,12345,12345,12345,12345,12345,12345,12345,12345,12345,12345
30354,12337,12337,12337,12337,12337,12337,12337,12337,12337,12337,12337,12337,12337,12337,12337,12337,12337,12337,12337,12337,12337,12337,12337
30355,13625,13625,13625,13625,13625,13625,13625,13625,13625,13625,13625,13625,13625,13625,13625,13625,13625,13625,13625,13625,13625,13625,13625
30400,49320,49320,49320,49320,49320,49320,49320,49320,49320,49320,49320,49320,49320,49320,49320,49320,49320,49320,49320,49320,49320,49320,49320
30401,46490,46490,46490,46490,46490,46490,46490,46490,46490,46490,46490,46490,46490,46490,46490,46490,46490,46490,46490,46490,46490,46490,46490
30402,49320,49320,49320,49320,49320,49320,49320,49320,49320,49320,49320,49320,49320,49320,49320,49320,49320,49320,49320,49320,49320,49320,49320
30403,46337,46337,46337,46337,46337,46337,46337,46337,46337,46337,46337,46337,46337,46337,46337,46337,46337,46337,46337,46337,46337,46337,46337
31000,22094,22094,22094,22094,22094,22094,22094,22094,22094,22094,22094,22094,22094,22094,22094,22094,22094,22094,22094,22094,22094,22094,22094
31001,21316,21316,21316,21316,21316,21316,21316,21316,21316,21316,21316,21316,21316,21316,21316,21316,21316,21316,21316,21316,21316,21316,21316
31002,11568,11568,11568,11568,11568,11568,11568,11568,11568,11568,11568,11568,11568,11568,11568,11568,11568,11568,11568,11568,11568,11568,11568
31003,5,5,5,5,5,5,5,5,5,5,5,5,5,5,5,5,5,5,5,5,5,5,5
31004,1543,1543,1543,1543,1543,1543,1543,1543,1543,1543,1543,1543,1543,1543,1543,1543,1543,1543,1543,1543,1543,1543,1543
31005,0,0,0,0,0,0,0,0,0,0,0,0,0,0,0,0,0,0,0,0,0,0,0
31006,0,0,0,0,0,0,0,0,0,0,0,0,0,0,0,0,0,0,0,0,0,0,0
31007,0,0,0,0,0,0,0,0,0,0,0,0,0,0,0,0,0,0,0,0,0,0,0
31008,0,0,0,0,0,0,0,0,0,0,0,0,0,0,0,0,0,0,0,0,0,0,0
31009,0,0,0,0,0,0,0,0,0,0,0,0,0,0,0,0,0,0,0,0,0,0,0
32105,10240,10240,10240,10240,10240,10240,10240,10240,10240,10240,10240,10240,10240,10240,10240,10240,10240,10240,10240,10240,10240,10240,10240
32200,2445,2445,2449,2447,2449,2447,2449,2447,2447,2448,2453,2449,2450,2451,2453,2451,2454,2453,2450,2447,2451,2449,2450
32204,499,499,499,500,499,500,500,500,500,499,500,499,500,500,500,500,499,500,500,500,500,500,499
32300,8,9,9,9,11,9,9,9,11,11,9,9,7,11,11,10,8,10,8,8,8,9,12
32301,8,9,9,9,11,9,9,9,11,11,9,9,7,11,11,10,8,10,8,8,8,9,12
32302,0,0,0,0,0,0,0,0,0,0,0,0,0,0,0,0,0,0,0,0,0,0,0
33000,0,0,0,0,0,0,0,0,0,0,0,0,0,0,0,0,0,0,0,0,0,0,0
33001,30296,30296,30296,30296,30296,30296,30296,30296,30296,30296,30296,30296,30296,30296,30296,30296,30296,30296,30296,30296,30296,30296,30296
33002,0,0,0,0,0,0,0,0,0,0,0,0,0,0,0,0,0,0,0,0,0,0,0
33003,24405,24406,24407,24407,24408,24409,24410,24411,24412,24413,24414,24415,24416,24417,24418,24419,24420,24421,24422,24424,24425,24426,24428
33004,0,0,0,0,0,0,0,0,0,0,0,0,0,0,0,0,0,0,0,0,0,0,0
33005,702,702,702,702,702,702,702,702,702,702,702,702,702,702,702,702,702,702,702,702,702,702,702
33006,0,0,0,0,0,0,0,0,0,0,0,0,0,0,0,0,0,0,0,0,0,0,0
33007,429,430,430,431,432,433,434,435,436,437,437,438,439,441,442,443,444,445,446,448,449,450,451
33008,0,0,0,0,0,0,0,0,0,0,0,0,0,0,0,0,0,0,0,0,0,0,0
33009,1715,1715,1715,1715,1715,1715,1715,1715,1715,1715,1715,1715,1715,1715,1715,1715,1715,1715,1715,1715,1715,1715,1715
33010,0,0,0,0,0,0,0,0,0,0,0,0,0,0,0,0,0,0,0,0,0,0,0
33011,1260,1260,1261,1262,1263,1263,1264,1265,1266,1267,1268,1269,1270,1271,1272,1273,1275,1276,1277,1278,1279,1281,1282
34000,5313,5313,5313,5314,5314,5314,5314,5315,5315,5315,5315,5316,5316,5316,5317,5317,5317,5317,5317,5317,5317,5318,5318
34001,0,0,0,0,0,0,0,0,0,0,0,0,0,0,0,0,0,0,0,0,0,0,0
34002,908,908,908,908,908,908,908,908,908,908,908,908,908,908,908,908,908,908,908,908,908,908,908
34003,7,7,7,7,7,7,7,7,7,7,7,7,7,7,7,7,7,7,7,7,7,7,7
34004,0,0,0,0,0,0,0,0,0,0,0,0,0,0,0,0,0,0,0,0,0,0,0
34005,3322,3322,3322,3323,3323,3323,3323,3323,3324,3323,3323,3324,3324,3324,3324,3324,3324,3325,3325,3325,3324,3325,3325
34006,3320,3320,3320,3320,3320,3320,3321,3320,3321,3321,3321,3321,3321,3322,3322,3322,3322,3322,3322,3323,3323,3322,3323
34007,0,0,0,0,0,0,0,0,0,0,0,0,0,0,0,0,0,0,0,0,0,0,0
34008,0,0,0,0,0,0,0,0,0,0,0,0,0,0,0,0,0,0,0,0,0,0,0
34009,0,0,0,0,0,0,0,0,0,0,0,0,0,0,0,0,0,0,0,0,0,0,0
34010,116,116,116,116,116,116,116,116,116,116,116,116,116,116,116,116,116,116,116,116,116,116,116
34011,308,308,310,310,310,308,310,309,309,311,309,309,310,309,311,309,311,311,311,312,313,312,314
34012,254,254,254,254,254,255,254,254,254,254,255,255,255,256,256,257,258,258,259,259,260,260,260
34013,247,247,247,247,247,247,247,247,247,247,247,247,247,247,247,247,247,247,247,247,247,247,247
34014,244,244,244,244,244,245,244,245,245,245,245,245,245,245,245,245,245,245,245,245,245,245,245
34015,244,244,244,244,244,244,244,244,244,244,244,244,244,245,244,244,244,244,244,244,244,244,244
34016,242,242,242,242,242,242,242,242,242,242,243,243,243,243,243,243,243,243,243,243,243,243,243
34017,0,0,0,0,0,0,0,0,0,0,0,0,0,0,0,0,0,0,0,0,0,0,0
34018,3320,3320,3321,3322,3322,3322,3322,3322,3321,3322,3322,3322,3323,3323,3323,3323,3323,3323,3323,3323,3323,3323,3323
34019,3320,3321,3321,3321,3321,3320,3321,3321,3322,3322,3322,3322,3322,3323,3322,3323,3323,3323,3323,3324,3323,3323,3324
34020,3320,3320,3321,3321,3321,3321,3321,3321,3322,3321,3322,3323,3322,3323,3323,3324,3323,3323,3323,3324,3323,3324,3323
34021,3321,3322,3322,3322,3322,3322,3323,3323,3322,3323,3323,3323,3323,3323,3324,3324,3324,3324,3324,3324,3324,3325,3324
34022,3320,3320,3322,3320,3321,3320,3322,3322,3322,3321,3321,3322,3322,3323,3322,3323,3323,3323,3323,3323,3323,3324,3324
34023,3321,3321,3321,3321,3322,3322,3322,3323,3323,3322,3323,3323,3323,3323,3324,3324,3324,3323,3324,3324,3324,3325,3324
34024,3321,3320,3321,3321,3321,3322,3321,3321,3322,3322,3323,3323,3323,3322,3324,3323,3323,3323,3323,3324,3324,3324,3323
34025,3322,3322,3321,3321,3322,3323,3322,3323,3323,3323,3323,3323,3324,3324,3324,3323,3323,3324,3325,3325,3324,3324,3324
34026,3320,3321,3321,3321,3320,3321,3321,3322,3322,3322,3322,3323,3322,3322,3323,3323,3323,3323,3324,3324,3323,3323,3324
34027,3321,3321,3322,3323,3322,3322,3322,3322,3323,3322,3323,3324,3323,3324,3324,3323,3323,3324,3324,3324,3324,3324,3325
34028,3320,3320,3321,3321,3321,3321,3321,3322,3321,3322,3322,3322,3322,3322,3323,3323,3323,3322,3323,3323,3323,3323,3324
34029,3322,3322,3321,3321,3322,3322,3323,3323,3323,3323,3323,3323,3323,3323,3324,3324,3324,3324,3323,3324,3324,3324,3325
34030,3321,3320,3320,3321,3321,3320,3321,3322,3322,3321,3322,3322,3321,3322,3322,3322,3322,3323,3323,3323,3323,3324,3323
34031,3322,3321,3322,3322,3323,3322,3322,3322,3324,3323,3323,3324,3324,3324,3324,3323,3324,3325,3325,3324,3324,3325,3324
34032,3320,3320,3320,3321,3321,3321,3321,3321,3321,3322,3322,3321,3323,3322,3322,3322,3322,3323,3323,3323,3323,3322,3323
34033,3320,3320,3320,3321,3320,3321,3321,3320,3322,3321,3322,3322,3322,3321,3322,3323,3323,3322,3322,3323,3323,3323,3323
34100,5236,5234,5228,5229,5224,5217,5212,5211,5216,5208,5208,5205,5195,5194,5194,5198,5186,5178,5265,5284,5293,5297,5300
34101,65316,65296,65275,65275,65255,65254,65234,65234,65213,65212,65191,65191,65170,65170,65149,65149,65127,65127,0,0,0,0,0
34102,924,918,912,906,900,893,886,879,872,864,856,848,841,835,829,823,817,810,807,807,807,807,807
34103,6,6,6,6,6,6,6,6,6,6,6,6,6,6,6,6,6,6,6,6,6,6,6
34104,3,3,3,3,3,3,3,3,3,3,3,3,3,3,3,3,3,3,0,0,0,0,0
34105,3275,3274,3271,3270,3269,3264,3262,3260,3263,3258,3258,3256,3251,3249,3249,3252,3244,3240,3292,3304,3309,3312,3314
34106,3267,3269,3263,3266,3259,3255,3252,3254,3254,3252,3253,3251,3245,3243,3243,3244,3237,3234,3290,3302,3307,3310,3312
34107,0,0,0,0,0,0,0,0,0,0,0,0,0,0,0,0,0,0,0,0,0,0,0
34108,0,0,0,0,0,0,0,0,0,0,0,0,0,0,0,0,0,0,0,0,0,0,0
34109,0,0,0,0,0,0,0,0,0,0,0,0,0,0,0,0,0,0,0,0,0,0,0
34110,116,116,116,116,116,116,116,116,116,116,116,116,116,116,116,116,116,116,116,116,116,116,116
34111,310,312,312,312,312,311,313,314,314,315,315,315,317,317,317,318,318,318,321,321,322,323,323
34112,273,275,277,281,283,286,289,293,296,300,304,309,312,318,322,328,333,338,349,334,326,322,320
34113,239,239,239,240,240,240,240,240,241,241,241,242,242,243,243,243,244,244,245,245,245,245,245
34114,244,244,245,245,245,245,246,246,246,247,247,248,248,249,249,250,250,251,252,252,252,252,252
34115,237,237,237,237,237,237,237,238,238,238,238,238,239,239,239,240,240,240,241,241,241,241,242
34116,244,245,245,245,246,246,246,247,248,248,248,249,249,250,251,251,252,253,253,253,253,253,253
34117,0,0,0,0,0,0,0,0,0,0,0,0,0,0,0,0,0,0,0,0,0,0,0
34118,3275,3273,3270,3269,3265,3262,3260,3255,3263,3254,3255,3255,3247,3247,3247,3250,3242,3235,3290,3303,3308,3310,3313
34119,3272,3271,3269,3267,3265,3261,3259,3254,3258,3253,3253,3252,3246,3245,3246,3245,3243,3234,3290,3303,3308,3312,3313
34120,3274,3274,3269,3269,3268,3263,3261,3258,3262,3255,3255,3255,3250,3247,3248,3249,3242,3237,3291,3303,3308,3311,3313
34121,3275,3274,3270,3270,3269,3264,3262,3258,3263,3257,3256,3253,3251,3248,3249,3250,3244,3238,3292,3304,3309,3312,3313
34122,3272,3271,3268,3267,3265,3262,3256,3255,3260,3255,3254,3252,3245,3246,3247,3249,3240,3234,3291,3303,3308,3311,3313
34123,3275,3272,3271,3270,3269,3264,3260,3258,3263,3258,3256,3254,3248,3249,3248,3252,3244,3238,3292,3304,3309,3312,3313
34124,3273,3273,3267,3267,3266,3262,3258,3259,3261,3255,3255,3253,3247,3247,3247,3250,3241,3235,3291,3303,3308,3311,3313
34125,3273,3271,3267,3269,3267,3262,3258,3258,3262,3255,3254,3253,3246,3247,3246,3251,3240,3234,3291,3304,3309,3312,3314
34126,3274,3271,3268,3268,3267,3263,3257,3258,3261,3255,3255,3253,3247,3248,3247,3251,3240,3238,3291,3302,3309,3311,3313
34127,3274,3273,3268,3268,3267,3262,3257,3260,3262,3256,3255,3253,3247,3248,3247,3251,3240,3238,3292,3303,3309,3312,3314
34128,3273,3271,3266,3268,3266,3261,3257,3258,3261,3254,3255,3253,3247,3247,3247,3251,3242,3238,3291,3302,3308,3311,3313
34129,3273,3273,3268,3270,3267,3261,3259,3260,3262,3258,3257,3255,3248,3249,3248,3251,3244,3240,3291,3304,3309,3311,3313
34130,3273,3271,3265,3268,3265,3259,3256,3258,3257,3255,3254,3255,3248,3246,3246,3247,3241,3239,3290,3302,3308,3310,3312
34131,3270,3270,3265,3267,3261,3258,3255,3257,3258,3255,3255,3253,3247,3244,3244,3246,3240,3236,3291,3304,3309,3312,3313
34132,3267,3269,3263,3266,3261,3255,3252,3256,3254,3252,3254,3247,3245,3243,3246,3244,3237,3234,3290,3302,3308,3311,3313
34133,3273,3271,3269,3270,3264,3259,3257,3260,3258,3255,3258,3253,3250,3247,3248,3247,3242,3239,3290,3302,3307,3310,3312
34200,5372,5372,5371,5371,5371,5372,5372,5372,5372,5371,5372,5372,5371,5371,5371,5371,5372,5371,5253,5206,5195,5187,5177
34201,0,0,0,0,0,0,0,0,0,0,0,0,0,0,0,0,0,0,65112,65108,65087,65084,65083
34202,993,993,993,993,993,993,993,993,993,992,992,992,992,992,992,992,992,992,988,978,968,957,946
34203,49,49,49,49,49,49,49,49,49,49,49,49,49,49,49,49,49,49,49,49,49,49,49
34204,0,0,0,0,0,0,0,0,0,0,0,0,0,0,0,0,0,0,3,3,3,3,3
34205,3402,3403,3402,3401,3402,3402,3402,3402,3401,3402,3402,3402,3402,3402,3402,3402,3402,3401,3312,3265,3253,3246,3240
34206,3338,3338,3337,3337,3337,3338,3336,3338,3338,3337,3338,3337,3337,3338,3338,3338,3338,3337,3274,3248,3243,3239,3232
34207,0,0,0,0,0,0,0,0,0,0,0,0,0,0,0,0,0,0,0,0,0,0,0
34208,0,0,0,0,0,0,0,0,0,0,0,0,0,0,0,0,0,0,0,0,0,0,0
34209,0,0,0,0,0,0,0,0,0,0,0,0,0,0,0,0,0,0,0,0,0,0,0
34210,116,116,116,116,116,116,116,116,116,116,116,116,116,116,116,116,116,116,116,116,116,116,116
34211,306,308,308,307,307,306,307,308,307,308,307,306,307,306,307,307,305,308,307,306,308,307,307
34212,242,242,242,241,242,242,242,242,241,242,242,242,241,242,241,242,242,242,278,276,284,292,299
34213,235,234,234,234,234,234,234,235,234,234,235,234,234,234,234,234,234,234,234,234,234,234,235
34214,235,235,235,235,235,235,235,235,235,235,235,235,235,235,235,234,235,235,235,235,235,235,235
34215,233,233,233,233,233,233,233,233,233,233,233,233,233,233,233,233,233,233,233,233,233,233,233
34216,232,232,232,232,232,232,232,232,232,232,232,232,232,232,232,232,232,232,232,232,232,232,232
34217,0,0,0,0,0,0,0,0,0,0,0,0,0,0,0,0,0,0,0,0,0,0,0
34218,3355,3356,3355,3355,3354,3355,3356,3355,3356,3355,3355,3355,3355,3354,3356,3355,3355,3356,3287,3252,3245,3246,3234
34219,3360,3360,3360,3360,3361,3360,3360,3360,3360,3360,3360,3360,3360,3360,3360,3360,3360,3360,3289,3254,3243,3243,3234
34220,3355,3354,3354,3355,3355,3355,3355,3354,3355,3355,3355,3355,3354,3355,3355,3354,3354,3355,3288,3255,3246,3245,3236
34221,3347,3346,3346,3345,3346,3346,3345,3346,3346,3346,3346,3345,3346,3345,3345,3346,3346,3346,3282,3254,3246,3246,3237
34222,3372,3371,3372,3372,3371,3372,3372,3371,3372,3371,3372,3372,3371,3372,3372,3372,3372,3372,3293,3256,3247,3243,3234
34223,3352,3353,3352,3353,3352,3352,3353,3352,3353,3351,3352,3352,3352,3352,3352,3353,3353,3352,3283,3253,3247,3242,3233
34224,3342,3342,3342,3342,3342,3343,3342,3343,3342,3343,3342,3342,3342,3343,3341,3342,3342,3342,3278,3251,3249,3244,3236
34225,3338,3338,3337,3337,3337,3338,3336,3338,3338,3337,3338,3337,3337,3338,3338,3338,3338,3337,3274,3248,3247,3239,3232
34226,3343,3344,3344,3343,3344,3344,3344,3344,3344,3344,3344,3345,3344,3344,3344,3344,3345,3345,3279,3251,3247,3240,3234
34227,3371,3372,3372,3372,3372,3372,3371,3372,3371,3372,3371,3372,3372,3371,3372,3371,3371,3371,3296,3258,3251,3242,3239
34228,3402,3403,3402,3401,3402,3402,3402,3402,3401,3402,3402,3402,3402,3402,3402,3402,3402,3402,3312,3265,3253,3243,3238
34229,3339,3339,3338,3339,3338,3338,3339,3339,3339,3338,3338,3338,3339,3339,3339,3338,3338,3338,3276,3250,3247,3240,3236
34230,3357,3357,3357,3357,3357,3357,3356,3357,3358,3356,3357,3357,3356,3357,3356,3357,3357,3357,3289,3255,3250,3242,3240
34231,3364,3364,3363,3364,3364,3363,3365,3364,3364,3363,3364,3364,3364,3363,3364,3364,3364,3364,3293,3257,3250,3242,3240
34232,3345,3345,3345,3344,3345,3344,3345,3345,3345,3345,3345,3345,3345,3344,3345,3344,3345,3345,3275,3250,3243,3239,3236
34233,3379,3379,3379,3380,3379,3379,3379,3379,3379,3379,3378,3379,3378,3379,3378,3379,3378,3379,3295,3258,3245,3240,3237
34300,5371,5371,5371,5371,5371,5371,5371,5371,5371,5371,5371,5371,5371,5371,5371,5371,5371,5371,5371,5371,5371,5371,5371
34301,0,0,0,0,0,0,0,0,0,0,0,0,0,0,0,0,0,0,0,0,0,0,0
34302,993,993,993,993,993,993,993,993,993,992,992,992,992,992,992,992,992,992,992,992,992,992,992
34303,44,44,44,44,44,44,44,44,44,44,44,44,44,44,44,44,44,44,44,44,44,44,44
34304,0,0,0,0,0,0,0,0,0,0,0,0,0,0,0,0,0,0,0,0,0,0,0
34305,3396,3397,3396,3396,3397,3396,3396,3396,3397,3396,3396,3397,3396,3396,3395,3397,3396,3396,3396,3395,3396,3396,3395
34306,3336,3337,3335,3336,3335,3336,3335,3336,3336,3335,3336,3335,3336,3335,3335,3337,3335,3335,3335,3336,3336,3336,3336
34307,0,0,0,0,0,0,0,0,0,0,0,0,0,0,0,0,0,0,0,0,0,0,0
34308,0,0,0,0,0,0,0,0,0,0,0,0,0,0,0,0,0,0,0,0,0,0,0
34309,0,0,0,0,0,0,0,0,0,0,0,0,0,0,0,0,0,0,0,0,0,0,0
34310,116,116,116,116,116,116,116,116,116,116,116,116,116,116,116,116,116,116,116,116,116,116,116
34311,293,292,294,293,293,293,293,294,294,292,291,291,291,293,292,291,293,292,294,292,292,293,292
34312,232,232,232,232,232,232,232,232,232,231,232,231,231,231,231,231,231,231,232,231,231,231,231
34313,229,229,229,229,229,230,229,229,229,229,229,229,229,229,230,229,229,229,229,229,229,229,229
34314,231,231,231,231,231,231,231,231,231,231,231,231,231,231,231,231,231,231,231,231,231,231,231
34315,227,227,227,227,227,227,227,227,227,227,227,227,227,227,227,227,227,227,227,227,227,227,227
34316,231,231,231,231,231,231,231,230,231,231,230,230,230,230,231,230,230,230,230,230,230,230,230
34317,0,0,0,0,0,0,0,0,0,0,0,0,0,0,0,0,0,0,0,0,0,0,0
34318,3352,3352,3353,3352,3352,3352,3352,3352,3352,3352,3352,3352,3352,3352,3352,3352,3352,3353,3352,3353,3352,3352,3352
34319,3377,3377,3376,3377,3377,3377,3377,3377,3377,3377,3376,3377,3376,3376,3376,3377,3377,3377,3377,3376,3376,3376,3377
34320,3351,3351,3351,3350,3351,3350,3351,3351,3351,3351,3351,3351,3351,3351,3351,3350,3350,3351,3351,3351,3351,3351,3350
34321,3358,3358,3358,3358,3358,3357,3357,3358,3357,3358,3358,3358,3358,3358,3358,3357,3357,3357,3358,3357,3358,3357,3357
34322,3336,3337,3335,3336,3335,3336,3335,3336,3336,3335,3336,3335,3336,3335,3335,3337,3335,3336,3335,3336,3336,3336,3336
34323,3337,3337,3337,3337,3336,3336,3337,3336,3336,3337,3336,3336,3337,3336,3336,3337,3336,3335,3337,3337,3336,3336,3336
34324,3348,3348,3348,3348,3347,3348,3348,3347,3347,3348,3348,3348,3347,3348,3348,3348,3348,3347,3348,3347,3348,3348,3348
34325,3354,3354,3354,3354,3354,3354,3354,3355,3355,3353,3355,3354,3354,3354,3353,3354,3354,3354,3354,3355,3354,3355,3354
34326,3363,3363,3364,3363,3363,3363,3363,3362,3363,3363,3363,3363,3363,3363,3363,3363,3363,3363,3363,3363,3363,3362,3363
34327,3368,3368,3368,3367,3368,3367,3367,3367,3368,3367,3368,3367,3368,3367,3368,3367,3368,3367,3368,3367,3368,3367,3368
34328,3346,3347,3347,3346,3345,3347,3347,3347,3347,3347,3347,3347,3347,3348,3347,3346,3347,3348,3347,3347,3346,3347,3347
34329,3374,3374,3374,3374,3374,3374,3374,3374,3375,3374,3374,3374,3374,3373,3374,3374,3374,3374,3374,3374,3373,3374,3373
34330,3373,3374,3374,3374,3374,3373,3373,3373,3374,3374,3373,3373,3373,3373,3373,3373,3374,3373,3374,3373,3374,3373,3373
34331,3337,3337,3338,3338,3337,3337,3338,3337,3337,3337,3337,3336,3338,3337,3337,3338,3337,3338,3337,3338,3337,3337,3338
34332,3346,3345,3345,3345,3345,3345,3345,3345,3345,3345,3345,3345,3345,3345,3346,3345,3345,3344,3345,3344,3344,3345,3345
34333,3396,3397,3396,3396,3397,3396,3397,3396,3397,3396,3396,3396,3396,3396,3395,3397,3396,3396,3396,3395,3396,3397,3395
34400,0,0,0,0,0,0,0,0,0,0,0,0,0,0,0,0,0,0,0,0,0,0,0
34401,0,0,0,0,0,0,0,0,0,0,0,0,0,0,0,0,0,0,0,0,0,0,0
34402,0,0,0,0,0,0,0,0,0,0,0,0,0,0,0,0,0,0,0,0,0,0,0
34403,0,0,0,0,0,0,0,0,0,0,0,0,0,0,0,0,0,0,0,0,0,0,0
34404,0,0,0,0,0,0,0,0,0,0,0,0,0,0,0,0,0,0,0,0,0,0,0
34405,0,0,0,0,0,0,0,0,0,0,0,0,0,0,0,0,0,0,0,0,0,0,0
34406,0,0,0,0,0,0,0,0,0,0,0,0,0,0,0,0,0,0,0,0,0,0,0
34407,0,0,0,0,0,0,0,0,0,0,0,0,0,0,0,0,0,0,0,0,0,0,0
34408,0,0,0,0,0,0,0,0,0,0,0,0,0,0,0,0,0,0,0,0,0,0,0
34409,0,0,0,0,0,0,0,0,0,0,0,0,0,0,0,0,0,0,0,0,0,0,0
34410,0,0,0,0,0,0,0,0,0,0,0,0,0,0,0,0,0,0,0,0,0,0,0
34411,0,0,0,0,0,0,0,0,0,0,0,0,0,0,0,0,0,0,0,0,0,0,0
34412,0,0,0,0,0,0,0,0,0,0,0,0,0,0,0,0,0,0,0,0,0,0,0
34413,0,0,0,0,0,0,0,0,0,0,0,0,0,0,0,0,0,0,0,0,0,0,0
34414,0,0,0,0,0,0,0,0,0,0,0,0,0,0,0,0,0,0,0,0,0,0,0
34415,0,0,0,0,0,0,0,0,0,0,0,0,0,0,0,0,0,0,0,0,0,0,0
34416,0,0,0,0,0,0,0,0,0,0,0,0,0,0,0,0,0,0,0,0,0,0,0
34417,0,0,0,0,0,0,0,0,0,0,0,0,0,0,0,0,0,0,0,0,0,0,0
34418,0,0,0,0,0,0,0,0,0,0,0,0,0,0,0,0,0,0,0,0,0,0,0
34419,0,0,0,0,0,0,0,0,0,0,0,0,0,0,0,0,0,0,0,0,0,0,0
34420,0,0,0,0,0,0,0,0,0,0,0,0,0,0,0,0,0,0,0,0,0,0,0
34421,0,0,0,0,0,0,0,0,0,0,0,0,0,0,0,0,0,0,0,0,0,0,0
34422,0,0,0,0,0,0,0,0,0,0,0,0,0,0,0,0,0,0,0,0,0,0,0
34423,0,0,0,0,0,0,0,0,0,0,0,0,0,0,0,0,0,0,0,0,0,0,0
34424,0,0,0,0,0,0,0,0,0,0,0,0,0,0,0,0,0,0,0,0,0,0,0
34425,0,0,0,0,0,0,0,0,0,0,0,0,0,0,0,0,0,0,0,0,0,0,0
34426,0,0,0,0,0,0,0,0,0,0,0,0,0,0,0,0,0,0,0,0,0,0,0
34427,0,0,0,0,0,0,0,0,0,0,0,0,0,0,0,0,0,0,0,0,0,0,0
34428,0,0,0,0,0,0,0,0,0,0,0,0,0,0,0,0,0,0,0,0,0,0,0
34429,0,0,0,0,0,0,0,0,0,0,0,0,0,0,0,0,0,0,0,0,0,0,0
34430,0,0,0,0,0,0,0,0,0,0,0,0,0,0,0,0,0,0,0,0,0,0,0
34431,0,0,0,0,0,0,0,0,0,0,0,0,0,0,0,0,0,0,0,0,0,0,0
34432,0,0,0,0,0,0,0,0,0,0,0,0,0,0,0,0,0,0,0,0,0,0,
34433,0,0,0,0,0,0,0,0,0,0,0,0,0,0,0,0,0,0,0,0,0,0,
34500,0,0,0,0,0,0,0,0,0,0,0,0,0,0,0,0,0,0,0,0,0,0,
34501,0,0,0,0,0,0,0,0,0,0,0,0,0,0,0,0,0,0,0,0,0,0,
34502,0,0,0,0,0,0,0,0,0,0,0,0,0,0,0,0,0,0,0,0,0,0,
34503,0,0,0,0,0,0,0,0,0,0,0,0,0,0,0,0,0,0,0,0,0,0,
34504,0,0,0,0,0,0,0,0,0,0,0,0,0,0,0,0,0,0,0,0,0,0,
34505,0,0,0,0,0,0,0,0,0,0,0,0,0,0,0,0,0,0,0,0,0,0,
34506,0,0,0,0,0,0,0,0,0,0,0,0,0,0,0,0,0,0,0,0,0,0,
34507,0,0,0,0,0,0,0,0,0,0,0,0,0,0,0,0,0,0,0,0,0,0,
34508,0,0,0,0,0,0,0,0,0,0,0,0,0,0,0,0,0,0,0,0,0,0,
34509,0,0,0,0,0,0,0,0,0,0,0,0,0,0,0,0,0,0,0,0,0,0,
34510,0,0,0,0,0,0,0,0,0,0,0,0,0,0,0,0,0,0,0,0,0,0,
34511,0,0,0,0,0,0,0,0,0,0,0,0,0,0,0,0,0,0,0,0,0,0,
34512,0,0,0,0,0,0,0,0,0,0,0,0,0,0,0,0,0,0,0,0,0,0,
34513,0,0,0,0,0,0,0,0,0,0,0,0,0,0,0,0,0,0,0,0,0,0,
34514,0,0,0,0,0,0,0,0,0,0,0,0,0,0,0,0,0,0,0,0,0,0,
34515,0,0,0,0,0,0,0,0,0,0,0,0,0,0,0,0,0,0,0,0,0,0,
34516,0,0,0,0,0,0,0,0,0,0,0,0,0,0,0,0,0,0,0,0,0,0,
34517,0,0,0,0,0,0,0,0,0,0,0,0,0,0,0,0,0,0,0,0,0,0,
34518,0,0,0,0,0,0,0,0,0,0,0,0,0,0,0,0,0,0,0,0,0,0,
34519,0,0,0,0,0,0,0,0,0,0,0,0,0,0,0,0,0,0,0,0,0,0,
34520,0,0,0,0,0,0,0,0,0,0,0,0,0,0,0,0,0,0,0,0,0,0,
34521,0,0,0,0,0,0,0,0,0,0,0,0,0,0,0,0,0,0,0,0,0,0,
34522,0,0,0,0,0,0,0,0,0,0,0,0,0,0,0,0,0,0,0,0,0,0,
34523,0,0,0,0,0,0,0,0,0,0,0,0,0,0,0,0,0,0,0,0,0,0,
34524,0,0,0,0,0,0,0,0,0,0,0,0,0,0,0,0,0,0,0,0,0,0,
34525,0,0,0,0,0,0,0,0,0,0,0,0,0,0,0,0,0,0,0,0,0,0,
34526,0,0,0,0,0,0,0,0,0,0,0,0,0,0,0,0,0,0,0,0,0,0,
34527,0,0,0,0,0,0,0,0,0,0,0,0,0,0,0,0,0,0,0,0,0,0,
34528,0,0,0,0,0,0,0,0,0,0,0,0,0,0,0,0,0,0,0,0,0,0,
34529,0,0,0,0,0,0,0,0,0,0,0,0,0,0,0,0,0,0,0,0,0,0,
34530,0,0,0,0,0,0,0,0,0,0,0,0,0,0,0,0,0,0,0,0,0,0,
34531,0,0,0,0,0,0,0,0,0,0,0,0,0,0,0,0,0,0,0,0,0,0,
34532,0,0,0,0,0,0,0,0,0,0,0,0,0,0,0,0,0,0,0,0,0,0,
34533,0,0,0,0,0,0,0,0,0,0,0,0,0,0,0,0,0,0,0,0,0,0,
34600,0,0,0,0,0,0,0,0,0,0,0,0,0,0,0,0,0,0,0,0,0,0,
34601,0,0,0,0,0,0,0,0,0,0,0,0,0,0,0,0,0,0,0,0,0,0,
34602,0,0,0,0,0,0,0,0,0,0,0,0,0,0,0,0,0,0,0,0,0,0,
34603,0,0,0,0,0,0,0,0,0,0,0,0,0,0,0,0,0,0,0,0,0,0,
34604,0,0,0,0,0,0,0,0,0,0,0,0,0,0,0,0,0,0,0,0,0,0,
34605,0,0,0,0,0,0,0,0,0,0,0,0,0,0,0,0,0,0,0,0,0,0,
34606,0,0,0,0,0,0,0,0,0,0,0,0,0,0,0,0,0,0,0,0,0,0,
34607,0,0,0,0,0,0,0,0,0,0,0,0,0,0,0,0,0,0,0,0,0,0,
34608,0,0,0,0,0,0,0,0,0,0,0,0,0,0,0,0,0,0,0,0,0,0,
34609,0,0,0,0,0,0,0,0,0,0,0,0,0,0,0,0,0,0,0,0,0,0,
34610,0,0,0,0,0,0,0,0,0,0,0,0,0,0,0,0,0,0,0,0,0,0,
34611,0,0,0,0,0,0,0,0,0,0,0,0,0,0,0,0,0,0,0,0,0,0,
34612,0,0,0,0,0,0,0,0,0,0,0,0,0,0,0,0,0,0,0,0,0,0,
34613,0,0,0,0,0,0,0,0,0,0,0,0,0,0,0,0,0,0,0,0,0,0,
34614,0,0,0,0,0,0,0,0,0,0,0,0,0,0,0,0,0,0,0,0,0,0,
34615,0,0,0,0,0,0,0,0,0,0,0,0,0,0,0,0,0,0,0,0,0,0,
34616,0,0,0,0,0,0,0,0,0,0,0,0,0,0,0,0,0,0,0,0,0,0,
34617,0,0,0,0,0,0,0,0,0,0,0,0,0,0,0,0,0,0,0,0,0,0,
34618,0,0,0,0,0,0,0,0,0,0,0,0,0,0,0,0,0,0,0,0,0,0,
34619,0,0,0,0,0,0,0,0,0,0,0,0,0,0,0,0,0,0,0,0,0,0,
34620,0,0,0,0,0,0,0,0,0,0,0,0,0,0,0,0,0,0,0,0,0,0,
34621,0,0,0,0,0,0,0,0,0,0,0,0,0,0,0,0,0,0,0,0,0,0,
34622,0,0,0,0,0,0,0,0,0,0,0,0,0,0,0,0,0,0,0,0,0,0,
34623,0,0,0,0,0,0,0,0,0,0,0,0,0,0,0,0,0,0,0,0,0,0,
34624,0,0,0,0,0,0,0,0,0,0,0,0,0,0,0,0,0,0,0,0,0,0,
34625,0,0,0,0,0,0,0,0,0,0,0,0,0,0,0,0,0,0,0,0,0,0,
34626,0,0,0,0,0,0,0,0,0,0,0,0,0,0,0,0,0,0,0,0,0,0,
34627,0,0,0,0,0,0,0,0,0,0,0,0,0,0,0,0,0,0,0,0,0,0,
34628,0,0,0,0,0,0,0,0,0,0,0,0,0,0,0,0,0,0,0,0,0,0,
34629,0,0,0,0,0,0,0,0,0,0,0,0,0,0,0,0,0,0,0,0,0,0,
34630,0,0,0,0,0,0,0,0,0,0,0,0,0,0,0,0,0,0,0,0,0,0,
34631,0,0,0,0,0,0,0,0,0,0,0,0,0,0,0,0,0,0,0,0,0,0,
34632,0,0,0,0,0,0,0,0,0,0,0,0,0,0,0,0,0,0,0,0,0,0,
34633,0,0,0,0,0,0,0,0,0,0,0,0,0,0,0,0,0,0,0,0,0,0,
35000,265,265,266,267,268,268,270,271,272,272,273,274,275,277,278,279,280,282,283,285,286,287,
35001,269,270,271,271,272,274,275,276,277,279,280,282,283,285,286,288,290,292,294,296,298,300,
35002,269,270,271,271,272,274,275,276,277,279,280,281,283,285,286,288,290,292,294,296,298,300,
35010,247,247,247,247,247,247,247,247,247,248,248,249,250,250,251,252,252,253,254,253,253,253,
35011,242,242,242,242,243,242,242,243,242,242,243,243,242,243,242,242,242,243,243,243,243,243,
35100,3,3,3,3,3,3,3,3,3,3,3,3,3,3,3,3,3,3,3,3,3,3,
35110,576,576,576,576,576,576,576,576,576,576,576,576,576,576,576,576,576,576,576,576,576,576,
35111,250,250,250,250,500,500,500,500,500,500,500,500,500,500,500,500,500,500,100,100,100,100,
35112,500,500,500,500,500,500,500,500,500,500,500,500,500,500,500,500,500,500,500,500,500,500,
36000,0,0,0,0,0,0,0,0,0,0,0,0,0,0,0,0,0,0,0,0,0,0,
36001,0,0,0,0,0,0,0,0,0,0,0,0,0,0,0,0,0,0,0,0,0,0,
36100,0,0,0,0,0,0,0,0,0,0,0,0,0,0,0,0,0,0,0,0,0,0,
36101,0,0,0,0,0,0,0,0,0,0,0,0,0,0,0,0,0,0,0,0,0,0,
36102,0,0,0,0,0,0,0,0,0,0,0,0,0,0,0,0,0,0,0,0,0,0,
36103,0,0,0,0,0,0,0,0,0,0,0,0,0,0,0,0,0,0,0,0,0,0,
37000,1,1,1,1,1,1,1,1,1,1,1,1,1,1,1,1,1,1,1,1,1,1,
37001,0,0,0,0,0,0,0,0,0,0,0,0,0,0,0,0,0,0,0,0,0,0,
37002,0,0,0,0,0,0,0,0,0,0,0,0,0,0,0,0,0,0,0,0,0,0,
37003,0,0,0,0,0,0,0,0,0,0,0,0,0,0,0,0,0,0,0,0,0,0,
37004,1204,1204,1305,1305,1405,1405,1506,1506,1606,1606,1707,1706,1807,1807,1908,1907,2008,2008,2108,2108,2209,2209,
37005,90,90,90,90,90,90,90,90,90,90,90,90,90,90,90,90,90,90,90,90,90,90,
37006,247,247,247,247,247,247,247,247,247,247,247,247,247,247,247,247,247,247,247,247,247,247,
37007,3322,3322,3322,3323,3322,3323,3323,3323,3323,3323,3324,3324,3323,3323,3324,3324,3324,3324,3325,3325,3325,3325,
37008,3320,3320,3320,3320,3320,3320,3320,3321,3321,3321,3321,3321,3322,3322,3322,3322,3322,3323,3323,3323,3322,3323,
37009,0,0,0,0,0,0,0,0,0,0,0,0,0,0,0,0,0,0,0,0,0,0,
37010,0,0,0,0,0,0,0,0,0,0,0,0,0,0,0,0,0,0,0,0,0,0,
37011,0,0,0,0,0,0,0,0,0,0,0,0,0,0,0,0,0,0,0,0,0,0,
37012,116,116,116,116,116,116,116,116,116,116,116,116,116,116,116,116,116,116,116,116,116,116,
37013,0,0,0,0,0,0,0,0,0,0,0,0,0,0,0,0,0,0,0,0,0,0,
37014,0,0,0,0,0,0,0,0,0,0,0,0,0,0,0,0,0,0,0,0,0,0,
37015,0,0,0,0,0,0,0,0,0,0,0,0,0,0,0,0,0,0,0,0,0,0,
37016,0,0,0,0,0,0,0,0,0,0,0,0,0,0,0,0,0,0,0,0,0,0,
37017,0,0,0,0,0,0,0,0,0,0,0,0,0,0,0,0,0,0,0,0,0,0,
37018,0,0,0,0,0,0,0,0,0,0,0,0,0,0,0,0,0,0,0,0,0,0,
37019,0,0,0,0,0,0,0,0,0,0,0,0,0,0,0,0,0,0,0,0,0,0,
37020,0,0,0,0,0,0,0,0,0,0,0,0,0,0,0,0,0,0,0,0,0,0,
37021,0,0,0,0,0,0,0,0,0,0,0,0,0,0,0,0,0,0,0,0,0,0,
37022,0,0,0,0,0,0,0,0,0,0,0,0,0,0,0,0,0,0,0,0,0,0,
37023,0,0,0,0,0,0,0,0,0,0,0,0,0,0,0,0,0,0,0,0,0,0,
37024,0,0,0,0,0,0,0,0,0,0,0,0,0,0,0,0,0,0,0,0,0,0,
41000,0,0,0,0,0,0,0,0,0,0,0,0,0,0,0,0,0,0,0,0,0,0,
41100,1,1,1,1,1,1,1,1,1,1,1,1,1,1,1,1,1,1,1,1,1,1,
41200,1,1,1,1,1,1,1,1,1,1,1,1,1,1,1,1,1,1,1,1,1,1,
42000,21947,21947,21947,21947,21947,21947,21947,21947,21947,21947,21947,21947,21947,21947,21947,21947,21947,21947,21947,21947,21947,21947,
42010,2,2,2,2,2,2,2,2,2,2,2,2,2,2,2,2,2,2,2,2,2,2,
42011,0,0,0,0,0,0,0,0,0,0,0,0,0,0,0,0,0,0,0,0,0,0,
42020,0,0,0,0,0,0,0,0,0,0,0,0,0,0,0,0,0,0,0,0,0,0,
42021,0,0,0,0,0,0,0,0,0,0,0,0,0,0,0,0,0,0,0,0,0,0,
43000,0,0,0,0,0,0,0,0,0,0,0,0,0,0,0,0,0,0,0,0,0,0,
43100,127,127,127,127,127,127,127,127,127,127,127,127,127,127,127,127,127,127,127,127,127,127,
43101,0,0,0,0,0,0,0,0,0,0,0,0,0,0,0,0,0,0,0,0,0,0,
43102,2359,2359,2359,2359,2359,2359,2359,2359,2359,2359,2359,2359,2359,2359,2359,2359,2359,2359,2359,2359,2359,2359,
43103,1200,1200,1300,1300,1400,1400,1500,1500,1600,1600,1700,1700,1800,1800,1900,1900,2000,2000,2100,2100,2200,2200,
43104,1,1,1,1,1,1,1,1,1,1,1,1,1,1,1,1,1,1,1,1,1,1,
43105,0,0,0,0,0,0,0,0,0,0,0,0,0,0,0,0,0,0,0,0,0,0,
43106,0,0,0,0,0,0,0,0,0,0,0,0,0,0,0,0,0,0,0,0,0,0,
43107,0,0,0,0,0,0,0,0,0,0,0,0,0,0,0,0,0,0,0,0,0,0,
43108,0,0,0,0,0,0,0,0,0,0,0,0,0,0,0,0,0,0,0,0,0,0,
43109,0,0,0,0,0,0,0,0,0,0,0,0,0,0,0,0,0,0,0,0,0,0,
43110,0,0,0,0,0,0,0,0,0,0,0,0,0,0,0,0,0,0,0,0,0,0,
43111,0,0,0,0,0,0,0,0,0,0,0,0,0,0,0,0,0,0,0,0,0,0,
43112,0,0,0,0,0,0,0,0,0,0,0,0,0,0,0,0,0,0,0,0,0,0,
43113,0,0,0,0,0,0,0,0,0,0,0,0,0,0,0,0,0,0,0,0,0,0,
43114,0,0,0,0,0,0,0,0,0,0,0,0,0,0,0,0,0,0,0,0,0,0,
43115,0,0,0,0,0,0,0,0,0,0,0,0,0,0,0,0,0,0,0,0,0,0,
43116,0,0,0,0,0,0,0,0,0,0,0,0,0,0,0,0,0,0,0,0,0,0,
43117,0,0,0,0,0,0,0,0,0,0,0,0,0,0,0,0,0,0,0,0,0,0,
43118,0,0,0,0,0,0,0,0,0,0,0,0,0,0,0,0,0,0,0,0,0,0,
43119,0,0,0,0,0,0,0,0,0,0,0,0,0,0,0,0,0,0,0,0,0,0,
43120,0,0,0,0,0,0,0,0,0,0,0,0,0,0,0,0,0,0,0,0,0,0,
43121,0,0,0,0,0,0,0,0,0,0,0,0,0,0,0,0,0,0,0,0,0,0,
43122,0,0,0,0,0,0,0,0,0,0,0,0,0,0,0,0,0,0,0,0,0,0,
43123,0,0,0,0,0,0,0,0,0,0,0,0,0,0,0,0,0,0,0,0,0,0,
43124,0,0,0,0,0,0,0,0,0,0,0,0,0,0,0,0,0,0,0,0,0,0,
43125,0,0,0,0,0,0,0,0,0,0,0,0,0,0,0,0,0,0,0,0,0,0,
43126,0,0,0,0,0,0,0,0,0,0,0,0,0,0,0,0,0,0,0,0,0,0,
43127,0,0,0,0,0,0,0,0,0,0,0,0,0,0,0,0,0,0,0,0,0,0,
43128,0,0,0,0,0,0,0,0,0,0,0,0,0,0,0,0,0,0,0,0,0,0,
43129,0,0,0,0,0,0,0,0,0,0,0,0,0,0,0,0,0,0,0,0,0,0,
44002,0,0,0,0,0,0,0,0,0,0,0,0,0,0,0,0,0,0,0,0,0,0,
44003,0,0,0,0,0,0,0,0,0,0,0,0,0,0,0,0,0,0,0,0,0,0,
