timestamp,Register,raw_uint16,raw_int16,hex,tier,name,interpreted,bin16,ascii_be,ascii_le,bcd,div10,div100,div1000,u32_next_be,u32_next_le
12:01:49,30001,65524,-12,0xFFF4,OK,battery_power,-12 W,1111111111110100,··,··,-,6552.4,655.24,65.524,,
12:01:49,30006,0,0,0x0000,OK,ac_power,0 W,0000000000000000,··,··,0000,0.0,0.00,0.000,,
12:01:50,30010,0,0,0x0000,UNB,Unb: ?,,0000000000000000,··,··,0000,0.0,0.00,0.000,,
12:01:50,30020,100,100,0x0064,VERM,Verm: mppt1_voltage,10 V,0000000001100100,·d,d·,0064,10.0,1.00,0.100,6553699,6488164
12:01:50,30021,99,99,0x0063,VERM,Verm: mppt2_voltage,9.900 V,0000000001100011,·c,c·,0063,9.9,0.99,0.099,6488163,6488163
12:01:50,30022,99,99,0x0063,VERM,Verm: mppt3_voltage,9.900 V,0000000001100011,·c,c·,0063,9.9,0.99,0.099,6488163,6488163
12:01:50,30023,99,99,0x0063,VERM,Verm: mppt4_voltage,9.900 V,0000000001100011,·c,c·,0063,9.9,0.99,0.099,6488064,99
12:01:50,30024,0,0,0x0000,VERM,Verm: mppt1_current,0 A,0000000000000000,··,··,0000,0.0,0.00,0.000,0,0
12:01:50,30025,0,0,0x0000,VERM,Verm: mppt2_current,0 A,0000000000000000,··,··,0000,0.0,0.00,0.000,0,0
12:01:50,30026,0,0,0x0000,VERM,Verm: mppt3_current,0 A,0000000000000000,··,··,0000,0.0,0.00,0.000,0,0
12:01:50,30027,0,0,0x0000,VERM,Verm: mppt4_current,0 A,0000000000000000,··,··,0000,0.0,0.00,0.000,,
12:01:50,30029,65534,-2,0xFFFE,VERM,Verm: battery_power_factor,-2,1111111111111110,··,··,-,6553.4,655.34,65.534,4294836224,65534
12:01:50,30030,0,0,0x0000,UNB,Unb: ?,,0000000000000000,··,··,0000,0.0,0.00,0.000,0,0
12:01:50,30031,0,0,0x0000,UNB,Unb: ?,,0000000000000000,··,··,0000,0.0,0.00,0.000,0,0
12:01:50,30032,0,0,0x0000,UNB,Unb: ?,,0000000000000000,··,··,0000,0.0,0.00,0.000,0,0
12:01:50,30033,0,0,0x0000,UNB,Unb: ?,,0000000000000000,··,··,0000,0.0,0.00,0.000,0,0
12:01:50,30034,0,0,0x0000,UNB,Unb: ?,,0000000000000000,··,··,0000,0.0,0.00,0.000,0,0
12:01:50,30035,0,0,0x0000,UNB,Unb: ?,,0000000000000000,··,··,0000,0.0,0.00,0.000,219,14352384
12:01:50,30036,219,219,0x00DB,VERM,Verm: hardware_version,219,0000000011011011,··,··,-,21.9,2.19,0.219,14352384,219
12:01:50,30037,0,0,0x0000,VERM,Verm: mppt1_power,0 W,0000000000000000,··,··,0000,0.0,0.00,0.000,0,0
12:01:50,30038,0,0,0x0000,VERM,Verm: mppt2_power,0 W,0000000000000000,··,··,0000,0.0,0.00,0.000,0,0
12:01:50,30039,0,0,0x0000,VERM,Verm: mppt3_power,0 W,0000000000000000,··,··,0000,0.0,0.00,0.000,0,0
12:01:50,30040,0,0,0x0000,VERM,Verm: mppt4_power,0 W,0000000000000000,··,··,0000,0.0,0.00,0.000,,
12:01:50,30100,5331,5331,0x14D3,VERM,Verm: battery_voltage,53.310 V,0001010011010011,··,··,-,533.1,53.31,5.331,349372416,5331
12:01:50,30101,0,0,0x0000,VERM,Verm: pack1_current_mirror,0 A,0000000000000000,··,··,0000,0.0,0.00,0.000,,
12:01:50,30106,0,0,0x0000,UNB,Unb: ?,,0000000000000000,··,··,0000,0.0,0.00,0.000,,
12:01:50,30109,0,0,0x0000,UNB,Unb: ?,,0000000000000000,··,··,0000,0.0,0.00,0.000,0,0
12:01:50,30110,0,0,0x0000,UNB,Unb: ?,,0000000000000000,··,··,0000,0.0,0.00,0.000,,
12:01:50,30201,18,18,0x0012,UNB,Unb: unknown_30201,18,0000000000010010,··,··,0012,1.8,0.18,0.018,,
12:01:51,30203,106,106,0x006A,UNB,Unb: unknown_30203,106,0000000001101010,·j,j·,-,10.6,1.06,0.106,,
12:01:51,30210,0,0,0x0000,VERM,Verm: active_pack_charge_status,0,0000000000000000,··,··,0000,0.0,0.00,0.000,0,0
12:01:51,30211,0,0,0x0000,UNB,Unb: ?,,0000000000000000,··,··,0000,0.0,0.00,0.000,5,327680
12:01:51,30212,5,5,0x0005,VERM,Verm: pack_config,5,0000000000000101,··,··,0005,0.5,0.05,0.005,327680,5
12:01:51,30213,0,0,0x0000,UNB,Unb: ?,,0000000000000000,··,··,0000,0.0,0.00,0.000,0,0
12:01:51,30214,0,0,0x0000,UNB,Unb: ?,,0000000000000000,··,··,0000,0.0,0.00,0.000,,
12:01:51,30300,1,1,0x0001,VERM,Verm: wifi_status,1,0000000000000001,··,··,0001,0.1,0.01,0.001,65537,65537
12:01:51,30301,1,1,0x0001,VERM,Verm: active_inverter_state,1,0000000000000001,··,··,0001,0.1,0.01,0.001,65536,1
12:01:51,30302,0,0,0x0000,VERM,Verm: cloud_status,0,0000000000000000,··,··,0000,0.0,0.00,0.000,61,3997696
12:01:51,30303,61,61,0x003D,VERM,Verm: wifi_signal_strength,-61 dBm,0000000000111101,·=,=·,-,6.1,0.61,0.061,,
12:01:51,30400,49320,-16216,0xC0A8,UNB,Unb: ip_address,192.168,1100000010101000,··,··,-,4932.0,493.20,49.320,,
12:01:51,31003,5,5,0x0005,VERM,Verm: pack_dependent_31003,5,0000000000000101,··,··,0005,0.5,0.05,0.005,329223,101122053
12:01:51,31004,1543,1543,0x0607,VERM,Verm: pack_dependent_31004,1543,0000011000000111,··,··,0607,154.3,15.43,1.543,101122048,1543
12:01:51,31005,0,0,0x0000,UNB,Unb: unknown_31005,,0000000000000000,··,··,0000,0.0,0.00,0.000,0,0
12:01:51,31006,0,0,0x0000,UNB,Unb: unknown_31006,,0000000000000000,··,··,0000,0.0,0.00,0.000,0,0
12:01:51,31007,0,0,0x0000,UNB,Unb: unknown_31007,,0000000000000000,··,··,0000,0.0,0.00,0.000,0,0
12:01:51,31008,0,0,0x0000,UNB,Unb: unknown_31008,,0000000000000000,··,··,0000,0.0,0.00,0.000,0,0
12:01:51,31009,0,0,0x0000,UNB,Unb: unknown_31009,,0000000000000000,··,··,0000,0.0,0.00,0.000,,
12:01:51,32100,5330,5330,0x14D2,OK,dc_voltage,53.300 V,0001010011010010,··,··,-,533.0,53.30,5.330,349306880,5330
12:01:51,32101,0,0,0x0000,OK,dc_current,0 A,0000000000000000,··,··,0000,0.0,0.00,0.000,0,0
12:01:51,32102,0,0,0x0000,UNB,Unb: unknown_32102,,0000000000000000,··,··,0000,0.0,0.00,0.000,,
12:01:52,32201,2457,2457,0x0999,VERM,Verm: ac_voltage_2,245.700 V,0000100110011001,··,··,0999,245.7,24.57,2.457,161021952,2457
12:01:52,32202,0,0,0x0000,OK,ac_power_hi,0 W,0000000000000000,··,··,0000,0.0,0.00,0.000,0,0
12:01:52,32203,0,0,0x0000,OK,ac_power_lo,0 W,0000000000000000,··,··,0000,0.0,0.00,0.000,,
12:01:52,34004,0,0,0x0000,VERM,Verm: pack1_charge_status,0,0000000000000000,··,··,0000,0.0,0.00,0.000,,
12:01:52,34104,0,0,0x0000,VERM,Verm: pack2_charge_status,0,0000000000000000,··,··,0000,0.0,0.00,0.000,,
12:01:52,34204,0,0,0x0000,VERM,Verm: pack3_charge_status,0,0000000000000000,··,··,0000,0.0,0.00,0.000,,
12:01:52,34304,0,0,0x0000,VERM,Verm: pack4_charge_status,0,0000000000000000,··,··,0000,0.0,0.00,0.000,,
12:01:52,35011,238,238,0x00EE,VERM,Verm: pack1_env_ntc_mirror,23.800 °C,0000000011101110,··,··,-,23.8,2.38,0.238,,
12:01:53,35110,576,576,0x0240,VERM,Verm: max_charge_power,576,0000001001000000,·@,@·,0240,57.6,5.76,0.576,37748986,16384576
12:01:53,35111,250,250,0x00FA,VERM,Verm: power_level,250,0000000011111010,··,··,-,25.0,2.50,0.250,16384500,32768250
12:01:53,35112,500,500,0x01F4,VERM,Verm: max_discharge_power,500,0000000111110100,··,··,-,50.0,5.00,0.500,,
12:01:53,36101,0,0,0x0000,VERM,Verm: fault_status_2,0x0000,0000000000000000,··,··,0000,0.0,0.00,0.000,,
12:01:53,37000,1,1,0x0001,VERM,Verm: system_online,1,0000000000000001,··,··,0001,0.1,0.01,0.001,65536,1
12:01:53,37001,0,0,0x0000,UNB,Unb: ?,,0000000000000000,··,··,0000,0.0,0.00,0.000,0,0
12:01:53,37002,0,0,0x0000,UNB,Unb: ?,,0000000000000000,··,··,0000,0.0,0.00,0.000,0,0
12:01:53,37003,0,0,0x0000,UNB,Unb: ?,,0000000000000000,··,··,0000,0.0,0.00,0.000,,
12:01:53,37009,0,0,0x0000,UNB,Unb: ?,,0000000000000000,··,··,0000,0.0,0.00,0.000,0,0
12:01:53,37010,0,0,0x0000,UNB,Unb: ?,,0000000000000000,··,··,0000,0.0,0.00,0.000,0,0
12:01:53,37011,0,0,0x0000,UNB,Unb: ?,,0000000000000000,··,··,0000,0.0,0.00,0.000,118,7733248
12:01:53,37012,118,118,0x0076,VERM,Verm: bms_version_mirror,118,0000000001110110,·v,v·,0076,11.8,1.18,0.118,7733248,118
12:01:53,37013,0,0,0x0000,VERM,Verm: fault_status_mirror,0x0000,0000000000000000,··,··,0000,0.0,0.00,0.000,0,0
12:01:53,37014,0,0,0x0000,VERM,Verm: fault_status_2_mirror,0x0000,0000000000000000,··,··,0000,0.0,0.00,0.000,0,0
12:01:53,37015,0,0,0x0000,UNB,Unb: ?,,0000000000000000,··,··,0000,0.0,0.00,0.000,0,0
12:01:53,37016,0,0,0x0000,VERM,Verm: offgrid_ac_voltage,0 V,0000000000000000,··,··,0000,0.0,0.00,0.000,0,0
12:01:53,37017,0,0,0x0000,UNB,Unb: ?,,0000000000000000,··,··,0000,0.0,0.00,0.000,0,0
12:01:53,37018,0,0,0x0000,UNB,Unb: ?,,0000000000000000,··,··,0000,0.0,0.00,0.000,0,0
12:01:53,37019,0,0,0x0000,UNB,Unb: ?,,0000000000000000,··,··,0000,0.0,0.00,0.000,0,0
12:01:53,37020,0,0,0x0000,UNB,Unb: ?,,0000000000000000,··,··,0000,0.0,0.00,0.000,0,0
12:01:53,37021,0,0,0x0000,UNB,Unb: ?,,0000000000000000,··,··,0000,0.0,0.00,0.000,0,0
12:01:53,37022,0,0,0x0000,VERM,Verm: offgrid_dc_voltage,0 V,0000000000000000,··,··,0000,0.0,0.00,0.000,0,0
12:01:53,37023,0,0,0x0000,UNB,Unb: ?,,0000000000000000,··,··,0000,0.0,0.00,0.000,0,0
12:01:53,37024,0,0,0x0000,UNB,Unb: ?,,0000000000000000,··,··,0000,0.0,0.00,0.000,,
12:01:53,38000,0,0,0x0000,UNB,Unb: unknown_38000,,0000000000000000,··,··,0000,0.0,0.00,0.000,0,0
12:01:53,38001,0,0,0x0000,UNB,Unb: unknown_38001,,0000000000000000,··,··,0000,0.0,0.00,0.000,0,0
12:01:53,38002,0,0,0x0000,UNB,Unb: unknown_38002,,0000000000000000,··,··,0000,0.0,0.00,0.000,0,0
12:01:53,38003,0,0,0x0000,UNB,Unb: unknown_38003,,0000000000000000,··,··,0000,0.0,0.00,0.000,0,0
12:01:53,38004,0,0,0x0000,UNB,Unb: unknown_38004,,0000000000000000,··,··,0000,0.0,0.00,0.000,0,0
12:01:53,38005,0,0,0x0000,UNB,Unb: unknown_38005,,0000000000000000,··,··,0000,0.0,0.00,0.000,0,0
12:01:53,38006,0,0,0x0000,UNB,Unb: unknown_38006,,0000000000000000,··,··,0000,0.0,0.00,0.000,0,0
12:01:53,38007,0,0,0x0000,UNB,Unb: unknown_38007,,0000000000000000,··,··,0000,0.0,0.00,0.000,0,0
12:01:53,38008,0,0,0x0000,UNB,Unb: unknown_38008,,0000000000000000,··,··,0000,0.0,0.00,0.000,0,0
12:01:53,38009,0,0,0x0000,UNB,Unb: unknown_38009,,0000000000000000,··,··,0000,0.0,0.00,0.000,0,0
12:01:53,38010,0,0,0x0000,UNB,Unb: unknown_38010,,0000000000000000,··,··,0000,0.0,0.00,0.000,0,0
12:01:53,38011,0,0,0x0000,UNB,Unb: unknown_38011,,0000000000000000,··,··,0000,0.0,0.00,0.000,0,0
12:01:53,38012,0,0,0x0000,UNB,Unb: unknown_38012,,0000000000000000,··,··,0000,0.0,0.00,0.000,0,0
12:01:53,38013,0,0,0x0000,UNB,Unb: unknown_38013,,0000000000000000,··,··,0000,0.0,0.00,0.000,0,0
12:01:53,38014,0,0,0x0000,UNB,Unb: unknown_38014,,0000000000000000,··,··,0000,0.0,0.00,0.000,,
12:01:53,41000,0,0,0x0000,VERM,Verm: reset_device,,0000000000000000,··,··,0000,0.0,0.00,0.000,,
12:01:54,41100,1,1,0x0001,VERM,Verm: modbus_address,,0000000000000001,··,··,0001,0.1,0.01,0.001,,
12:01:54,41200,1,1,0x0001,VERM,Verm: backup_function,,0000000000000001,··,··,0001,0.1,0.01,0.001,,
12:01:54,42010,0,0,0x0000,VERM,Verm: force_mode,0,0000000000000000,··,··,0000,0.0,0.00,0.000,0,0
12:01:54,42011,0,0,0x0000,VERM,Verm: charge_to_soc,0 %,0000000000000000,··,··,0000,0.0,0.00,0.000,,
12:01:54,42020,0,0,0x0000,VERM,Verm: set_charge_power,0 W,0000000000000000,··,··,0000,0.0,0.00,0.000,,
12:01:54,43000,1,1,0x0001,VERM,Verm: user_work_mode,1,0000000000000001,··,··,0001,0.1,0.01,0.001,,
12:01:54,43101,0,0,0x0000,VERM,Verm: schedule_1_start,00:00,0000000000000000,··,··,0000,0.0,0.00,0.000,,
12:01:54,43105,0,0,0x0000,VERM,Verm: schedule_2_days,0x0000,0000000000000000,··,··,0000,0.0,0.00,0.000,0,0
12:01:54,43106,0,0,0x0000,VERM,Verm: schedule_2_start,00:00,0000000000000000,··,··,0000,0.0,0.00,0.000,0,0
12:01:54,43107,0,0,0x0000,VERM,Verm: schedule_2_end,00:00,0000000000000000,··,··,0000,0.0,0.00,0.000,0,0
12:01:54,43108,0,0,0x0000,VERM,Verm: schedule_2_mode,0 W,0000000000000000,··,··,0000,0.0,0.00,0.000,0,0
12:01:54,43109,0,0,0x0000,VERM,Verm: schedule_2_enabled,0,0000000000000000,··,··,0000,0.0,0.00,0.000,0,0
12:01:54,43110,0,0,0x0000,VERM,Verm: schedule_3_days,0x0000,0000000000000000,··,··,0000,0.0,0.00,0.000,0,0
12:01:54,43111,0,0,0x0000,VERM,Verm: schedule_3_start,00:00,0000000000000000,··,··,0000,0.0,0.00,0.000,0,0
12:01:54,43112,0,0,0x0000,VERM,Verm: schedule_3_end,00:00,0000000000000000,··,··,0000,0.0,0.00,0.000,0,0
12:01:54,43113,0,0,0x0000,VERM,Verm: schedule_3_mode,0 W,0000000000000000,··,··,0000,0.0,0.00,0.000,0,0
12:01:54,43114,0,0,0x0000,VERM,Verm: schedule_3_enabled,0,0000000000000000,··,··,0000,0.0,0.00,0.000,0,0
12:01:54,43115,0,0,0x0000,VERM,Verm: schedule_4_days,0x0000,0000000000000000,··,··,0000,0.0,0.00,0.000,0,0
12:01:54,43116,0,0,0x0000,VERM,Verm: schedule_4_start,00:00,0000000000000000,··,··,0000,0.0,0.00,0.000,0,0
12:01:54,43117,0,0,0x0000,VERM,Verm: schedule_4_end,00:00,0000000000000000,··,··,0000,0.0,0.00,0.000,0,0
12:01:54,43118,0,0,0x0000,VERM,Verm: schedule_4_mode,0 W,0000000000000000,··,··,0000,0.0,0.00,0.000,0,0
12:01:54,43119,0,0,0x0000,VERM,Verm: schedule_4_enabled,0,0000000000000000,··,··,0000,0.0,0.00,0.000,0,0
12:01:54,43120,0,0,0x0000,VERM,Verm: schedule_5_days,0x0000,0000000000000000,··,··,0000,0.0,0.00,0.000,0,0
12:01:54,43121,0,0,0x0000,VERM,Verm: schedule_5_start,00:00,0000000000000000,··,··,0000,0.0,0.00,0.000,0,0
12:01:54,43122,0,0,0x0000,VERM,Verm: schedule_5_end,00:00,0000000000000000,··,··,0000,0.0,0.00,0.000,0,0
12:01:54,43123,0,0,0x0000,VERM,Verm: schedule_5_mode,0 W,0000000000000000,··,··,0000,0.0,0.00,0.000,0,0
12:01:54,43124,0,0,0x0000,VERM,Verm: schedule_5_enabled,0,0000000000000000,··,··,0000,0.0,0.00,0.000,0,0
12:01:54,43125,0,0,0x0000,VERM,Verm: schedule_6_days,0x0000,0000000000000000,··,··,0000,0.0,0.00,0.000,0,0
12:01:54,43126,0,0,0x0000,VERM,Verm: schedule_6_start,00:00,0000000000000000,··,··,0000,0.0,0.00,0.000,0,0
12:01:54,43127,0,0,0x0000,VERM,Verm: schedule_6_end,00:00,0000000000000000,··,··,0000,0.0,0.00,0.000,0,0
12:01:54,43128,0,0,0x0000,VERM,Verm: schedule_6_mode,0 W,0000000000000000,··,··,0000,0.0,0.00,0.000,0,0
12:01:54,43129,0,0,0x0000,VERM,Verm: schedule_6_enabled,0,0000000000000000,··,··,0000,0.0,0.00,0.000,,
12:01:55,44002,0,0,0x0000,VERM,Verm: max_charge_power,0 W,0000000000000000,··,··,0000,0.0,0.00,0.000,0,0
12:01:55,44003,0,0,0x0000,VERM,Verm: max_discharge_power,0 W,0000000000000000,··,··,0000,0.0,0.00,0.000,,
12:02:05,30001,62889,-2647,0xF5A9,OK,battery_power,-2647 W,1111010110101001,··,··,-,6288.9,628.89,62.889,,
12:02:05,30006,2473,2473,0x09A9,OK,ac_power,2473 W,0000100110101001,··,··,-,247.3,24.73,2.473,,
12:02:05,30010,0,0,0x0000,UNB,Unb: ?,,0000000000000000,··,··,0000,0.0,0.00,0.000,,
12:02:05,30020,100,100,0x0064,VERM,Verm: mppt1_voltage,10 V,0000000001100100,·d,d·,0064,10.0,1.00,0.100,6553699,6488164
12:02:05,30021,99,99,0x0063,VERM,Verm: mppt2_voltage,9.900 V,0000000001100011,·c,c·,0063,9.9,0.99,0.099,6488163,6488163
12:02:05,30022,99,99,0x0063,VERM,Verm: mppt3_voltage,9.900 V,0000000001100011,·c,c·,0063,9.9,0.99,0.099,6488163,6488163
12:02:05,30023,99,99,0x0063,VERM,Verm: mppt4_voltage,9.900 V,0000000001100011,·c,c·,0063,9.9,0.99,0.099,6488064,99
12:02:05,30024,0,0,0x0000,VERM,Verm: mppt1_current,0 A,0000000000000000,··,··,0000,0.0,0.00,0.000,0,0
12:02:05,30025,0,0,0x0000,VERM,Verm: mppt2_current,0 A,0000000000000000,··,··,0000,0.0,0.00,0.000,0,0
12:02:05,30026,0,0,0x0000,VERM,Verm: mppt3_current,0 A,0000000000000000,··,··,0000,0.0,0.00,0.000,0,0
12:02:05,30027,0,0,0x0000,VERM,Verm: mppt4_current,0 A,0000000000000000,··,··,0000,0.0,0.00,0.000,,
12:02:05,30029,65516,-20,0xFFEC,VERM,Verm: battery_power_factor,-20,1111111111101100,··,··,-,6551.6,655.16,65.516,4293656576,65516
12:02:05,30030,0,0,0x0000,UNB,Unb: ?,,0000000000000000,··,··,0000,0.0,0.00,0.000,0,0
12:02:05,30031,0,0,0x0000,UNB,Unb: ?,,0000000000000000,··,··,0000,0.0,0.00,0.000,0,0
12:02:05,30032,0,0,0x0000,UNB,Unb: ?,,0000000000000000,··,··,0000,0.0,0.00,0.000,0,0
12:02:05,30033,0,0,0x0000,UNB,Unb: ?,,0000000000000000,··,··,0000,0.0,0.00,0.000,0,0
12:02:05,30034,0,0,0x0000,UNB,Unb: ?,,0000000000000000,··,··,0000,0.0,0.00,0.000,0,0
12:02:05,30035,0,0,0x0000,UNB,Unb: ?,,0000000000000000,··,··,0000,0.0,0.00,0.000,219,14352384
12:02:05,30036,219,219,0x00DB,VERM,Verm: hardware_version,219,0000000011011011,··,··,-,21.9,2.19,0.219,14352384,219
12:02:05,30037,0,0,0x0000,VERM,Verm: mppt1_power,0 W,0000000000000000,··,··,0000,0.0,0.00,0.000,0,0
12:02:05,30038,0,0,0x0000,VERM,Verm: mppt2_power,0 W,0000000000000000,··,··,0000,0.0,0.00,0.000,0,0
12:02:05,30039,0,0,0x0000,VERM,Verm: mppt3_power,0 W,0000000000000000,··,··,0000,0.0,0.00,0.000,0,0
12:02:05,30040,0,0,0x0000,VERM,Verm: mppt4_power,0 W,0000000000000000,··,··,0000,0.0,0.00,0.000,,
12:02:06,30100,5330,5330,0x14D2,VERM,Verm: battery_voltage,53.300 V,0001010011010010,··,··,-,533.0,53.30,5.330,349306880,5330
12:02:06,30101,0,0,0x0000,VERM,Verm: pack1_current_mirror,0 A,0000000000000000,··,··,0000,0.0,0.00,0.000,,
12:02:06,30106,0,0,0x0000,UNB,Unb: ?,,0000000000000000,··,··,0000,0.0,0.00,0.000,,
12:02:06,30109,0,0,0x0000,UNB,Unb: ?,,0000000000000000,··,··,0000,0.0,0.00,0.000,0,0
12:02:06,30110,0,0,0x0000,UNB,Unb: ?,,0000000000000000,··,··,0000,0.0,0.00,0.000,,
12:02:06,30201,18,18,0x0012,UNB,Unb: unknown_30201,18,0000000000010010,··,··,0012,1.8,0.18,0.018,,
12:02:06,30203,106,106,0x006A,UNB,Unb: unknown_30203,106,0000000001101010,·j,j·,-,10.6,1.06,0.106,,
12:02:06,30210,0,0,0x0000,VERM,Verm: active_pack_charge_status,0,0000000000000000,··,··,0000,0.0,0.00,0.000,0,0
12:02:06,30211,0,0,0x0000,UNB,Unb: ?,,0000000000000000,··,··,0000,0.0,0.00,0.000,5,327680
12:02:06,30212,5,5,0x0005,VERM,Verm: pack_config,5,0000000000000101,··,··,0005,0.5,0.05,0.005,327680,5
12:02:06,30213,0,0,0x0000,UNB,Unb: ?,,0000000000000000,··,··,0000,0.0,0.00,0.000,0,0
12:02:06,30214,0,0,0x0000,UNB,Unb: ?,,0000000000000000,··,··,0000,0.0,0.00,0.000,,
12:02:07,30300,1,1,0x0001,VERM,Verm: wifi_status,1,0000000000000001,··,··,0001,0.1,0.01,0.001,65537,65537
12:02:07,30301,1,1,0x0001,VERM,Verm: active_inverter_state,1,0000000000000001,··,··,0001,0.1,0.01,0.001,65536,1
12:02:07,30302,0,0,0x0000,VERM,Verm: cloud_status,0,0000000000000000,··,··,0000,0.0,0.00,0.000,61,3997696
12:02:07,30303,61,61,0x003D,VERM,Verm: wifi_signal_strength,-61 dBm,0000000000111101,·=,=·,-,6.1,0.61,0.061,,
12:02:07,30400,49320,-16216,0xC0A8,UNB,Unb: ip_address,192.168,1100000010101000,··,··,-,4932.0,493.20,49.320,,
12:02:07,31003,5,5,0x0005,VERM,Verm: pack_dependent_31003,5,0000000000000101,··,··,0005,0.5,0.05,0.005,329223,101122053
12:02:07,31004,1543,1543,0x0607,VERM,Verm: pack_dependent_31004,1543,0000011000000111,··,··,0607,154.3,15.43,1.543,101122048,1543
12:02:07,31005,0,0,0x0000,UNB,Unb: unknown_31005,,0000000000000000,··,··,0000,0.0,0.00,0.000,0,0
12:02:07,31006,0,0,0x0000,UNB,Unb: unknown_31006,,0000000000000000,··,··,0000,0.0,0.00,0.000,0,0
12:02:07,31007,0,0,0x0000,UNB,Unb: unknown_31007,,0000000000000000,··,··,0000,0.0,0.00,0.000,0,0
12:02:07,31008,0,0,0x0000,UNB,Unb: unknown_31008,,0000000000000000,··,··,0000,0.0,0.00,0.000,0,0
12:02:07,31009,0,0,0x0000,UNB,Unb: unknown_31009,,0000000000000000,··,··,0000,0.0,0.00,0.000,,
12:02:07,32100,5330,5330,0x14D2,OK,dc_voltage,53.300 V,0001010011010010,··,··,-,533.0,53.30,5.330,349346150,2573604050
12:02:07,32101,39270,-26266,0x9966,OK,dc_current,39270 A,1001100101100110,·f,f·,9966,3927.0,392.70,39.270,2573598720,39270
12:02:07,32102,0,0,0x0000,UNB,Unb: unknown_32102,,0000000000000000,··,··,0000,0.0,0.00,0.000,,
12:02:07,32201,2492,2492,0x09BC,VERM,Verm: ac_voltage_2,249.200 V,0000100110111100,··,··,-,249.2,24.92,2.492,163315712,2492
12:02:07,32202,0,0,0x0000,OK,ac_power_hi,0 W,0000000000000000,··,··,0000,0.0,0.00,0.000,2511,164560896
12:02:07,32203,2511,2511,0x09CF,OK,ac_power_lo,2511 W,0000100111001111,··,··,-,251.1,25.11,2.511,,
12:02:07,34004,0,0,0x0000,VERM,Verm: pack1_charge_status,0,0000000000000000,··,··,0000,0.0,0.00,0.000,,
12:02:08,34104,0,0,0x0000,VERM,Verm: pack2_charge_status,0,0000000000000000,··,··,0000,0.0,0.00,0.000,,
12:02:08,34204,0,0,0x0000,VERM,Verm: pack3_charge_status,0,0000000000000000,··,··,0000,0.0,0.00,0.000,,
12:02:08,34304,0,0,0x0000,VERM,Verm: pack4_charge_status,0,0000000000000000,··,··,0000,0.0,0.00,0.000,,
12:02:08,35011,238,238,0x00EE,VERM,Verm: pack1_env_ntc_mirror,23.800 °C,0000000011101110,··,··,-,23.8,2.38,0.238,,
12:02:08,35110,576,576,0x0240,VERM,Verm: max_charge_power,576,0000001001000000,·@,@·,0240,57.6,5.76,0.576,37748986,16384576
12:02:08,35111,250,250,0x00FA,VERM,Verm: power_level,250,0000000011111010,··,··,-,25.0,2.50,0.250,16384500,32768250
12:02:08,35112,500,500,0x01F4,VERM,Verm: max_discharge_power,500,0000000111110100,··,··,-,50.0,5.00,0.500,,
12:02:08,36101,0,0,0x0000,VERM,Verm: fault_status_2,0x0000,0000000000000000,··,··,0000,0.0,0.00,0.000,,
12:02:08,37000,1,1,0x0001,VERM,Verm: system_online,1,0000000000000001,··,··,0001,0.1,0.01,0.001,65536,1
12:02:08,37001,0,0,0x0000,UNB,Unb: ?,,0000000000000000,··,··,0000,0.0,0.00,0.000,0,0
12:02:08,37002,0,0,0x0000,UNB,Unb: ?,,0000000000000000,··,··,0000,0.0,0.00,0.000,0,0
12:02:08,37003,0,0,0x0000,UNB,Unb: ?,,0000000000000000,··,··,0000,0.0,0.00,0.000,,
12:02:09,37009,0,0,0x0000,UNB,Unb: ?,,0000000000000000,··,··,0000,0.0,0.00,0.000,0,0
12:02:09,37010,0,0,0x0000,UNB,Unb: ?,,0000000000000000,··,··,0000,0.0,0.00,0.000,0,0
12:02:09,37011,0,0,0x0000,UNB,Unb: ?,,0000000000000000,··,··,0000,0.0,0.00,0.000,118,7733248
12:02:09,37012,118,118,0x0076,VERM,Verm: bms_version_mirror,118,0000000001110110,·v,v·,0076,11.8,1.18,0.118,7733248,118
12:02:09,37013,0,0,0x0000,VERM,Verm: fault_status_mirror,0x0000,0000000000000000,··,··,0000,0.0,0.00,0.000,0,0
12:02:09,37014,0,0,0x0000,VERM,Verm: fault_status_2_mirror,0x0000,0000000000000000,··,··,0000,0.0,0.00,0.000,0,0
12:02:09,37015,0,0,0x0000,UNB,Unb: ?,,0000000000000000,··,··,0000,0.0,0.00,0.000,0,0
12:02:09,37016,0,0,0x0000,VERM,Verm: offgrid_ac_voltage,0 V,0000000000000000,··,··,0000,0.0,0.00,0.000,0,0
12:02:09,37017,0,0,0x0000,UNB,Unb: ?,,0000000000000000,··,··,0000,0.0,0.00,0.000,0,0
12:02:09,37018,0,0,0x0000,UNB,Unb: ?,,0000000000000000,··,··,0000,0.0,0.00,0.000,0,0
12:02:09,37019,0,0,0x0000,UNB,Unb: ?,,0000000000000000,··,··,0000,0.0,0.00,0.000,0,0
12:02:09,37020,0,0,0x0000,UNB,Unb: ?,,0000000000000000,··,··,0000,0.0,0.00,0.000,0,0
12:02:09,37021,0,0,0x0000,UNB,Unb: ?,,0000000000000000,··,··,0000,0.0,0.00,0.000,0,0
12:02:09,37022,0,0,0x0000,VERM,Verm: offgrid_dc_voltage,0 V,0000000000000000,··,··,0000,0.0,0.00,0.000,0,0
12:02:09,37023,0,0,0x0000,UNB,Unb: ?,,0000000000000000,··,··,0000,0.0,0.00,0.000,0,0
12:02:09,37024,0,0,0x0000,UNB,Unb: ?,,0000000000000000,··,··,0000,0.0,0.00,0.000,,
12:02:09,38000,0,0,0x0000,UNB,Unb: unknown_38000,,0000000000000000,··,··,0000,0.0,0.00,0.000,0,0
12:02:09,38001,0,0,0x0000,UNB,Unb: unknown_38001,,0000000000000000,··,··,0000,0.0,0.00,0.000,0,0
12:02:09,38002,0,0,0x0000,UNB,Unb: unknown_38002,,0000000000000000,··,··,0000,0.0,0.00,0.000,0,0
12:02:09,38003,0,0,0x0000,UNB,Unb: unknown_38003,,0000000000000000,··,··,0000,0.0,0.00,0.000,0,0
12:02:09,38004,0,0,0x0000,UNB,Unb: unknown_38004,,0000000000000000,··,··,0000,0.0,0.00,0.000,0,0
12:02:09,38005,0,0,0x0000,UNB,Unb: unknown_38005,,0000000000000000,··,··,0000,0.0,0.00,0.000,0,0
12:02:09,38006,0,0,0x0000,UNB,Unb: unknown_38006,,0000000000000000,··,··,0000,0.0,0.00,0.000,0,0
12:02:09,38007,0,0,0x0000,UNB,Unb: unknown_38007,,0000000000000000,··,··,0000,0.0,0.00,0.000,0,0
12:02:09,38008,0,0,0x0000,UNB,Unb: unknown_38008,,0000000000000000,··,··,0000,0.0,0.00,0.000,0,0
12:02:09,38009,0,0,0x0000,UNB,Unb: unknown_38009,,0000000000000000,··,··,0000,0.0,0.00,0.000,0,0
12:02:09,38010,0,0,0x0000,UNB,Unb: unknown_38010,,0000000000000000,··,··,0000,0.0,0.00,0.000,0,0
12:02:09,38011,0,0,0x0000,UNB,Unb: unknown_38011,,0000000000000000,··,··,0000,0.0,0.00,0.000,0,0
12:02:09,38012,0,0,0x0000,UNB,Unb: unknown_38012,,0000000000000000,··,··,0000,0.0,0.00,0.000,0,0
12:02:09,38013,0,0,0x0000,UNB,Unb: unknown_38013,,0000000000000000,··,··,0000,0.0,0.00,0.000,0,0
12:02:09,38014,0,0,0x0000,UNB,Unb: unknown_38014,,0000000000000000,··,··,0000,0.0,0.00,0.000,,
12:02:09,41000,0,0,0x0000,VERM,Verm: reset_device,,0000000000000000,··,··,0000,0.0,0.00,0.000,,
12:02:09,41100,1,1,0x0001,VERM,Verm: modbus_address,,0000000000000001,··,··,0001,0.1,0.01,0.001,,
12:02:09,41200,1,1,0x0001,VERM,Verm: backup_function,,0000000000000001,··,··,0001,0.1,0.01,0.001,,
12:02:09,42010,2,2,0x0002,VERM,Verm: force_mode,2,0000000000000010,··,··,0002,0.2,0.02,0.002,131072,2
12:02:09,42011,0,0,0x0000,VERM,Verm: charge_to_soc,0 %,0000000000000000,··,··,0000,0.0,0.00,0.000,,
12:02:10,42020,0,0,0x0000,VERM,Verm: set_charge_power,0 W,0000000000000000,··,··,0000,0.0,0.00,0.000,,
12:02:10,43000,1,1,0x0001,VERM,Verm: user_work_mode,1,0000000000000001,··,··,0001,0.1,0.01,0.001,,
12:02:10,43101,0,0,0x0000,VERM,Verm: schedule_1_start,00:00,0000000000000000,··,··,0000,0.0,0.00,0.000,,
12:02:10,43105,0,0,0x0000,VERM,Verm: schedule_2_days,0x0000,0000000000000000,··,··,0000,0.0,0.00,0.000,0,0
12:02:10,43106,0,0,0x0000,VERM,Verm: schedule_2_start,00:00,0000000000000000,··,··,0000,0.0,0.00,0.000,0,0
12:02:10,43107,0,0,0x0000,VERM,Verm: schedule_2_end,00:00,0000000000000000,··,··,0000,0.0,0.00,0.000,0,0
12:02:10,43108,0,0,0x0000,VERM,Verm: schedule_2_mode,0 W,0000000000000000,··,··,0000,0.0,0.00,0.000,0,0
12:02:10,43109,0,0,0x0000,VERM,Verm: schedule_2_enabled,0,0000000000000000,··,··,0000,0.0,0.00,0.000,0,0
12:02:10,43110,0,0,0x0000,VERM,Verm: schedule_3_days,0x0000,0000000000000000,··,··,0000,0.0,0.00,0.000,0,0
12:02:10,43111,0,0,0x0000,VERM,Verm: schedule_3_start,00:00,0000000000000000,··,··,0000,0.0,0.00,0.000,0,0
12:02:10,43112,0,0,0x0000,VERM,Verm: schedule_3_end,00:00,0000000000000000,··,··,0000,0.0,0.00,0.000,0,0
12:02:10,43113,0,0,0x0000,VERM,Verm: schedule_3_mode,0 W,0000000000000000,··,··,0000,0.0,0.00,0.000,0,0
12:02:10,43114,0,0,0x0000,VERM,Verm: schedule_3_enabled,0,0000000000000000,··,··,0000,0.0,0.00,0.000,0,0
12:02:10,43115,0,0,0x0000,VERM,Verm: schedule_4_days,0x0000,0000000000000000,··,··,0000,0.0,0.00,0.000,0,0
12:02:10,43116,0,0,0x0000,VERM,Verm: schedule_4_start,00:00,0000000000000000,··,··,0000,0.0,0.00,0.000,0,0
12:02:10,43117,0,0,0x0000,VERM,Verm: schedule_4_end,00:00,0000000000000000,··,··,0000,0.0,0.00,0.000,0,0
12:02:10,43118,0,0,0x0000,VERM,Verm: schedule_4_mode,0 W,0000000000000000,··,··,0000,0.0,0.00,0.000,0,0
12:02:10,43119,0,0,0x0000,VERM,Verm: schedule_4_enabled,0,0000000000000000,··,··,0000,0.0,0.00,0.000,0,0
12:02:10,43120,0,0,0x0000,VERM,Verm: schedule_5_days,0x0000,0000000000000000,··,··,0000,0.0,0.00,0.000,0,0
12:02:10,43121,0,0,0x0000,VERM,Verm: schedule_5_start,00:00,0000000000000000,··,··,0000,0.0,0.00,0.000,0,0
12:02:10,43122,0,0,0x0000,VERM,Verm: schedule_5_end,00:00,0000000000000000,··,··,0000,0.0,0.00,0.000,0,0
12:02:10,43123,0,0,0x0000,VERM,Verm: schedule_5_mode,0 W,0000000000000000,··,··,0000,0.0,0.00,0.000,0,0
12:02:10,43124,0,0,0x0000,VERM,Verm: schedule_5_enabled,0,0000000000000000,··,··,0000,0.0,0.00,0.000,0,0
12:02:10,43125,0,0,0x0000,VERM,Verm: schedule_6_days,0x0000,0000000000000000,··,··,0000,0.0,0.00,0.000,0,0
12:02:10,43126,0,0,0x0000,VERM,Verm: schedule_6_start,00:00,0000000000000000,··,··,0000,0.0,0.00,0.000,0,0
12:02:10,43127,0,0,0x0000,VERM,Verm: schedule_6_end,00:00,0000000000000000,··,··,0000,0.0,0.00,0.000,0,0
12:02:10,43128,0,0,0x0000,VERM,Verm: schedule_6_mode,0 W,0000000000000000,··,··,0000,0.0,0.00,0.000,0,0
12:02:10,43129,0,0,0x0000,VERM,Verm: schedule_6_enabled,0,0000000000000000,··,··,0000,0.0,0.00,0.000,,
12:02:10,44002,0,0,0x0000,VERM,Verm: max_charge_power,0 W,0000000000000000,··,··,0000,0.0,0.00,0.000,0,0
12:02:10,44003,0,0,0x0000,VERM,Verm: max_discharge_power,0 W,0000000000000000,··,··,0000,0.0,0.00,0.000,,
12:02:20,30001,62885,-2651,0xF5A5,OK,battery_power,-2651 W,1111010110100101,··,··,-,6288.5,628.85,62.885,,
12:02:21,30006,2511,2511,0x09CF,OK,ac_power,2511 W,0000100111001111,··,··,-,251.1,25.11,2.511,,
12:02:21,30010,0,0,0x0000,UNB,Unb: ?,,0000000000000000,··,··,0000,0.0,0.00,0.000,,
12:02:21,30020,100,100,0x0064,VERM,Verm: mppt1_voltage,10 V,0000000001100100,·d,d·,0064,10.0,1.00,0.100,6553699,6488164
12:02:21,30021,99,99,0x0063,VERM,Verm: mppt2_voltage,9.900 V,0000000001100011,·c,c·,0063,9.9,0.99,0.099,6488163,6488163
12:02:21,30022,99,99,0x0063,VERM,Verm: mppt3_voltage,9.900 V,0000000001100011,·c,c·,0063,9.9,0.99,0.099,6488163,6488163
12:02:21,30023,99,99,0x0063,VERM,Verm: mppt4_voltage,9.900 V,0000000001100011,·c,c·,0063,9.9,0.99,0.099,6488064,99
12:02:21,30024,0,0,0x0000,VERM,Verm: mppt1_current,0 A,0000000000000000,··,··,0000,0.0,0.00,0.000,0,0
12:02:21,30025,0,0,0x0000,VERM,Verm: mppt2_current,0 A,0000000000000000,··,··,0000,0.0,0.00,0.000,0,0
12:02:21,30026,0,0,0x0000,VERM,Verm: mppt3_current,0 A,0000000000000000,··,··,0000,0.0,0.00,0.000,0,0
12:02:21,30027,0,0,0x0000,VERM,Verm: mppt4_current,0 A,0000000000000000,··,··,0000,0.0,0.00,0.000,,
12:02:21,30029,65515,-21,0xFFEB,VERM,Verm: battery_power_factor,-21,1111111111101011,··,··,-,6551.5,655.15,65.515,4293591040,65515
12:02:21,30030,0,0,0x0000,UNB,Unb: ?,,0000000000000000,··,··,0000,0.0,0.00,0.000,0,0
12:02:21,30031,0,0,0x0000,UNB,Unb: ?,,0000000000000000,··,··,0000,0.0,0.00,0.000,0,0
12:02:21,30032,0,0,0x0000,UNB,Unb: ?,,0000000000000000,··,··,0000,0.0,0.00,0.000,0,0
12:02:21,30033,0,0,0x0000,UNB,Unb: ?,,0000000000000000,··,··,0000,0.0,0.00,0.000,0,0
12:02:21,30034,0,0,0x0000,UNB,Unb: ?,,0000000000000000,··,··,0000,0.0,0.00,0.000,0,0
12:02:21,30035,0,0,0x0000,UNB,Unb: ?,,0000000000000000,··,··,0000,0.0,0.00,0.000,219,14352384
12:02:21,30036,219,219,0x00DB,VERM,Verm: hardware_version,219,0000000011011011,··,··,-,21.9,2.19,0.219,14352384,219
12:02:21,30037,0,0,0x0000,VERM,Verm: mppt1_power,0 W,0000000000000000,··,··,0000,0.0,0.00,0.000,0,0
12:02:21,30038,0,0,0x0000,VERM,Verm: mppt2_power,0 W,0000000000000000,··,··,0000,0.0,0.00,0.000,0,0
12:02:21,30039,0,0,0x0000,VERM,Verm: mppt3_power,0 W,0000000000000000,··,··,0000,0.0,0.00,0.000,0,0
12:02:21,30040,0,0,0x0000,VERM,Verm: mppt4_power,0 W,0000000000000000,··,··,0000,0.0,0.00,0.000,,
12:02:21,30100,5330,5330,0x14D2,VERM,Verm: battery_voltage,53.300 V,0001010011010010,··,··,-,533.0,53.30,5.330,349306880,5330
12:02:21,30101,0,0,0x0000,VERM,Verm: pack1_current_mirror,0 A,0000000000000000,··,··,0000,0.0,0.00,0.000,,
12:02:21,30106,0,0,0x0000,UNB,Unb: ?,,0000000000000000,··,··,0000,0.0,0.00,0.000,,
12:02:22,30109,0,0,0x0000,UNB,Unb: ?,,0000000000000000,··,··,0000,0.0,0.00,0.000,0,0
12:02:22,30110,0,0,0x0000,UNB,Unb: ?,,0000000000000000,··,··,0000,0.0,0.00,0.000,,
12:02:22,30201,18,18,0x0012,UNB,Unb: unknown_30201,18,0000000000010010,··,··,0012,1.8,0.18,0.018,,
12:02:22,30203,106,106,0x006A,UNB,Unb: unknown_30203,106,0000000001101010,·j,j·,-,10.6,1.06,0.106,,
12:02:22,30210,0,0,0x0000,VERM,Verm: active_pack_charge_status,0,0000000000000000,··,··,0000,0.0,0.00,0.000,0,0
12:02:22,30211,0,0,0x0000,UNB,Unb: ?,,0000000000000000,··,··,0000,0.0,0.00,0.000,5,327680
12:02:22,30212,5,5,0x0005,VERM,Verm: pack_config,5,0000000000000101,··,··,0005,0.5,0.05,0.005,327680,5
12:02:22,30213,0,0,0x0000,UNB,Unb: ?,,0000000000000000,··,··,0000,0.0,0.00,0.000,0,0
12:02:22,30214,0,0,0x0000,UNB,Unb: ?,,0000000000000000,··,··,0000,0.0,0.00,0.000,,
12:02:22,30300,1,1,0x0001,VERM,Verm: wifi_status,1,0000000000000001,··,··,0001,0.1,0.01,0.001,65537,65537
12:02:22,30301,1,1,0x0001,VERM,Verm: active_inverter_state,1,0000000000000001,··,··,0001,0.1,0.01,0.001,65536,1
12:02:22,30302,0,0,0x0000,VERM,Verm: cloud_status,0,0000000000000000,··,··,0000,0.0,0.00,0.000,61,3997696
12:02:22,30303,61,61,0x003D,VERM,Verm: wifi_signal_strength,-61 dBm,0000000000111101,·=,=·,-,6.1,0.61,0.061,,
12:02:22,30400,49320,-16216,0xC0A8,UNB,Unb: ip_address,192.168,1100000010101000,··,··,-,4932.0,493.20,49.320,,
12:02:23,31003,5,5,0x0005,VERM,Verm: pack_dependent_31003,5,0000000000000101,··,··,0005,0.5,0.05,0.005,329223,101122053
12:02:23,31004,1543,1543,0x0607,VERM,Verm: pack_dependent_31004,1543,0000011000000111,··,··,0607,154.3,15.43,1.543,101122048,1543
12:02:23,31005,0,0,0x0000,UNB,Unb: unknown_31005,,0000000000000000,··,··,0000,0.0,0.00,0.000,0,0
12:02:23,31006,0,0,0x0000,UNB,Unb: unknown_31006,,0000000000000000,··,··,0000,0.0,0.00,0.000,0,0
12:02:23,31007,0,0,0x0000,UNB,Unb: unknown_31007,,0000000000000000,··,··,0000,0.0,0.00,0.000,0,0
12:02:23,31008,0,0,0x0000,UNB,Unb: unknown_31008,,0000000000000000,··,··,0000,0.0,0.00,0.000,0,0
12:02:23,31009,0,0,0x0000,UNB,Unb: unknown_31009,,0000000000000000,··,··,0000,0.0,0.00,0.000,,
12:02:23,32100,5330,5330,0x14D2,OK,dc_voltage,53.300 V,0001010011010010,··,··,-,533.0,53.30,5.330,349346149,2573538514
12:02:23,32101,39269,-26267,0x9965,OK,dc_current,39269 A,1001100101100101,·e,e·,9965,3926.9,392.69,39.269,2573533184,39269
12:02:23,32102,0,0,0x0000,UNB,Unb: unknown_32102,,0000000000000000,··,··,0000,0.0,0.00,0.000,,
12:02:23,32201,2484,2484,0x09B4,VERM,Verm: ac_voltage_2,248.400 V,0000100110110100,··,··,-,248.4,24.84,2.484,162791424,2484
12:02:23,32202,0,0,0x0000,OK,ac_power_hi,0 W,0000000000000000,··,··,0000,0.0,0.00,0.000,2511,164560896
12:02:23,32203,2511,2511,0x09CF,OK,ac_power_lo,2511 W,0000100111001111,··,··,-,251.1,25.11,2.511,,
12:02:23,34004,0,0,0x0000,VERM,Verm: pack1_charge_status,0,0000000000000000,··,··,0000,0.0,0.00,0.000,,
12:02:23,34104,0,0,0x0000,VERM,Verm: pack2_charge_status,0,0000000000000000,··,··,0000,0.0,0.00,0.000,,
12:02:23,34204,0,0,0x0000,VERM,Verm: pack3_charge_status,0,0000000000000000,··,··,0000,0.0,0.00,0.000,,
12:02:23,34304,0,0,0x0000,VERM,Verm: pack4_charge_status,0,0000000000000000,··,··,0000,0.0,0.00,0.000,,
12:02:24,35011,238,238,0x00EE,VERM,Verm: pack1_env_ntc_mirror,23.800 °C,0000000011101110,··,··,-,23.8,2.38,0.238,,
12:02:24,35110,576,576,0x0240,VERM,Verm: max_charge_power,576,0000001001000000,·@,@·,0240,57.6,5.76,0.576,37748986,16384576
12:02:24,35111,250,250,0x00FA,VERM,Verm: power_level,250,0000000011111010,··,··,-,25.0,2.50,0.250,16384500,32768250
12:02:24,35112,500,500,0x01F4,VERM,Verm: max_discharge_power,500,0000000111110100,··,··,-,50.0,5.00,0.500,,
12:02:24,36101,0,0,0x0000,VERM,Verm: fault_status_2,0x0000,0000000000000000,··,··,0000,0.0,0.00,0.000,,
12:02:24,37000,1,1,0x0001,VERM,Verm: system_online,1,0000000000000001,··,··,0001,0.1,0.01,0.001,65536,1
12:02:24,37001,0,0,0x0000,UNB,Unb: ?,,0000000000000000,··,··,0000,0.0,0.00,0.000,0,0
12:02:24,37002,0,0,0x0000,UNB,Unb: ?,,0000000000000000,··,··,0000,0.0,0.00,0.000,0,0
12:02:24,37003,0,0,0x0000,UNB,Unb: ?,,0000000000000000,··,··,0000,0.0,0.00,0.000,,
12:02:24,37009,0,0,0x0000,UNB,Unb: ?,,0000000000000000,··,··,0000,0.0,0.00,0.000,0,0
12:02:24,37010,0,0,0x0000,UNB,Unb: ?,,0000000000000000,··,··,0000,0.0,0.00,0.000,0,0
12:02:24,37011,0,0,0x0000,UNB,Unb: ?,,0000000000000000,··,··,0000,0.0,0.00,0.000,118,7733248
12:02:24,37012,118,118,0x0076,VERM,Verm: bms_version_mirror,118,0000000001110110,·v,v·,0076,11.8,1.18,0.118,7733248,118
12:02:24,37013,0,0,0x0000,VERM,Verm: fault_status_mirror,0x0000,0000000000000000,··,··,0000,0.0,0.00,0.000,0,0
12:02:24,37014,0,0,0x0000,VERM,Verm: fault_status_2_mirror,0x0000,0000000000000000,··,··,0000,0.0,0.00,0.000,0,0
12:02:24,37015,0,0,0x0000,UNB,Unb: ?,,0000000000000000,··,··,0000,0.0,0.00,0.000,0,0
12:02:24,37016,0,0,0x0000,VERM,Verm: offgrid_ac_voltage,0 V,0000000000000000,··,··,0000,0.0,0.00,0.000,0,0
12:02:24,37017,0,0,0x0000,UNB,Unb: ?,,0000000000000000,··,··,0000,0.0,0.00,0.000,0,0
12:02:24,37018,0,0,0x0000,UNB,Unb: ?,,0000000000000000,··,··,0000,0.0,0.00,0.000,0,0
12:02:24,37019,0,0,0x0000,UNB,Unb: ?,,0000000000000000,··,··,0000,0.0,0.00,0.000,0,0
12:02:24,37020,0,0,0x0000,UNB,Unb: ?,,0000000000000000,··,··,0000,0.0,0.00,0.000,0,0
12:02:24,37021,0,0,0x0000,UNB,Unb: ?,,0000000000000000,··,··,0000,0.0,0.00,0.000,0,0
12:02:24,37022,0,0,0x0000,VERM,Verm: offgrid_dc_voltage,0 V,0000000000000000,··,··,0000,0.0,0.00,0.000,0,0
12:02:24,37023,0,0,0x0000,UNB,Unb: ?,,0000000000000000,··,··,0000,0.0,0.00,0.000,0,0
12:02:24,37024,0,0,0x0000,UNB,Unb: ?,,0000000000000000,··,··,0000,0.0,0.00,0.000,,
12:02:24,38000,0,0,0x0000,UNB,Unb: unknown_38000,,0000000000000000,··,··,0000,0.0,0.00,0.000,0,0
12:02:24,38001,0,0,0x0000,UNB,Unb: unknown_38001,,0000000000000000,··,··,0000,0.0,0.00,0.000,0,0
12:02:24,38002,0,0,0x0000,UNB,Unb: unknown_38002,,0000000000000000,··,··,0000,0.0,0.00,0.000,0,0
12:02:24,38003,0,0,0x0000,UNB,Unb: unknown_38003,,0000000000000000,··,··,0000,0.0,0.00,0.000,0,0
12:02:24,38004,0,0,0x0000,UNB,Unb: unknown_38004,,0000000000000000,··,··,0000,0.0,0.00,0.000,0,0
12:02:24,38005,0,0,0x0000,UNB,Unb: unknown_38005,,0000000000000000,··,··,0000,0.0,0.00,0.000,0,0
12:02:24,38006,0,0,0x0000,UNB,Unb: unknown_38006,,0000000000000000,··,··,0000,0.0,0.00,0.000,0,0
12:02:24,38007,0,0,0x0000,UNB,Unb: unknown_38007,,0000000000000000,··,··,0000,0.0,0.00,0.000,0,0
12:02:24,38008,0,0,0x0000,UNB,Unb: unknown_38008,,0000000000000000,··,··,0000,0.0,0.00,0.000,0,0
12:02:24,38009,0,0,0x0000,UNB,Unb: unknown_38009,,0000000000000000,··,··,0000,0.0,0.00,0.000,0,0
12:02:24,38010,0,0,0x0000,UNB,Unb: unknown_38010,,0000000000000000,··,··,0000,0.0,0.00,0.000,0,0
12:02:24,38011,0,0,0x0000,UNB,Unb: unknown_38011,,0000000000000000,··,··,0000,0.0,0.00,0.000,0,0
12:02:24,38012,0,0,0x0000,UNB,Unb: unknown_38012,,0000000000000000,··,··,0000,0.0,0.00,0.000,0,0
12:02:24,38013,0,0,0x0000,UNB,Unb: unknown_38013,,0000000000000000,··,··,0000,0.0,0.00,0.000,0,0
12:02:24,38014,0,0,0x0000,UNB,Unb: unknown_38014,,0000000000000000,··,··,0000,0.0,0.00,0.000,,
12:02:25,41000,0,0,0x0000,VERM,Verm: reset_device,,0000000000000000,··,··,0000,0.0,0.00,0.000,,
12:02:25,41100,1,1,0x0001,VERM,Verm: modbus_address,,0000000000000001,··,··,0001,0.1,0.01,0.001,,
12:02:25,41200,1,1,0x0001,VERM,Verm: backup_function,,0000000000000001,··,··,0001,0.1,0.01,0.001,,
12:02:25,42010,2,2,0x0002,VERM,Verm: force_mode,2,0000000000000010,··,··,0002,0.2,0.02,0.002,131072,2
12:02:25,42011,0,0,0x0000,VERM,Verm: charge_to_soc,0 %,0000000000000000,··,··,0000,0.0,0.00,0.000,,
12:02:25,42020,0,0,0x0000,VERM,Verm: set_charge_power,0 W,0000000000000000,··,··,0000,0.0,0.00,0.000,,
12:02:26,43000,1,1,0x0001,VERM,Verm: user_work_mode,1,0000000000000001,··,··,0001,0.1,0.01,0.001,,
12:02:26,43101,0,0,0x0000,VERM,Verm: schedule_1_start,00:00,0000000000000000,··,··,0000,0.0,0.00,0.000,,
12:02:26,43105,0,0,0x0000,VERM,Verm: schedule_2_days,0x0000,0000000000000000,··,··,0000,0.0,0.00,0.000,0,0
12:02:26,43106,0,0,0x0000,VERM,Verm: schedule_2_start,00:00,0000000000000000,··,··,0000,0.0,0.00,0.000,0,0
12:02:26,43107,0,0,0x0000,VERM,Verm: schedule_2_end,00:00,0000000000000000,··,··,0000,0.0,0.00,0.000,0,0
12:02:26,43108,0,0,0x0000,VERM,Verm: schedule_2_mode,0 W,0000000000000000,··,··,0000,0.0,0.00,0.000,0,0
12:02:26,43109,0,0,0x0000,VERM,Verm: schedule_2_enabled,0,0000000000000000,··,··,0000,0.0,0.00,0.000,0,0
12:02:26,43110,0,0,0x0000,VERM,Verm: schedule_3_days,0x0000,0000000000000000,··,··,0000,0.0,0.00,0.000,0,0
12:02:26,43111,0,0,0x0000,VERM,Verm: schedule_3_start,00:00,0000000000000000,··,··,0000,0.0,0.00,0.000,0,0
12:02:26,43112,0,0,0x0000,VERM,Verm: schedule_3_end,00:00,0000000000000000,··,··,0000,0.0,0.00,0.000,0,0
12:02:26,43113,0,0,0x0000,VERM,Verm: schedule_3_mode,0 W,0000000000000000,··,··,0000,0.0,0.00,0.000,0,0
12:02:26,43114,0,0,0x0000,VERM,Verm: schedule_3_enabled,0,0000000000000000,··,··,0000,0.0,0.00,0.000,0,0
12:02:26,43115,0,0,0x0000,VERM,Verm: schedule_4_days,0x0000,0000000000000000,··,··,0000,0.0,0.00,0.000,0,0
12:02:26,43116,0,0,0x0000,VERM,Verm: schedule_4_start,00:00,0000000000000000,··,··,0000,0.0,0.00,0.000,0,0
12:02:26,43117,0,0,0x0000,VERM,Verm: schedule_4_end,00:00,0000000000000000,··,··,0000,0.0,0.00,0.000,0,0
12:02:26,43118,0,0,0x0000,VERM,Verm: schedule_4_mode,0 W,0000000000000000,··,··,0000,0.0,0.00,0.000,0,0
12:02:26,43119,0,0,0x0000,VERM,Verm: schedule_4_enabled,0,0000000000000000,··,··,0000,0.0,0.00,0.000,0,0
12:02:26,43120,0,0,0x0000,VERM,Verm: schedule_5_days,0x0000,0000000000000000,··,··,0000,0.0,0.00,0.000,0,0
12:02:26,43121,0,0,0x0000,VERM,Verm: schedule_5_start,00:00,0000000000000000,··,··,0000,0.0,0.00,0.000,0,0
12:02:26,43122,0,0,0x0000,VERM,Verm: schedule_5_end,00:00,0000000000000000,··,··,0000,0.0,0.00,0.000,0,0
12:02:26,43123,0,0,0x0000,VERM,Verm: schedule_5_mode,0 W,0000000000000000,··,··,0000,0.0,0.00,0.000,0,0
12:02:26,43124,0,0,0x0000,VERM,Verm: schedule_5_enabled,0,0000000000000000,··,··,0000,0.0,0.00,0.000,0,0
12:02:26,43125,0,0,0x0000,VERM,Verm: schedule_6_days,0x0000,0000000000000000,··,··,0000,0.0,0.00,0.000,0,0
12:02:26,43126,0,0,0x0000,VERM,Verm: schedule_6_start,00:00,0000000000000000,··,··,0000,0.0,0.00,0.000,0,0
12:02:26,43127,0,0,0x0000,VERM,Verm: schedule_6_end,00:00,0000000000000000,··,··,0000,0.0,0.00,0.000,0,0
12:02:26,43128,0,0,0x0000,VERM,Verm: schedule_6_mode,0 W,0000000000000000,··,··,0000,0.0,0.00,0.000,0,0
12:02:26,43129,0,0,0x0000,VERM,Verm: schedule_6_enabled,0,0000000000000000,··,··,0000,0.0,0.00,0.000,,
12:02:26,44002,0,0,0x0000,VERM,Verm: max_charge_power,0 W,0000000000000000,··,··,0000,0.0,0.00,0.000,0,0
12:02:26,44003,0,0,0x0000,VERM,Verm: max_discharge_power,0 W,0000000000000000,··,··,0000,0.0,0.00,0.000,,
12:02:37,30001,62880,-2656,0xF5A0,OK,battery_power,-2656 W,1111010110100000,··,··,-,6288.0,628.80,62.880,,
12:02:37,30006,2511,2511,0x09CF,OK,ac_power,2511 W,0000100111001111,··,··,-,251.1,25.11,2.511,,
12:02:37,30010,0,0,0x0000,UNB,Unb: ?,,0000000000000000,··,··,0000,0.0,0.00,0.000,,
12:02:37,30020,100,100,0x0064,VERM,Verm: mppt1_voltage,10 V,0000000001100100,·d,d·,0064,10.0,1.00,0.100,6553699,6488164
12:02:37,30021,99,99,0x0063,VERM,Verm: mppt2_voltage,9.900 V,0000000001100011,·c,c·,0063,9.9,0.99,0.099,6488163,6488163
12:02:37,30022,99,99,0x0063,VERM,Verm: mppt3_voltage,9.900 V,0000000001100011,·c,c·,0063,9.9,0.99,0.099,6488163,6488163
12:02:37,30023,99,99,0x0063,VERM,Verm: mppt4_voltage,9.900 V,0000000001100011,·c,c·,0063,9.9,0.99,0.099,6488064,99
12:02:37,30024,0,0,0x0000,VERM,Verm: mppt1_current,0 A,0000000000000000,··,··,0000,0.0,0.00,0.000,0,0
12:02:37,30025,0,0,0x0000,VERM,Verm: mppt2_current,0 A,0000000000000000,··,··,0000,0.0,0.00,0.000,0,0
12:02:37,30026,0,0,0x0000,VERM,Verm: mppt3_current,0 A,0000000000000000,··,··,0000,0.0,0.00,0.000,0,0
12:02:37,30027,0,0,0x0000,VERM,Verm: mppt4_current,0 A,0000000000000000,··,··,0000,0.0,0.00,0.000,,
12:02:37,30029,65515,-21,0xFFEB,VERM,Verm: battery_power_factor,-21,1111111111101011,··,··,-,6551.5,655.15,65.515,4293591040,65515
12:02:37,30030,0,0,0x0000,UNB,Unb: ?,,0000000000000000,··,··,0000,0.0,0.00,0.000,0,0
12:02:37,30031,0,0,0x0000,UNB,Unb: ?,,0000000000000000,··,··,0000,0.0,0.00,0.000,0,0
12:02:37,30032,0,0,0x0000,UNB,Unb: ?,,0000000000000000,··,··,0000,0.0,0.00,0.000,0,0
12:02:37,30033,0,0,0x0000,UNB,Unb: ?,,0000000000000000,··,··,0000,0.0,0.00,0.000,0,0
12:02:37,30034,0,0,0x0000,UNB,Unb: ?,,0000000000000000,··,··,0000,0.0,0.00,0.000,0,0
12:02:37,30035,0,0,0x0000,UNB,Unb: ?,,0000000000000000,··,··,0000,0.0,0.00,0.000,219,14352384
12:02:37,30036,219,219,0x00DB,VERM,Verm: hardware_version,219,0000000011011011,··,··,-,21.9,2.19,0.219,14352384,219
12:02:37,30037,0,0,0x0000,VERM,Verm: mppt1_power,0 W,0000000000000000,··,··,0000,0.0,0.00,0.000,0,0
12:02:37,30038,0,0,0x0000,VERM,Verm: mppt2_power,0 W,0000000000000000,··,··,0000,0.0,0.00,0.000,0,0
12:02:37,30039,0,0,0x0000,VERM,Verm: mppt3_power,0 W,0000000000000000,··,··,0000,0.0,0.00,0.000,0,0
12:02:37,30040,0,0,0x0000,VERM,Verm: mppt4_power,0 W,0000000000000000,··,··,0000,0.0,0.00,0.000,,
12:02:37,30100,5330,5330,0x14D2,VERM,Verm: battery_voltage,53.300 V,0001010011010010,··,··,-,533.0,53.30,5.330,349306880,5330
12:02:37,30101,0,0,0x0000,VERM,Verm: pack1_current_mirror,0 A,0000000000000000,··,··,0000,0.0,0.00,0.000,,
12:02:38,30106,0,0,0x0000,UNB,Unb: ?,,0000000000000000,··,··,0000,0.0,0.00,0.000,,
12:02:42,30109,0,0,0x0000,UNB,Unb: ?,,0000000000000000,··,··,0000,0.0,0.00,0.000,0,0
12:02:42,30110,0,0,0x0000,UNB,Unb: ?,,0000000000000000,··,··,0000,0.0,0.00,0.000,,
12:02:42,30201,0,0,0x0000,UNB,Unb: unknown_30201,0,0000000000000000,··,··,0000,0.0,0.00,0.000,,
12:02:43,30203,18,18,0x0012,UNB,Unb: unknown_30203,18,0000000000010010,··,··,0012,1.8,0.18,0.018,,
12:02:43,30210,106,106,0x006A,VERM,Verm: active_pack_charge_status,106,0000000001101010,·j,j·,-,10.6,1.06,0.106,,
12:02:43,30300,0,0,0x0000,VERM,Verm: wifi_status,0,0000000000000000,··,··,0000,0.0,0.00,0.000,0,0
12:02:43,30301,0,0,0x0000,VERM,Verm: active_inverter_state,0,0000000000000000,··,··,0000,0.0,0.00,0.000,5,327680
12:02:43,30302,5,5,0x0005,VERM,Verm: cloud_status,5,0000000000000101,··,··,0005,0.5,0.05,0.005,327680,5
12:02:43,30303,0,0,0x0000,VERM,Verm: wifi_signal_strength,0 dBm,0000000000000000,··,··,0000,0.0,0.00,0.000,,
12:02:43,30400,1,1,0x0001,UNB,Unb: ip_address,0.1,0000000000000001,··,··,0001,0.1,0.01,0.001,,
12:02:43,31003,49320,-16216,0xC0A8,VERM,Verm: pack_dependent_31003,49320,1100000010101000,··,··,-,4932.0,493.20,49.320,,
12:02:44,32100,5,5,0x0005,OK,dc_voltage,0.050 V,0000000000000101,··,··,0005,0.5,0.05,0.005,329223,101122053
12:02:44,32101,1543,1543,0x0607,OK,dc_current,1543 A,0000011000000111,··,··,0607,154.3,15.43,1.543,101122048,1543
12:02:44,32102,0,0,0x0000,UNB,Unb: unknown_32102,,0000000000000000,··,··,0000,0.0,0.00,0.000,,
12:02:44,32201,5330,5330,0x14D2,VERM,Verm: ac_voltage_2,533 V,0001010011010010,··,··,-,533.0,53.30,5.330,349346149,2573538514
12:02:44,32202,39269,-26267,0x9965,OK,ac_power_hi,-26267 W,1001100101100101,·e,e·,9965,3926.9,392.69,39.269,2573533184,39269
12:02:44,32203,0,0,0x0000,OK,ac_power_lo,0 W,0000000000000000,··,··,0000,0.0,0.00,0.000,,
12:02:44,34004,2488,2488,0x09B8,VERM,Verm: pack1_charge_status,2488,0000100110111000,··,··,-,248.8,24.88,2.488,,
12:02:44,34104,0,0,0x0000,VERM,Verm: pack2_charge_status,0,0000000000000000,··,··,0000,0.0,0.00,0.000,,
12:02:44,34204,0,0,0x0000,VERM,Verm: pack3_charge_status,0,0000000000000000,··,··,0000,0.0,0.00,0.000,,
12:02:45,34304,0,0,0x0000,VERM,Verm: pack4_charge_status,0,0000000000000000,··,··,0000,0.0,0.00,0.000,,
12:02:45,35011,0,0,0x0000,VERM,Verm: pack1_env_ntc_mirror,0 °C,0000000000000000,··,··,0000,0.0,0.00,0.000,,
12:02:45,35110,238,238,0x00EE,VERM,Verm: max_charge_power,238,0000000011101110,··,··,-,23.8,2.38,0.238,,
12:02:45,36101,576,576,0x0240,VERM,Verm: fault_status_2,0x0240,0000001001000000,·@,@·,0240,57.6,5.76,0.576,,
12:02:46,37000,0,0,0x0000,VERM,Verm: system_online,0,0000000000000000,··,··,0000,0.0,0.00,0.000,,
12:02:46,37009,1,1,0x0001,UNB,Unb: ?,,0000000000000001,··,··,0001,0.1,0.01,0.001,65536,1
12:02:46,37010,0,0,0x0000,UNB,Unb: ?,,0000000000000000,··,··,0000,0.0,0.00,0.000,0,0
12:02:46,37011,0,0,0x0000,UNB,Unb: ?,,0000000000000000,··,··,0000,0.0,0.00,0.000,0,0
12:02:46,37012,0,0,0x0000,VERM,Verm: bms_version_mirror,0,0000000000000000,··,··,0000,0.0,0.00,0.000,,
12:02:46,38000,0,0,0x0000,UNB,Unb: unknown_38000,,0000000000000000,··,··,0000,0.0,0.00,0.000,0,0
12:02:46,38001,0,0,0x0000,UNB,Unb: unknown_38001,,0000000000000000,··,··,0000,0.0,0.00,0.000,0,0
12:02:46,38002,0,0,0x0000,UNB,Unb: unknown_38002,,0000000000000000,··,··,0000,0.0,0.00,0.000,118,7733248
12:02:46,38003,118,118,0x0076,UNB,Unb: unknown_38003,,0000000001110110,·v,v·,0076,11.8,1.18,0.118,7733248,118
12:02:46,38004,0,0,0x0000,UNB,Unb: unknown_38004,,0000000000000000,··,··,0000,0.0,0.00,0.000,0,0
12:02:46,38005,0,0,0x0000,UNB,Unb: unknown_38005,,0000000000000000,··,··,0000,0.0,0.00,0.000,0,0
12:02:46,38006,0,0,0x0000,UNB,Unb: unknown_38006,,0000000000000000,··,··,0000,0.0,0.00,0.000,0,0
12:02:46,38007,0,0,0x0000,UNB,Unb: unknown_38007,,0000000000000000,··,··,0000,0.0,0.00,0.000,0,0
12:02:46,38008,0,0,0x0000,UNB,Unb: unknown_38008,,0000000000000000,··,··,0000,0.0,0.00,0.000,0,0
12:02:46,38009,0,0,0x0000,UNB,Unb: unknown_38009,,0000000000000000,··,··,0000,0.0,0.00,0.000,0,0
12:02:46,38010,0,0,0x0000,UNB,Unb: unknown_38010,,0000000000000000,··,··,0000,0.0,0.00,0.000,0,0
12:02:46,38011,0,0,0x0000,UNB,Unb: unknown_38011,,0000000000000000,··,··,0000,0.0,0.00,0.000,0,0
12:02:46,38012,0,0,0x0000,UNB,Unb: unknown_38012,,0000000000000000,··,··,0000,0.0,0.00,0.000,0,0
12:02:46,38013,0,0,0x0000,UNB,Unb: unknown_38013,,0000000000000000,··,··,0000,0.0,0.00,0.000,0,0
12:02:46,38014,0,0,0x0000,UNB,Unb: unknown_38014,,0000000000000000,··,··,0000,0.0,0.00,0.000,,
12:02:46,41000,0,0,0x0000,VERM,Verm: reset_device,,0000000000000000,··,··,0000,0.0,0.00,0.000,,
12:02:47,41100,0,0,0x0000,VERM,Verm: modbus_address,,0000000000000000,··,··,0000,0.0,0.00,0.000,,
12:02:47,41200,1,1,0x0001,VERM,Verm: backup_function,,0000000000000001,··,··,0001,0.1,0.01,0.001,,
12:02:47,42010,1,1,0x0001,VERM,Verm: force_mode,1,0000000000000001,··,··,0001,0.1,0.01,0.001,,
12:02:47,42020,2,2,0x0002,VERM,Verm: set_charge_power,2 W,0000000000000010,··,··,0002,0.2,0.02,0.002,,
12:02:47,43000,0,0,0x0000,VERM,Verm: user_work_mode,0,0000000000000000,··,··,0000,0.0,0.00,0.000,,
12:02:48,43101,1,1,0x0001,VERM,Verm: schedule_1_start,00:01,0000000000000001,··,··,0001,0.1,0.01,0.001,,
12:02:48,43105,0,0,0x0000,VERM,Verm: schedule_2_days,0x0000,0000000000000000,··,··,0000,0.0,0.00,0.000,,
12:02:48,44002,0,0,0x0000,VERM,Verm: max_charge_power,0 W,0000000000000000,··,··,0000,0.0,0.00,0.000,0,0
12:02:48,44003,0,0,0x0000,VERM,Verm: max_discharge_power,0 W,0000000000000000,··,··,0000,0.0,0.00,0.000,,
