Register,raw_uint16,raw_int16,hex
30000,545,545,0x0221
30001,2039,2039,0x07F7
30002,325,325,0x0145
30003,334,334,0x014E
30004,2396,2396,0x095C
30005,5,5,0x0005
30006,63364,-2172,0xF784
30007,0,0,0x0000
30010,0,0,0x0000
30020,100,100,0x0064
30021,99,99,0x0063
30022,99,99,0x0063
30023,99,99,0x0063
30024,0,0,0x0000
30025,0,0,0x0000
30026,0,0,0x0000
30027,0,0,0x0000
30028,547,547,0x0223
30029,11,11,0x000B
30030,0,0,0x0000
30031,0,0,0x0000
30032,0,0,0x0000
30033,0,0,0x0000
30034,0,0,0x0000
30035,0,0,0x0000
30036,219,219,0x00DB
30037,0,0,0x0000
30038,0,0,0x0000
30039,0,0,0x0000
30040,0,0,0x0000
30100,5291,5291,0x14AB
30101,0,0,0x0000
30102,3308,3308,0x0CEC
30103,3306,3306,0x0CEA
30104,2760,2760,0x0AC8
30105,2670,2670,0x0A6E
30106,0,0,0x0000
30107,335,335,0x014F
30108,322,322,0x0142
30109,0,0,0x0000
30110,0,0,0x0000
30200,147,147,0x0093
30201,18,18,0x0012
30202,115,115,0x0073
30203,106,106,0x006A
30204,116,116,0x0074
30205,104,104,0x0068
30210,0,0,0x0000
30211,0,0,0x0000
30212,5,5,0x0005
30213,0,0,0x0000
30214,0,0,0x0000
30300,1,1,0x0001
30301,1,1,0x0001
30302,0,0,0x0000
30303,54,54,0x0036
30304,13880,13880,0x3638
30305,12852,12852,0x3234
30306,14649,14649,0x3939
30307,17733,17733,0x4545
30308,17975,17975,0x4637
30309,13635,13635,0x3543
30350,12848,12848,0x3230
30351,12852,12852,0x3234
30352,12345,12345,0x3039
30353,12345,12345,0x3039
30354,12337,12337,0x3031
30355,13625,13625,0x3539
30400,49320,-16216,0xC0A8
30401,46490,-19046,0xB59A
30402,49320,-16216,0xC0A8
30403,46337,-19199,0xB501
31000,22094,22094,0x564E
31001,21316,21316,0x5344
31002,11568,11568,0x2D30
31003,5,5,0x0005
31004,1543,1543,0x0607
31005,0,0,0x0000
31006,0,0,0x0000
31007,0,0,0x0000
31008,0,0,0x0000
31009,0,0,0x0000
32105,10240,10240,0x2800
32200,2395,2395,0x095B
32204,499,499,0x01F3
32300,5,5,0x0005
32301,5,5,0x0005
32302,0,0,0x0000
33000,0,0,0x0000
33001,29666,29666,0x73E2
33002,0,0,0x0000
33003,24386,24386,0x5F42
33004,0,0,0x0000
33005,72,72,0x0048
33006,0,0,0x0000
33007,410,410,0x019A
33008,0,0,0x0000
33009,1085,1085,0x043D
33010,0,0,0x0000
33011,1241,1241,0x04D9
34000,5291,5291,0x14AB
34001,0,0,0x0000
34002,501,501,0x01F5
34003,6,6,0x0006
34004,0,0,0x0000
34005,3308,3308,0x0CEC
34006,3306,3306,0x0CEA
34007,0,0,0x0000
34008,0,0,0x0000
34009,0,0,0x0000
34010,116,116,0x0074
34011,335,335,0x014F
34012,321,321,0x0141
34013,276,276,0x0114
34014,268,268,0x010C
34015,270,270,0x010E
34016,267,267,0x010B
34017,0,0,0x0000
34018,3307,3307,0x0CEB
34019,3306,3306,0x0CEA
34020,3307,3307,0x0CEB
34021,3308,3308,0x0CEC
34022,3307,3307,0x0CEB
34023,3308,3308,0x0CEC
34024,3307,3307,0x0CEB
34025,3308,3308,0x0CEC
34026,3307,3307,0x0CEB
34027,3308,3308,0x0CEC
34028,3307,3307,0x0CEB
34029,3307,3307,0x0CEB
34030,3307,3307,0x0CEB
34031,3308,3308,0x0CEC
34032,3307,3307,0x0CEB
34033,3306,3306,0x0CEA
34100,5263,5263,0x148F
34101,0,0,0x0000
34102,406,406,0x0196
34103,6,6,0x0006
34104,0,0,0x0000
34105,3291,3291,0x0CDB
34106,3289,3289,0x0CD9
34107,0,0,0x0000
34108,0,0,0x0000
34109,0,0,0x0000
34110,116,116,0x0074
34111,309,309,0x0135
34112,258,258,0x0102
34113,230,230,0x00E6
34114,232,232,0x00E8
34115,228,228,0x00E4
34116,233,233,0x00E9
34117,0,0,0x0000
34118,3290,3290,0x0CDA
34119,3290,3290,0x0CDA
34120,3290,3290,0x0CDA
34121,3290,3290,0x0CDA
34122,3290,3290,0x0CDA
34123,3290,3290,0x0CDA
34124,3289,3289,0x0CD9
34125,3291,3291,0x0CDB
34126,3289,3289,0x0CD9
34127,3291,3291,0x0CDB
34128,3290,3290,0x0CDA
34129,3290,3290,0x0CDA
34130,3290,3290,0x0CDA
34131,3291,3291,0x0CDB
34132,3289,3289,0x0CD9
34133,3289,3289,0x0CD9
34200,5299,5299,0x14B3
34201,0,0,0x0000
34202,401,401,0x0191
34203,49,49,0x0031
34204,0,0,0x0000
34205,3313,3313,0x0CF1
34206,3311,3311,0x0CEF
34207,0,0,0x0000
34208,0,0,0x0000
34209,0,0,0x0000
34210,116,116,0x0074
34211,319,319,0x013F
34212,315,315,0x013B
34213,237,237,0x00ED
34214,236,236,0x00EC
34215,236,236,0x00EC
34216,236,236,0x00EC
34217,0,0,0x0000
34218,3312,3312,0x0CF0
34219,3312,3312,0x0CF0
34220,3312,3312,0x0CF0
34221,3313,3313,0x0CF1
34222,3312,3312,0x0CF0
34223,3312,3312,0x0CF0
34224,3312,3312,0x0CF0
34225,3313,3313,0x0CF1
34226,3312,3312,0x0CF0
34227,3312,3312,0x0CF0
34228,3311,3311,0x0CEF
34229,3312,3312,0x0CF0
34230,3312,3312,0x0CF0
34231,3312,3312,0x0CF0
34232,3311,3311,0x0CEF
34233,3312,3312,0x0CF0
34300,5402,5402,0x151A
34301,375,375,0x0177
34302,323,323,0x0143
34303,44,44,0x002C
34304,3,3,0x0003
34305,3378,3378,0x0D32
34306,3374,3374,0x0D2E
34307,0,0,0x0000
34308,0,0,0x0000
34309,0,0,0x0000
34310,116,116,0x0074
34311,287,287,0x011F
34312,255,255,0x00FF
34313,220,220,0x00DC
34314,221,221,0x00DD
34315,218,218,0x00DA
34316,221,221,0x00DD
34317,0,0,0x0000
34318,3376,3376,0x0D30
34319,3377,3377,0x0D31
34320,3377,3377,0x0D31
34321,3377,3377,0x0D31
34322,3377,3377,0x0D31
34323,3376,3376,0x0D30
34324,3376,3376,0x0D30
34325,3377,3377,0x0D31
34326,3377,3377,0x0D31
34327,3377,3377,0x0D31
34328,3376,3376,0x0D30
34329,3377,3377,0x0D31
34330,3375,3375,0x0D2F
34331,3378,3378,0x0D32
34332,3376,3376,0x0D30
34333,3375,3375,0x0D2F
34400,0,0,0x0000
34401,0,0,0x0000
34402,0,0,0x0000
34403,0,0,0x0000
34404,0,0,0x0000
34405,0,0,0x0000
34406,0,0,0x0000
34407,0,0,0x0000
34408,0,0,0x0000
34409,0,0,0x0000
34410,0,0,0x0000
34411,0,0,0x0000
34412,0,0,0x0000
34413,0,0,0x0000
34414,0,0,0x0000
34415,0,0,0x0000
34416,0,0,0x0000
34417,0,0,0x0000
34418,0,0,0x0000
34419,0,0,0x0000
34420,0,0,0x0000
34421,0,0,0x0000
34422,0,0,0x0000
34423,0,0,0x0000
34424,0,0,0x0000
34425,0,0,0x0000
34426,0,0,0x0000
34427,0,0,0x0000
34428,0,0,0x0000
34429,0,0,0x0000
34430,0,0,0x0000
34431,0,0,0x0000
34432,0,0,0x0000
34433,0,0,0x0000
34500,0,0,0x0000
34501,0,0,0x0000
34502,0,0,0x0000
34503,0,0,0x0000
34504,0,0,0x0000
34505,0,0,0x0000
34506,0,0,0x0000
34507,0,0,0x0000
34508,0,0,0x0000
34509,0,0,0x0000
34510,0,0,0x0000
34511,0,0,0x0000
34512,0,0,0x0000
34513,0,0,0x0000
34514,0,0,0x0000
34515,0,0,0x0000
34516,0,0,0x0000
34517,0,0,0x0000
34518,0,0,0x0000
34519,0,0,0x0000
34520,0,0,0x0000
34521,0,0,0x0000
34522,0,0,0x0000
34523,0,0,0x0000
34524,0,0,0x0000
34525,0,0,0x0000
34526,0,0,0x0000
34527,0,0,0x0000
34528,0,0,0x0000
34529,0,0,0x0000
34530,0,0,0x0000
34531,0,0,0x0000
34532,0,0,0x0000
34533,0,0,0x0000
34600,0,0,0x0000
34601,0,0,0x0000
34602,0,0,0x0000
34603,0,0,0x0000
34604,0,0,0x0000
34605,0,0,0x0000
34606,0,0,0x0000
34607,0,0,0x0000
34608,0,0,0x0000
34609,0,0,0x0000
34610,0,0,0x0000
34611,0,0,0x0000
34612,0,0,0x0000
34613,0,0,0x0000
34614,0,0,0x0000
34615,0,0,0x0000
34616,0,0,0x0000
34617,0,0,0x0000
34618,0,0,0x0000
34619,0,0,0x0000
34620,0,0,0x0000
34621,0,0,0x0000
34622,0,0,0x0000
34623,0,0,0x0000
34624,0,0,0x0000
34625,0,0,0x0000
34626,0,0,0x0000
34627,0,0,0x0000
34628,0,0,0x0000
34629,0,0,0x0000
34630,0,0,0x0000
34631,0,0,0x0000
34632,0,0,0x0000
34633,0,0,0x0000
35000,326,326,0x0146
35001,335,335,0x014F
35002,335,335,0x014F
35010,276,276,0x0114
35011,266,266,0x010A
35100,2,2,0x0002
35110,576,576,0x0240
35111,500,500,0x01F4
35112,500,500,0x01F4
36000,0,0,0x0000
36001,0,0,0x0000
36100,0,0,0x0000
36101,0,0,0x0000
36102,0,0,0x0000
36103,0,0,0x0000
37000,1,1,0x0001
37001,0,0,0x0000
37002,0,0,0x0000
37003,0,0,0x0000
37004,63364,-2172,0xF784
37005,50,50,0x0032
37006,276,276,0x0114
37007,3308,3308,0x0CEC
37008,3306,3306,0x0CEA
37009,0,0,0x0000
37010,0,0,0x0000
37011,0,0,0x0000
37012,116,116,0x0074
37013,0,0,0x0000
37014,0,0,0x0000
37015,0,0,0x0000
37016,0,0,0x0000
37017,0,0,0x0000
37018,0,0,0x0000
37019,0,0,0x0000
37020,0,0,0x0000
37021,0,0,0x0000
37022,0,0,0x0000
37023,0,0,0x0000
37024,0,0,0x0000
41000,0,0,0x0000
41100,1,1,0x0001
41200,1,1,0x0001
42000,21930,21930,0x55AA
42010,1,1,0x0001
42011,0,0,0x0000
42020,2200,2200,0x0898
42021,0,0,0x0000
43000,1,1,0x0001
43100,0,0,0x0000
43101,0,0,0x0000
43102,0,0,0x0000
43103,0,0,0x0000
43104,0,0,0x0000
43105,0,0,0x0000
43106,0,0,0x0000
43107,0,0,0x0000
43108,0,0,0x0000
43109,0,0,0x0000
43110,0,0,0x0000
43111,0,0,0x0000
43112,0,0,0x0000
43113,0,0,0x0000
43114,0,0,0x0000
43115,0,0,0x0000
43116,0,0,0x0000
43117,0,0,0x0000
43118,0,0,0x0000
43119,0,0,0x0000
43120,0,0,0x0000
43121,0,0,0x0000
43122,0,0,0x0000
43123,0,0,0x0000
43124,0,0,0x0000
43125,0,0,0x0000
43126,0,0,0x0000
43127,0,0,0x0000
43128,0,0,0x0000
43129,0,0,0x0000
44002,0,0,0x0000
44003,0,0,0x0000
