Register,14:42:46,14:42:56,14:43:06,14:43:16,14:43:26,14:43:36,14:43:46,14:43:56,14:44:06,14:44:16,14:45:04,14:47:17,14:49:30,14:51:42,14:53:55,14:56:08,14:58:22,15:00:35,15:02:48,15:05:01,15:07:14,15:09:27
30001,2030,2030,2032,2029,2031,2031,2030,2032,2031,2031,,,,,,,,,,,,
30005,10,4,10,10,6,7,9,8,17,11,,,,,,,,,,,,
30006,63364,63364,63364,63364,63364,63364,63364,63364,63364,63364,,,,,,,,,,,,
30007,0,0,0,0,0,0,0,0,0,0,,,,,,,,,,,,
30010,0,0,0,0,0,0,0,0,0,0,,,,,,,,,,,,
30030,0,0,0,0,0,0,0,0,0,0,,,,,,,,,,,,
30031,0,0,0,0,0,0,0,0,0,0,,,,,,,,,,,,
30032,0,0,0,0,0,0,0,0,0,0,,,,,,,,,,,,
30033,0,0,0,0,0,0,0,0,0,0,,,,,,,,,,,,
30034,0,0,0,0,0,0,0,0,0,0,,,,,,,,,,,,
30035,0,0,0,0,0,0,0,0,0,0,,,,,,,,,,,,
30101,0,0,0,0,0,0,0,0,0,0,,,,,,,,,,,,
30106,0,0,0,0,0,0,0,0,0,0,,,,,,,,,,,,
30109,0,0,0,0,0,0,0,0,0,0,,,,,,,,,,,,
30110,0,0,0,0,0,0,0,0,0,0,,,,,,,,,,,,
30211,0,0,0,0,0,0,0,0,0,0,,,,,,,,,,,,
30212,5,5,5,5,5,5,5,5,5,5,,,,,,,,,,,,
30213,0,0,0,0,0,0,0,0,0,0,,,,,,,,,,,,
30214,0,0,0,0,0,0,0,0,0,0,,,,,,,,,,,,
30301,1,1,1,1,1,1,1,1,1,1,,,,,,,,,,,,
31003,5,5,5,5,5,5,5,5,5,5,,,,,,,,,,,,
31004,1543,1543,1543,1543,1543,1543,1543,1543,1543,1543,,,,,,,,,,,,
31005,0,0,0,0,0,0,0,0,0,0,,,,,,,,,,,,
31006,0,0,0,0,0,0,0,0,0,0,,,,,,,,,,,,
31007,0,0,0,0,0,0,0,0,0,0,,,,,,,,,,,,
31008,0,0,0,0,0,0,0,0,0,0,,,,,,,,,,,,
31009,0,0,0,0,0,0,0,0,0,0,,,,,,,,,,,,
34007,0,0,0,0,0,0,0,0,0,0,,,,,,,,,,,,
34008,0,0,0,0,0,0,0,0,0,0,,,,,,,,,,,,
34009,0,0,0,0,0,0,0,0,0,0,,,,,,,,,,,,
34017,0,0,0,0,0,0,0,0,0,0,,,,,,,,,,,,
34107,0,0,0,0,0,0,0,0,0,0,,,,,,,,,,,,
34108,0,0,0,0,0,0,0,0,0,0,,,,,,,,,,,,
34109,0,0,0,0,0,0,0,0,0,0,,,,,,,,,,,,
34117,0,0,0,0,0,0,0,0,0,0,,,,,,,,,,,,
34207,0,0,0,0,0,0,0,0,0,0,,,,,,,,,,,,
34208,0,0,0,0,0,0,0,0,0,0,,,,,,,,,,,,
34209,0,0,0,0,0,0,0,0,0,0,,,,,,,,,,,,
34217,0,0,0,0,0,0,0,0,0,0,,,,,,,,,,,,
34307,0,0,0,0,0,0,0,0,0,0,,,,,,,,,,,,
34308,0,0,0,0,0,0,0,0,0,0,,,,,,,,,,,,
34309,0,0,0,0,0,0,0,0,0,0,,,,,,,,,,,,
34317,0,0,0,0,0,0,0,0,0,0,,,,,,,,,,,,
34400,5285,5285,5285,5285,5285,5284,5285,5285,5284,5285,,,,,,,,,,,,
34401,0,0,0,0,0,0,0,0,0,0,,,,,,,,,,,,
34402,501,501,501,501,501,501,501,501,501,501,,,,,,,,,,,,
34404,0,0,0,0,0,0,0,0,0,0,,,,,,,,,,,,
34408,0,0,0,0,0,0,0,0,0,0,,,,,,,,,,,,
34410,116,116,116,116,116,116,116,116,116,116,,,,,,,,,,,,
34500,5288,5289,5288,5288,5288,5288,5288,5288,5288,5288,,,,,,,,,,,,
34501,0,0,0,0,0,0,0,0,0,0,,,,,,,,,,,,
34502,501,501,501,501,501,501,501,501,501,501,,,,,,,,,,,,
34504,0,0,0,0,0,0,0,0,0,0,,,,,,,,,,,,
34508,0,0,0,0,0,0,0,0,0,0,,,,,,,,,,,,
34510,116,116,116,116,116,116,116,116,116,116,,,,,,,,,,,,
34600,0,0,0,0,0,0,0,0,0,0,,,,,,,,,,,,
34601,0,0,0,0,0,0,0,0,0,0,,,,,,,,,,,,
34602,0,0,0,0,0,0,0,0,0,0,,,,,,,,,,,,
34604,0,0,0,0,0,0,0,0,0,0,,,,,,,,,,,,
34608,0,0,0,0,0,0,0,0,0,0,,,,,,,,,,,,
34610,0,0,0,0,0,0,0,0,0,0,,,,,,,,,,,,
35100,2,2,2,2,2,2,2,2,2,2,,,,,,,,,,,,
35111,500,500,500,500,500,500,500,500,500,,,,,,,,,,,,,
36000,0,0,0,0,0,0,0,0,0,,,,,,,,,,,,,
36001,0,0,0,0,0,0,0,0,0,,,,,,,,,,,,,
36100,0,0,0,0,0,0,0,0,0,,,,,,,,,,,,,
36101,0,0,0,0,0,0,0,0,0,,,,,,,,,,,,,
36102,0,0,0,0,0,0,0,0,0,,,,,,,,,,,,,
36103,0,0,0,0,0,0,0,0,0,,,,,,,,,,,,,
37000,1,1,1,1,1,1,1,1,1,,,,,,,,,,,,,
37001,0,0,0,0,0,0,0,0,0,,,,,,,,,,,,,
37002,0,0,0,0,0,0,0,0,0,,,,,,,,,,,,,
37003,0,0,0,0,0,0,0,0,0,,,,,,,,,,,,,
37005,60,60,60,60,60,60,60,60,60,,,,,,,,,,,,,
37009,0,0,0,0,0,0,0,0,0,,,,,,,,,,,,,
37010,0,0,0,0,0,0,0,0,0,,,,,,,,,,,,,
37011,0,0,0,0,0,0,0,0,0,,,,,,,,,,,,,
37013,0,0,0,0,0,0,0,0,0,,,,,,,,,,,,,
37014,0,0,0,0,0,0,0,0,0,,,,,,,,,,,,,
37015,0,0,0,0,0,0,0,0,0,,,,,,,,,,,,,
37017,0,0,0,0,0,0,0,0,0,,,,,,,,,,,,,
37018,0,0,0,0,0,0,0,0,0,,,,,,,,,,,,,
37019,0,0,0,0,0,0,0,0,0,,,,,,,,,,,,,
37020,0,0,0,0,0,0,0,0,0,,,,,,,,,,,,,
37021,0,0,0,0,0,0,0,0,0,,,,,,,,,,,,,
37023,0,0,0,0,0,0,0,0,0,,,,,,,,,,,,,
37024,0,0,0,0,0,0,0,0,0,,,,,,,,,,,,,
42010,0,0,0,0,0,0,0,0,0,,,,,,,,,,,,,
42011,0,0,0,0,0,0,0,0,0,,,,,,,,,,,,,
42021,0,0,0,0,0,0,0,0,0,,,,,,,,,,,,,
44002,0,0,0,0,0,0,0,0,0,,,,,,,,,,,,,
44003,0,0,0,0,0,0,0,0,0,,,,,,,,,,,,,
