Register,10:24:59,10:25:29,10:25:59,10:26:29,10:26:59,10:27:29,10:27:59,10:28:29,10:28:59,10:29:29,10:29:59,10:30:29,10:30:59,10:31:29,10:31:59,10:32:29,10:32:59,10:33:29,10:33:59,10:34:29,10:34:59,10:35:29,10:35:59,10:36:29,10:36:59,10:37:29,10:37:59,10:38:29,10:38:59,10:39:29,10:39:59,10:40:29,10:40:59,10:41:29,10:41:59,10:42:29,10:42:59,10:43:29,10:43:59,10:44:29,10:44:59,10:45:29,10:45:59,10:46:29,10:46:59,10:47:29,10:47:59,10:48:29,10:48:59,10:49:29,10:49:59,10:50:29,10:50:59,10:51:29,10:51:59,10:52:29,10:52:59,10:53:29,10:53:59,10:54:29,10:54:59,10:55:29,10:55:59,10:56:29,10:56:59
30000,543,543,544,543,544,544,543,542,544,544,544,543,527,543,544,544,543,545,544,544,544,544,545,545,545,544,545,545,534,541,543,544,543,543,542,543,544,544,544,542,542,544,544,536,542,542,544,543,543,543,543,543,544,544,544,545,544,547,546,540,543,542,544,543,544
30001,2038,2036,2039,2039,2039,2037,2038,2037,2038,2038,2037,2038,65523,2037,2037,2038,2039,2038,2035,2038,2035,2035,2037,2037,2038,2037,2039,2036,1998,2038,2036,2035,2037,2035,2036,2037,2038,2037,2038,2037,2038,2036,2038,2036,2038,2039,2035,2036,2036,2035,2035,2034,2035,2035,2036,2036,2036,2038,2033,2035,2035,2035,2037,2035,2036
30002,343,343,345,345,346,347,348,349,350,350,351,352,351,353,353,354,354,355,356,357,357,358,358,359,360,360,360,361,361,361,361,362,362,363,363,364,364,365,365,365,366,366,367,367,367,368,368,368,368,369,369,370,370,371,371,371,371,372,372,372,372,372,372,373,373
30003,352,353,354,355,356,356,358,359,359,360,361,361,362,362,363,363,364,364,365,366,366,367,368,368,368,369,370,370,371,371,371,371,372,372,373,373,374,374,375,375,376,376,377,380,377,377,378,378,379,379,379,380,380,381,381,381,382,382,382,382,382,382,382,383,383
30004,2392,2378,2374,2373,2374,2380,2382,2378,2369,2371,2370,2372,2398,2377,2377,2375,2377,2379,2379,2382,2380,2382,2381,2384,2384,2382,2382,2386,2389,2391,2390,2393,2384,2386,2386,2386,2383,2384,2379,2384,2385,2384,2388,2386,2382,2386,2384,2381,2379,2382,2383,2385,2382,2385,2382,2383,2387,2385,2387,2391,2390,2388,2388,2387,2388
30005,7,13,9,8,6,8,5,5,11,8,6,7,7,9,6,9,6,7,7,7,6,6,7,5,8,8,6,8,11,7,6,8,6,7,10,8,7,7,10,7,8,6,9,10,7,5,9,5,5,5,8,10,17,6,8,6,9,7,7,8,14,10,6,8,6
30006,63364,63364,63364,63364,63364,63364,63364,63364,63364,63364,63364,63364,0,63364,63364,63364,63364,63364,63364,63364,63364,63364,63364,63364,63364,63364,63364,63364,63501,63363,63364,63364,63364,63364,63364,63364,63363,63364,63364,63364,63364,63364,63364,63369,63364,63364,63364,63364,63364,63364,63364,63364,63364,63364,63364,63364,63364,63364,63364,63364,63364,63364,63364,63364,63364
30007,0,0,0,0,0,0,0,0,0,0,0,0,0,0,0,0,0,0,0,0,0,0,0,0,0,0,0,0,0,0,0,0,0,0,0,0,0,0,0,0,0,0,0,0,0,0,0,0,0,0,0,0,0,0,0,0,0,0,0,0,0,0,0,0,0
30010,0,0,0,0,0,0,0,0,0,0,0,0,0,0,0,0,0,0,0,0,0,0,0,0,0,0,0,0,0,0,0,0,0,0,0,0,0,0,0,0,0,0,0,0,0,0,0,0,0,0,0,0,0,0,0,0,0,0,0,0,0,0,0,0,0
30020,100,100,100,100,100,100,100,100,100,100,100,100,100,100,100,100,100,100,100,100,100,100,100,100,100,100,100,100,100,100,100,100,100,100,100,100,100,100,100,100,100,100,100,100,100,100,100,100,100,100,100,100,100,100,100,100,100,100,100,100,100,100,100,100,100
30021,99,100,100,100,100,100,100,100,100,100,100,100,100,100,100,100,100,100,100,100,100,100,100,100,100,100,100,100,100,100,100,100,100,100,100,100,100,100,100,100,100,100,100,100,100,100,100,100,100,100,100,100,100,100,100,100,100,100,100,100,100,100,100,100,100
30022,99,99,99,99,99,99,99,99,99,99,99,99,99,99,99,99,99,99,99,99,99,99,99,99,99,99,99,99,99,99,99,99,99,99,99,99,99,99,99,99,99,99,99,99,99,99,99,99,99,99,99,99,100,100,100,100,100,100,100,100,100,100,100,100,100
30023,99,99,99,99,99,99,99,99,99,99,99,99,99,99,99,99,99,99,99,99,99,99,99,99,99,99,99,99,99,99,99,99,99,99,99,99,99,99,99,99,99,99,99,99,99,99,99,99,99,99,99,99,99,99,99,99,99,99,99,99,99,99,99,99,99
30024,0,0,0,0,0,0,0,0,0,0,0,0,0,0,0,0,0,0,0,0,0,0,0,0,0,0,0,0,0,0,0,0,0,0,0,0,0,0,0,0,0,0,0,0,0,0,0,0,0,0,0,0,0,0,0,0,0,0,0,0,0,0,0,0,0
30025,0,0,0,0,0,0,0,0,0,0,0,0,0,0,0,0,0,0,0,0,0,0,0,0,0,0,0,0,0,0,0,0,0,0,0,0,0,0,0,0,0,0,0,0,0,0,0,0,0,0,0,0,0,0,0,0,0,0,0,0,0,0,0,0,0
30026,0,0,0,0,0,0,0,0,0,0,0,0,0,0,0,0,0,0,0,0,0,0,0,0,0,0,0,0,0,0,0,0,0,0,0,0,0,0,0,0,0,0,0,0,0,0,0,0,0,0,0,0,0,0,0,0,0,0,0,0,0,0,0,0,0
30027,0,0,0,0,0,0,0,0,0,0,0,0,0,0,0,0,0,0,0,0,0,0,0,0,0,0,0,0,0,0,0,0,0,0,0,0,0,0,0,0,0,0,0,0,0,0,0,0,0,0,0,0,0,0,0,0,0,0,0,0,0,0,0,0,0
30028,546,546,546,546,546,546,546,547,547,547,547,547,530,546,547,547,547,547,547,547,547,547,547,548,548,548,548,548,541,545,546,546,546,546,546,546,546,546,546,546,546,546,546,540,544,545,546,546,546,547,547,547,547,547,548,548,548,548,548,544,546,546,546,547,547
30029,11,11,11,11,12,11,12,12,11,11,12,12,5,12,12,11,12,11,11,11,11,12,11,12,11,12,12,11,12,12,11,12,12,11,12,11,12,12,12,12,12,12,12,12,11,12,12,11,11,12,11,11,12,12,12,11,12,11,11,12,12,11,12,12,12
30030,0,0,0,0,0,0,0,0,0,0,0,0,0,0,0,0,0,0,0,0,0,0,0,0,0,0,0,0,0,0,0,0,0,0,0,0,0,0,0,0,0,0,0,0,0,0,0,0,0,0,0,0,0,0,0,0,0,0,0,0,0,0,0,0,0
30031,0,0,0,0,0,0,0,0,0,0,0,0,0,0,0,0,0,0,0,0,0,0,0,0,0,0,0,0,0,0,0,0,0,0,0,0,0,0,0,0,0,0,0,0,0,0,0,0,0,0,0,0,0,0,0,0,0,0,0,0,0,0,0,0,0
30032,0,0,0,0,0,0,0,0,0,0,0,0,0,0,0,0,0,0,0,0,0,0,0,0,0,0,0,0,0,0,0,0,0,0,0,0,0,0,0,0,0,0,0,0,0,0,0,0,0,0,0,0,0,0,0,0,0,0,0,0,0,0,0,0,0
30033,0,0,0,0,0,0,0,0,0,0,0,0,0,0,0,0,0,0,0,0,0,0,0,0,0,0,0,0,0,0,0,0,0,0,0,0,0,0,0,0,0,0,0,0,0,0,0,0,0,0,0,0,0,0,0,0,0,0,0,0,0,0,0,0,0
30034,0,0,0,0,0,0,0,0,0,0,0,0,0,0,0,0,0,0,0,0,0,0,0,0,0,0,0,0,0,0,0,0,0,0,0,0,0,0,0,0,0,0,0,0,0,0,0,0,0,0,0,0,0,0,0,0,0,0,0,0,0,0,0,0,0
30035,0,0,0,0,0,0,0,0,0,0,0,0,0,0,0,0,0,0,0,0,0,0,0,0,0,0,0,0,0,0,0,0,0,0,0,0,0,0,0,0,0,0,0,0,0,0,0,0,0,0,0,0,0,0,0,0,0,0,0,0,0,0,0,0,0
30036,219,219,219,219,219,219,219,219,219,219,219,219,219,219,219,219,219,219,219,219,219,219,219,219,219,219,219,219,219,219,219,219,219,219,219,219,219,219,219,219,219,219,219,219,219,219,219,219,219,219,219,219,219,219,219,219,219,219,219,219,219,219,219,219,219
30037,0,0,0,0,0,0,0,0,0,0,0,0,0,0,0,0,0,0,0,0,0,0,0,0,0,0,0,0,0,0,0,0,0,0,0,0,0,0,0,0,0,0,0,0,0,0,0,0,0,0,0,0,0,0,0,0,0,0,0,0,0,0,0,0,0
30038,0,0,0,0,0,0,0,0,0,0,0,0,0,0,0,0,0,0,0,0,0,0,0,0,0,0,0,0,0,0,0,0,0,0,0,0,0,0,0,0,0,0,0,0,0,0,0,0,0,0,0,0,0,0,0,0,0,0,0,0,0,0,0,0,0
30039,0,0,0,0,0,0,0,0,0,0,0,0,0,0,0,0,0,0,0,0,0,0,0,0,0,0,0,0,0,0,0,0,0,0,0,0,0,0,0,0,0,0,0,0,0,0,0,0,0,0,0,0,0,0,0,0,0,0,0,0,0,0,0,0,0
30040,0,0,0,0,0,0,0,0,0,0,0,0,0,0,0,0,0,0,0,0,0,0,0,0,0,0,0,0,0,0,0,0,0,0,0,0,0,0,0,0,0,0,0,0,0,0,0,0,0,0,0,0,0,0,0,0,0,0,0,0,0,0,0,0,0
30100,5288,5288,5288,5288,5287,5287,5287,5287,5287,5287,5287,5287,5287,5287,5287,5286,5287,5287,5287,5286,5286,5286,5286,5286,5286,5286,5286,5286,5285,5286,5286,5286,5286,5286,5285,5286,5286,5285,5285,5285,5285,5285,5285,5367,5399,5417,5414,5421,5425,5425,5423,5430,5439,5441,5434,5437,5442,5444,5436,5359,5348,5343,5339,5335,5332
30101,0,0,0,0,0,0,0,0,0,0,0,0,0,0,0,0,0,0,0,0,0,0,0,0,0,0,0,0,0,0,0,0,0,0,0,0,0,0,0,0,0,0,0,381,379,378,378,378,378,378,378,378,378,378,378,378,378,377,377,0,0,0,0,0,0
30102,3307,3306,3306,3306,3305,3306,3306,3306,3306,3306,3306,3305,3305,3306,3305,3305,3306,3305,3306,3305,3305,3305,3305,3305,3305,3305,3305,3305,3305,3305,3305,3305,3305,3305,3305,3305,3305,3305,3305,3305,3305,3305,3305,3358,3379,3389,3388,3392,3394,3394,3393,3399,3402,3404,3400,3401,3406,3406,3400,3351,3345,3341,3339,3337,3335
30103,3304,3305,3304,3304,3304,3304,3304,3304,3304,3303,3304,3303,3303,3303,3304,3303,3303,3303,3303,3303,3303,3303,3303,3303,3302,3303,3302,3303,3302,3302,3302,3302,3302,3302,3302,3302,3303,3302,3303,3302,3302,3302,3303,3351,3372,3383,3381,3384,3387,3387,3387,3391,3395,3397,3393,3394,3398,3400,3396,3348,3341,3337,3334,3331,3327
30104,2750,2750,2750,2750,2750,2750,2740,2740,2750,2750,2750,2750,2740,2740,2740,2740,2740,2740,2740,2740,2740,2740,2740,2740,2740,2740,2740,2730,2730,2730,2730,2730,2730,2740,2730,2730,2730,2730,2730,2730,2730,2730,2730,2730,2770,2780,2800,2820,2830,2850,2860,2880,2900,2910,2930,2940,2960,2970,2980,2970,2970,2970,2960,2970,2970
30105,2680,2680,2680,2680,2680,2680,2680,2680,2690,2690,2690,2690,2690,2690,2690,2690,2690,2690,2690,2700,2690,2690,2690,2690,2700,2700,2700,2700,2700,2700,2700,2700,2700,2700,2700,2710,2700,2700,2700,2710,2700,2700,2710,2710,2720,2720,2730,2740,2750,2760,2770,2780,2800,2810,2820,2830,2840,2850,2860,2870,2880,2880,2880,2890,2890
30106,0,0,0,0,0,0,0,0,0,0,0,0,0,0,0,0,0,0,0,0,0,0,0,0,0,0,0,0,0,0,0,0,0,0,0,0,0,0,0,0,0,0,0,0,0,0,0,0,0,0,0,0,0,0,0,0,0,0,0,0,0,0,0,0,0
30107,338,338,341,341,340,342,341,339,342,341,342,342,342,342,341,344,344,343,343,344,344,345,343,344,344,346,344,345,344,344,346,345,346,346,345,346,347,346,348,346,348,348,348,348,348,351,350,352,354,352,354,356,357,359,359,359,361,364,364,363,366,366,367,366,366
30108,310,311,310,309,309,309,308,309,308,308,308,308,308,308,308,308,307,308,308,308,308,308,308,308,308,308,308,308,308,308,308,308,309,310,309,309,309,309,310,310,310,310,310,315,331,340,348,355,360,367,371,376,381,386,390,394,398,402,406,393,386,381,378,374,371
30109,0,0,0,0,0,0,0,0,0,0,0,0,0,0,0,0,0,0,0,0,0,0,0,0,0,0,0,0,0,0,0,0,0,0,0,0,0,0,0,0,0,0,0,0,0,0,0,0,0,0,0,0,0,0,0,0,0,0,0,0,0,0,0,0,0
30110,0,0,0,0,0,0,0,0,0,0,0,0,0,0,0,0,0,0,0,0,0,0,0,0,0,0,0,0,0,0,0,0,0,0,0,0,0,0,0,0,0,0,0,0,0,0,0,0,0,0,0,0,0,0,0,0,0,0,0,0,0,0,0,0,0
30200,147,147,147,147,147,147,147,147,147,147,147,147,147,147,147,147,147,147,147,147,147,147,147,147,147,147,147,147,147,147,147,147,147,147,147,147,147,147,147,147,147,147,147,147,147,147,147,147,147,147,147,147,147,147,147,147,147,147,147,147,147,147,147,147,147
30201,18,18,18,18,18,18,18,18,18,18,18,18,18,18,18,18,18,18,18,18,18,18,18,18,18,18,18,18,18,18,18,18,18,18,18,18,18,18,18,18,18,18,18,18,18,18,18,18,18,18,18,18,18,18,18,18,18,18,18,18,18,18,18,18,18
30202,115,115,115,115,115,115,115,115,115,115,115,115,115,115,115,115,115,115,115,115,115,115,115,115,115,115,115,115,115,115,115,115,115,115,115,115,115,115,115,115,115,115,115,115,115,115,115,115,115,115,115,115,115,115,115,115,115,115,115,115,115,115,115,115,115
30203,106,106,106,106,106,106,106,106,106,106,106,106,106,106,106,106,106,106,106,106,106,106,106,106,106,106,106,106,106,106,106,106,106,106,106,106,106,106,106,106,106,106,106,106,106,106,106,106,106,106,106,106,106,106,106,106,106,106,106,106,106,106,106,106,106
30204,116,116,116,116,116,116,116,116,116,116,116,116,116,116,116,116,116,116,116,116,116,116,116,116,116,116,116,116,116,116,116,116,116,116,116,116,116,116,116,116,116,116,116,116,116,116,116,116,116,116,116,116,116,116,116,116,116,116,116,116,116,116,116,116,116
30205,104,104,104,104,104,104,104,104,104,104,104,104,104,104,104,104,104,104,104,104,104,104,104,104,104,104,104,104,104,104,104,104,104,104,104,104,104,104,104,104,104,104,104,104,104,104,104,104,104,104,104,104,104,104,104,104,104,104,104,104,104,104,104,104,104
30210,0,0,0,0,0,0,0,0,0,0,0,0,0,0,0,0,0,0,0,0,0,0,0,0,0,0,0,0,0,0,0,0,0,0,0,0,0,0,0,0,0,0,0,3,3,3,3,3,3,3,3,3,3,3,3,3,3,3,3,0,0,0,0,0,0
30211,0,0,0,0,0,0,0,0,0,0,0,0,0,0,0,0,0,0,0,0,0,0,0,0,0,0,0,0,0,0,0,0,0,0,0,0,0,0,0,0,0,0,0,0,0,0,0,0,0,0,0,0,0,0,0,0,0,0,0,0,0,0,0,0,0
30212,5,5,5,5,5,5,5,5,5,5,5,5,5,5,5,5,5,5,5,5,5,5,5,5,5,5,5,5,5,5,5,5,5,5,5,5,5,5,5,5,5,5,5,5,5,5,5,5,5,5,5,5,5,5,5,5,5,5,5,5,5,5,5,5,5
30213,0,0,0,0,0,0,0,0,0,0,0,0,0,0,0,0,0,0,0,0,0,0,0,0,0,0,0,0,0,0,0,0,0,0,0,0,0,0,0,0,0,0,0,0,0,0,0,0,0,0,0,0,0,0,0,0,0,0,0,0,0,0,0,0,0
30214,0,0,0,0,0,0,0,0,0,0,0,0,0,0,0,0,0,0,0,0,0,0,0,0,0,0,0,0,0,0,0,0,0,0,0,0,0,0,0,0,0,0,0,0,0,0,0,0,0,0,0,0,0,0,0,0,0,0,0,0,0,0,0,0,0
30300,1,1,1,1,1,1,1,1,1,1,1,1,1,1,1,1,1,1,1,1,1,1,1,1,1,1,1,1,1,1,1,1,1,1,1,1,1,1,1,1,1,1,1,1,1,1,1,1,1,1,1,1,1,1,1,1,1,1,1,1,1,1,1,1,1
30301,1,1,1,1,1,1,1,1,1,1,1,1,1,1,1,1,1,1,1,1,1,1,1,1,1,1,1,1,1,1,1,1,1,1,1,1,1,1,1,1,1,1,1,1,1,1,1,1,1,1,1,1,1,1,1,1,1,1,1,1,1,1,1,1,1
30302,0,0,0,0,0,0,0,0,0,0,0,0,0,0,0,0,0,0,0,0,0,0,0,0,0,0,0,0,0,0,0,0,0,0,0,0,0,0,0,0,0,0,0,0,0,0,0,0,0,0,0,0,0,0,0,0,0,0,0,0,0,0,0,0,0
30303,55,55,55,55,55,55,55,55,55,55,55,54,54,54,54,55,55,55,55,55,55,55,55,54,54,54,54,55,55,55,55,55,55,55,55,55,55,55,55,55,55,55,55,55,55,55,55,55,55,55,55,55,55,55,55,55,55,55,55,55,55,55,55,55,55
30304,13880,13880,13880,13880,13880,13880,13880,13880,13880,13880,13880,13880,13880,13880,13880,13880,13880,13880,13880,13880,13880,13880,13880,13880,13880,13880,13880,13880,13880,13880,13880,13880,13880,13880,13880,13880,13880,13880,13880,13880,13880,13880,13880,13880,13880,13880,13880,13880,13880,13880,13880,13880,13880,13880,13880,13880,13880,13880,13880,13880,13880,13880,13880,13880,13880
30305,12852,12852,12852,12852,12852,12852,12852,12852,12852,12852,12852,12852,12852,12852,12852,12852,12852,12852,12852,12852,12852,12852,12852,12852,12852,12852,12852,12852,12852,12852,12852,12852,12852,12852,12852,12852,12852,12852,12852,12852,12852,12852,12852,12852,12852,12852,12852,12852,12852,12852,12852,12852,12852,12852,12852,12852,12852,12852,12852,12852,12852,12852,12852,12852,12852
30306,14649,14649,14649,14649,14649,14649,14649,14649,14649,14649,14649,14649,14649,14649,14649,14649,14649,14649,14649,14649,14649,14649,14649,14649,14649,14649,14649,14649,14649,14649,14649,14649,14649,14649,14649,14649,14649,14649,14649,14649,14649,14649,14649,14649,14649,14649,14649,14649,14649,14649,14649,14649,14649,14649,14649,14649,14649,14649,14649,14649,14649,14649,14649,14649,14649
30307,17733,17733,17733,17733,17733,17733,17733,17733,17733,17733,17733,17733,17733,17733,17733,17733,17733,17733,17733,17733,17733,17733,17733,17733,17733,17733,17733,17733,17733,17733,17733,17733,17733,17733,17733,17733,17733,17733,17733,17733,17733,17733,17733,17733,17733,17733,17733,17733,17733,17733,17733,17733,17733,17733,17733,17733,17733,17733,17733,17733,17733,17733,17733,17733,17733
30308,17975,17975,17975,17975,17975,17975,17975,17975,17975,17975,17975,17975,17975,17975,17975,17975,17975,17975,17975,17975,17975,17975,17975,17975,17975,17975,17975,17975,17975,17975,17975,17975,17975,17975,17975,17975,17975,17975,17975,17975,17975,17975,17975,17975,17975,17975,17975,17975,17975,17975,17975,17975,17975,17975,17975,17975,17975,17975,17975,17975,17975,17975,17975,17975,17975
30309,13635,13635,13635,13635,13635,13635,13635,13635,13635,13635,13635,13635,13635,13635,13635,13635,13635,13635,13635,13635,13635,13635,13635,13635,13635,13635,13635,13635,13635,13635,13635,13635,13635,13635,13635,13635,13635,13635,13635,13635,13635,13635,13635,13635,13635,13635,13635,13635,13635,13635,13635,13635,13635,13635,13635,13635,13635,13635,13635,13635,13635,13635,13635,13635,13635
30350,12848,12848,12848,12848,12848,12848,12848,12848,12848,12848,12848,12848,12848,12848,12848,12848,12848,12848,12848,12848,12848,12848,12848,12848,12848,12848,12848,12848,12848,12848,12848,12848,12848,12848,12848,12848,12848,12848,12848,12848,12848,12848,12848,12848,12848,12848,12848,12848,12848,12848,12848,12848,12848,12848,12848,12848,12848,12848,12848,12848,12848,12848,12848,12848,12848
30351,12852,12852,12852,12852,12852,12852,12852,12852,12852,12852,12852,12852,12852,12852,12852,12852,12852,12852,12852,12852,12852,12852,12852,12852,12852,12852,12852,12852,12852,12852,12852,12852,12852,12852,12852,12852,12852,12852,12852,12852,12852,12852,12852,12852,12852,12852,12852,12852,12852,12852,12852,12852,12852,12852,12852,12852,12852,12852,12852,12852,12852,12852,12852,12852,12852
30352,12345,12345,12345,12345,12345,12345,12345,12345,12345,12345,12345,12345,12345,12345,12345,12345,12345,12345,12345,12345,12345,12345,12345,12345,12345,12345,12345,12345,12345,12345,12345,12345,12345,12345,12345,12345,12345,12345,12345,12345,12345,12345,12345,12345,12345,12345,12345,12345,12345,12345,12345,12345,12345,12345,12345,12345,12345,12345,12345,12345,12345,12345,12345,12345,12345
30353,12345,12345,12345,12345,12345,12345,12345,12345,12345,12345,12345,12345,12345,12345,12345,12345,12345,12345,12345,12345,12345,12345,12345,12345,12345,12345,12345,12345,12345,12345,12345,12345,12345,12345,12345,12345,12345,12345,12345,12345,12345,12345,12345,12345,12345,12345,12345,12345,12345,12345,12345,12345,12345,12345,12345,12345,12345,12345,12345,12345,12345,12345,12345,12345,12345
30354,12337,12337,12337,12337,12337,12337,12337,12337,12337,12337,12337,12337,12337,12337,12337,12337,12337,12337,12337,12337,12337,12337,12337,12337,12337,12337,12337,12337,12337,12337,12337,12337,12337,12337,12337,12337,12337,12337,12337,12337,12337,12337,12337,12337,12337,12337,12337,12337,12337,12337,12337,12337,12337,12337,12337,12337,12337,12337,12337,12337,12337,12337,12337,12337,12337
30355,13625,13625,13625,13625,13625,13625,13625,13625,13625,13625,13625,13625,13625,13625,13625,13625,13625,13625,13625,13625,13625,13625,13625,13625,13625,13625,13625,13625,13625,13625,13625,13625,13625,13625,13625,13625,13625,13625,13625,13625,13625,13625,13625,13625,13625,13625,13625,13625,13625,13625,13625,13625,13625,13625,13625,13625,13625,13625,13625,13625,13625,13625,13625,13625,13625
30400,49320,49320,49320,49320,49320,49320,49320,49320,49320,49320,49320,49320,49320,49320,49320,49320,49320,49320,49320,49320,49320,49320,49320,49320,49320,49320,49320,49320,49320,49320,49320,49320,49320,49320,49320,49320,49320,49320,49320,49320,49320,49320,49320,49320,49320,49320,49320,49320,49320,49320,49320,49320,49320,49320,49320,49320,49320,49320,49320,49320,49320,49320,49320,49320,49320
30401,46490,46490,46490,46490,46490,46490,46490,46490,46490,46490,46490,46490,46490,46490,46490,46490,46490,46490,46490,46490,46490,46490,46490,46490,46490,46490,46490,46490,46490,46490,46490,46490,46490,46490,46490,46490,46490,46490,46490,46490,46490,46490,46490,46490,46490,46490,46490,46490,46490,46490,46490,46490,46490,46490,46490,46490,46490,46490,46490,46490,46490,46490,46490,46490,46490
30402,49320,49320,49320,49320,49320,49320,49320,49320,49320,49320,49320,49320,49320,49320,49320,49320,49320,49320,49320,49320,49320,49320,49320,49320,49320,49320,49320,49320,49320,49320,49320,49320,49320,49320,49320,49320,49320,49320,49320,49320,49320,49320,49320,49320,49320,49320,49320,49320,49320,49320,49320,49320,49320,49320,49320,49320,49320,49320,49320,49320,49320,49320,49320,49320,49320
30403,46337,46337,46337,46337,46337,46337,46337,46337,46337,46337,46337,46337,46337,46337,46337,46337,46337,46337,46337,46337,46337,46337,46337,46337,46337,46337,46337,46337,46337,46337,46337,46337,46337,46337,46337,46337,46337,46337,46337,46337,46337,46337,46337,46337,46337,46337,46337,46337,46337,46337,46337,46337,46337,46337,46337,46337,46337,46337,46337,46337,46337,46337,46337,46337,46337
31000,22094,22094,22094,22094,22094,22094,22094,22094,22094,22094,22094,22094,22094,22094,22094,22094,22094,22094,22094,22094,22094,22094,22094,22094,22094,22094,22094,22094,22094,22094,22094,22094,22094,22094,22094,22094,22094,22094,22094,22094,22094,22094,22094,22094,22094,22094,22094,22094,22094,22094,22094,22094,22094,22094,22094,22094,22094,22094,22094,22094,22094,22094,22094,22094,22094
31001,21316,21316,21316,21316,21316,21316,21316,21316,21316,21316,21316,21316,21316,21316,21316,21316,21316,21316,21316,21316,21316,21316,21316,21316,21316,21316,21316,21316,21316,21316,21316,21316,21316,21316,21316,21316,21316,21316,21316,21316,21316,21316,21316,21316,21316,21316,21316,21316,21316,21316,21316,21316,21316,21316,21316,21316,21316,21316,21316,21316,21316,21316,21316,21316,21316
31002,11568,11568,11568,11568,11568,11568,11568,11568,11568,11568,11568,11568,11568,11568,11568,11568,11568,11568,11568,11568,11568,11568,11568,11568,11568,11568,11568,11568,11568,11568,11568,11568,11568,11568,11568,11568,11568,11568,11568,11568,11568,11568,11568,11568,11568,11568,11568,11568,11568,11568,11568,11568,11568,11568,11568,11568,11568,11568,11568,11568,11568,11568,11568,11568,11568
31003,5,5,5,5,5,5,5,5,5,5,5,5,5,5,5,5,5,5,5,5,5,5,5,5,5,5,5,5,5,5,5,5,5,5,5,5,5,5,5,5,5,5,5,5,5,5,5,5,5,5,5,5,5,5,5,5,5,5,5,5,5,5,5,5,5
31004,1543,1543,1543,1543,1543,1543,1543,1543,1543,1543,1543,1543,1543,1543,1543,1543,1543,1543,1543,1543,1543,1543,1543,1543,1543,1543,1543,1543,1543,1543,1543,1543,1543,1543,1543,1543,1543,1543,1543,1543,1543,1543,1543,1543,1543,1543,1543,1543,1543,1543,1543,1543,1543,1543,1543,1543,1543,1543,1543,1543,1543,1543,1543,1543,1543
31005,0,0,0,0,0,0,0,0,0,0,0,0,0,0,0,0,0,0,0,0,0,0,0,0,0,0,0,0,0,0,0,0,0,0,0,0,0,0,0,0,0,0,0,0,0,0,0,0,0,0,0,0,0,0,0,0,0,0,0,0,0,0,0,0,0
31006,0,0,0,0,0,0,0,0,0,0,0,0,0,0,0,0,0,0,0,0,0,0,0,0,0,0,0,0,0,0,0,0,0,0,0,0,0,0,0,0,0,0,0,0,0,0,0,0,0,0,0,0,0,0,0,0,0,0,0,0,0,0,0,0,0
31007,0,0,0,0,0,0,0,0,0,0,0,0,0,0,0,0,0,0,0,0,0,0,0,0,0,0,0,0,0,0,0,0,0,0,0,0,0,0,0,0,0,0,0,0,0,0,0,0,0,0,0,0,0,0,0,0,0,0,0,0,0,0,0,0,0
31008,0,0,0,0,0,0,0,0,0,0,0,0,0,0,0,0,0,0,0,0,0,0,0,0,0,0,0,0,0,0,0,0,0,0,0,0,0,0,0,0,0,0,0,0,0,0,0,0,0,0,0,0,0,0,0,0,0,0,0,0,0,0,0,0,0
31009,0,0,0,0,0,0,0,0,0,0,0,0,0,0,0,0,0,0,0,0,0,0,0,0,0,0,0,0,0,0,0,0,0,0,0,0,0,0,0,0,0,0,0,0,0,0,0,0,0,0,0,0,0,0,0,0,0,0,0,0,0,0,0,0,0
32105,10240,10240,10240,10240,10240,10240,10240,10240,10240,10240,10240,10240,10240,10240,10240,10240,10240,10240,10240,10240,10240,10240,10240,10240,10240,10240,10240,10240,10240,10240,10240,10240,10240,10240,10240,10240,10240,10240,10240,10240,10240,10240,10240,10240,10240,10240,10240,10240,10240,10240,10240,10240,10240,10240,10240,10240,10240,10240,10240,10240,10240,10240,10240,10240,10240
32200,2394,2382,2374,2374,2372,2383,2378,2378,2372,2372,2372,2372,2377,2373,2376,2375,2377,2380,2381,2380,2383,2382,2384,2384,2381,2383,2386,2388,2383,2385,2391,2394,2383,2386,2387,2387,2381,2383,2381,2385,2386,2388,2384,2385,2381,2385,2386,2383,2376,2382,2388,2384,2384,2383,2383,2385,2386,2388,2386,2387,2389,2388,2389,2387,2390
32204,500,500,500,500,500,500,500,500,499,499,499,499,499,499,499,499,499,499,500,499,499,499,499,500,500,499,499,500,500,500,499,500,500,500,500,499,500,500,500,500,499,499,499,499,499,499,499,499,499,500,499,500,500,500,500,500,500,500,500,500,500,500,500,500,500
32300,9,8,7,5,8,5,7,9,8,7,6,9,6,8,8,8,13,8,8,10,7,8,7,6,7,6,6,7,7,8,5,6,6,7,10,7,8,8,7,7,8,9,7,7,8,7,10,7,10,7,8,6,10,6,10,9,11,6,8,8,8,7,8,8,7
32301,9,8,7,5,8,5,7,9,8,7,6,9,6,8,8,8,13,8,8,10,7,8,7,6,7,6,6,7,7,8,5,6,6,7,10,7,8,8,7,7,8,9,7,7,8,7,10,7,10,7,8,6,10,6,10,9,11,6,8,8,8,7,8,8,7
32302,0,0,0,0,0,0,0,0,0,0,0,0,0,0,0,0,0,0,0,0,0,0,0,0,0,0,0,0,0,0,0,0,0,0,0,0,0,0,0,0,0,0,0,0,0,0,0,0,0,0,0,0,0,0,0,0,0,0,0,0,0,0,0,0,0
33000,0,0,0,0,0,0,0,0,0,0,0,0,0,0,0,0,0,0,0,0,0,0,0,0,0,0,0,0,0,0,0,0,0,0,0,0,0,0,0,0,0,0,0,0,0,0,0,0,0,0,0,0,0,0,0,0,0,0,0,0,0,0,0,0,0
33001,29695,29697,29699,29701,29702,29704,29706,29708,29710,29711,29713,29715,29716,29718,29720,29722,29724,29725,29727,29729,29731,29733,29734,29736,29738,29740,29742,29744,29745,29747,29748,29750,29752,29754,29756,29757,29759,29761,29763,29765,29766,29768,29770,29772,29773,29775,29777,29779,29781,29782,29784,29786,29788,29790,29791,29793,29795,29797,29799,29800,29802,29804,29805,29807,29809
33002,0,0,0,0,0,0,0,0,0,0,0,0,0,0,0,0,0,0,0,0,0,0,0,0,0,0,0,0,0,0,0,0,0,0,0,0,0,0,0,0,0,0,0,0,0,0,0,0,0,0,0,0,0,0,0,0,0,0,0,0,0,0,0,0,0
33003,24386,24386,24386,24386,24386,24386,24386,24386,24386,24386,24386,24386,24386,24386,24386,24386,24386,24386,24386,24386,24386,24386,24386,24386,24386,24386,24386,24386,24386,24386,24386,24386,24386,24386,24386,24386,24386,24386,24386,24386,24386,24386,24386,24386,24386,24386,24386,24386,24386,24386,24386,24386,24386,24386,24386,24386,24386,24386,24386,24386,24386,24386,24386,24386,24386
33004,0,0,0,0,0,0,0,0,0,0,0,0,0,0,0,0,0,0,0,0,0,0,0,0,0,0,0,0,0,0,0,0,0,0,0,0,0,0,0,0,0,0,0,0,0,0,0,0,0,0,0,0,0,0,0,0,0,0,0,0,0,0,0,0,0
33005,101,103,105,107,108,110,112,114,116,117,119,121,122,124,126,128,130,131,133,135,137,139,140,142,144,146,148,150,151,153,154,156,158,160,162,163,165,167,169,171,172,174,176,178,179,181,183,185,187,188,190,192,194,196,197,199,201,203,205,206,208,210,211,213,215
33006,0,0,0,0,0,0,0,0,0,0,0,0,0,0,0,0,0,0,0,0,0,0,0,0,0,0,0,0,0,0,0,0,0,0,0,0,0,0,0,0,0,0,0,0,0,0,0,0,0,0,0,0,0,0,0,0,0,0,0,0,0,0,0,0,0
33007,410,410,410,410,410,410,410,410,410,410,410,410,410,410,410,410,410,410,410,410,410,410,410,410,410,410,410,410,410,410,410,410,410,410,410,410,410,410,410,410,410,410,410,410,410,410,410,410,410,410,410,410,410,410,410,410,410,410,410,410,410,410,410,410,410
33008,0,0,0,0,0,0,0,0,0,0,0,0,0,0,0,0,0,0,0,0,0,0,0,0,0,0,0,0,0,0,0,0,0,0,0,0,0,0,0,0,0,0,0,0,0,0,0,0,0,0,0,0,0,0,0,0,0,0,0,0,0,0,0,0,0
33009,1114,1116,1118,1120,1122,1123,1125,1127,1129,1131,1132,1134,1135,1137,1139,1141,1143,1144,1146,1148,1150,1152,1154,1155,1157,1159,1161,1163,1164,1166,1167,1169,1171,1173,1175,1177,1178,1180,1182,1184,1186,1187,1189,1191,1192,1194,1196,1198,1200,1201,1203,1205,1207,1209,1211,1212,1214,1216,1218,1219,1221,1223,1225,1226,1228
33010,0,0,0,0,0,0,0,0,0,0,0,0,0,0,0,0,0,0,0,0,0,0,0,0,0,0,0,0,0,0,0,0,0,0,0,0,0,0,0,0,0,0,0,0,0,0,0,0,0,0,0,0,0,0,0,0,0,0,0,0,0,0,0,0,0
33011,1241,1241,1241,1241,1241,1241,1241,1241,1241,1241,1241,1241,1241,1241,1241,1241,1241,1241,1241,1241,1241,1241,1241,1241,1241,1241,1241,1241,1241,1241,1241,1241,1241,1241,1241,1241,1241,1241,1241,1241,1241,1241,1241,1241,1241,1241,1241,1241,1241,1241,1241,1241,1241,1241,1241,1241,1241,1241,1241,1241,1241,1241,1241,1241,1241
34000,5288,5288,5288,5288,5288,5288,5287,5287,5287,5287,5288,5287,5287,5287,5287,5287,5286,5287,5286,5286,5287,5287,5286,5286,5286,5286,5286,5286,5285,5286,5286,5286,5286,5285,5286,5286,5285,5285,5285,5285,5285,5285,5285,5373,5402,5418,5416,5427,5431,5429,5432,5434,5429,5432,5435,5445,5442,5439,5394,5356,5347,5341,5338,5335,5331
34001,0,0,0,0,0,0,0,0,0,0,0,0,0,0,0,0,0,0,0,0,0,0,0,0,0,0,0,0,0,0,0,0,0,0,0,0,0,0,0,0,0,0,0,381,379,378,378,378,378,378,378,378,378,378,378,377,377,378,251,0,0,0,0,0,0
34002,501,501,501,501,501,501,501,501,501,501,501,501,501,501,501,501,501,501,501,501,501,501,501,501,501,501,501,501,501,501,501,501,501,501,501,501,501,501,501,501,501,501,501,503,509,516,522,529,536,542,549,555,562,568,575,581,588,594,601,601,601,601,601,601,601
34003,6,6,6,6,6,6,6,6,6,6,6,6,6,6,6,6,6,6,6,6,6,6,6,6,6,6,6,6,6,6,6,6,6,6,6,6,6,6,6,6,6,6,6,6,6,6,6,6,6,6,6,6,6,6,6,6,6,6,6,7,7,7,7,7,7
34004,0,0,0,0,0,0,0,0,0,0,0,0,0,0,0,0,0,0,0,0,0,0,0,0,0,0,0,0,0,0,0,0,0,0,0,0,0,0,0,0,0,0,0,3,3,3,3,3,3,3,3,3,3,3,3,3,3,3,3,0,0,0,0,0,0
34005,3306,3306,3306,3306,3306,3306,3306,3306,3306,3305,3306,3305,3305,3306,3306,3306,3305,3305,3305,3305,3305,3305,3305,3305,3305,3305,3305,3305,3305,3305,3305,3305,3305,3305,3305,3305,3305,3305,3305,3305,3305,3305,3305,3363,3378,3391,3388,3397,3397,3397,3397,3399,3397,3398,3401,3406,3405,3402,3373,3350,3344,3341,3339,3337,3335
34006,3304,3305,3305,3304,3305,3304,3304,3304,3303,3303,3304,3303,3303,3303,3303,3303,3303,3303,3303,3303,3303,3303,3303,3303,3303,3303,3303,3303,3303,3303,3303,3303,3302,3302,3303,3302,3302,3302,3303,3302,3302,3302,3302,3356,3371,3383,3382,3389,3391,3390,3392,3393,3389,3392,3394,3399,3399,3396,3370,3346,3340,3336,3333,3330,3327
34007,0,0,0,0,0,0,0,0,0,0,0,0,0,0,0,0,0,0,0,0,0,0,0,0,0,0,0,0,0,0,0,0,0,0,0,0,0,0,0,0,0,0,0,0,0,0,0,0,0,0,0,0,0,0,0,0,0,0,0,0,0,0,0,0,0
34008,0,0,0,0,0,0,0,0,0,0,0,0,0,0,0,0,0,0,0,0,0,0,0,0,0,0,0,0,0,0,0,0,0,0,0,0,0,0,0,0,0,0,0,0,0,0,0,0,0,0,0,0,0,0,0,0,0,0,0,0,0,0,0,0,0
34009,0,0,0,0,0,0,0,0,0,0,0,0,0,0,0,0,0,0,0,0,0,0,0,0,0,0,0,0,0,0,0,0,0,0,0,0,0,0,0,0,0,0,0,0,0,0,0,0,0,0,0,0,0,0,0,0,0,0,0,0,0,0,0,0,0
34010,116,116,116,116,116,116,116,116,116,116,116,116,116,116,116,116,116,116,116,116,116,116,116,116,116,116,116,116,116,116,116,116,116,116,116,116,116,116,116,116,116,116,116,116,116,116,116,116,116,116,116,116,116,116,116,116,116,116,116,116,116,116,116,116,116
34011,339,339,338,340,340,341,340,340,342,341,342,343,341,342,343,342,343,344,343,343,344,345,344,344,345,344,343,344,345,344,345,346,345,346,346,345,345,348,348,347,348,349,349,348,349,350,351,352,352,355,356,355,358,359,360,362,361,363,364,363,365,366,366,367,367
34012,310,310,309,309,309,309,309,309,308,308,308,308,308,308,308,308,307,308,308,308,308,308,308,308,308,308,308,308,308,308,308,309,309,308,310,310,309,310,310,309,310,310,310,318,332,342,348,355,361,366,372,377,382,387,390,395,398,402,406,392,385,381,377,374,372
34013,275,275,275,275,275,275,275,274,275,274,274,275,275,275,274,274,274,274,274,274,274,273,274,274,274,273,274,273,274,273,274,273,273,273,273,273,273,273,273,273,273,273,273,274,277,278,280,282,283,285,286,288,290,291,293,295,296,297,299,297,297,296,297,297,297
34014,270,270,270,270,270,270,271,270,271,270,270,271,271,271,271,271,271,271,271,271,271,271,271,272,271,271,272,272,272,272,272,272,272,272,272,272,272,272,273,272,272,273,273,272,274,274,275,276,278,279,280,282,283,284,285,286,288,289,290,290,291,291,292,291,292
34015,270,270,270,270,270,270,271,270,270,270,270,270,271,270,270,270,270,270,270,270,270,270,270,271,270,270,270,270,271,270,271,270,270,270,270,271,271,270,271,270,270,271,271,270,271,272,274,275,276,278,279,280,282,283,285,287,288,289,290,291,291,292,292,292,292
34016,268,268,269,269,268,269,269,268,269,268,269,269,269,269,269,269,269,269,269,269,269,269,269,270,270,270,270,269,270,270,270,270,270,270,270,270,270,270,271,270,270,271,271,270,271,272,273,274,275,276,277,278,280,280,282,283,284,285,287,287,288,288,289,289,289
34017,0,0,0,0,0,0,0,0,0,0,0,0,0,0,0,0,0,0,0,0,0,0,0,0,0,0,0,0,0,0,0,0,0,0,0,0,0,0,0,0,0,0,0,0,0,0,0,0,0,0,0,0,0,0,0,0,0,0,0,0,0,0,0,0,0
34018,3305,3305,3305,3305,3306,3305,3304,3305,3304,3303,3305,3304,3304,3305,3305,3305,3304,3304,3304,3304,3304,3304,3303,3303,3303,3304,3303,3304,3303,3304,3304,3304,3304,3304,3304,3304,3303,3303,3304,3304,3302,3304,3303,3362,3377,3383,3382,3389,3397,3395,3395,3394,3393,3398,3397,3406,3403,3401,3372,3348,3344,3340,3338,3336,3335
34019,3306,3305,3305,3305,3305,3305,3305,3305,3304,3304,3305,3304,3305,3304,3304,3305,3304,3305,3304,3303,3304,3305,3303,3303,3304,3304,3304,3304,3303,3304,3303,3304,3304,3303,3304,3304,3303,3303,3303,3302,3304,3303,3302,3363,3376,3385,3384,3392,3396,3392,3397,3395,3392,3395,3396,3402,3403,3400,3371,3348,3341,3337,3335,3333,3330
34020,3305,3305,3305,3305,3305,3305,3305,3304,3305,3304,3305,3304,3304,3304,3304,3305,3304,3304,3305,3304,3304,3304,3303,3304,3304,3304,3303,3304,3303,3304,3303,3303,3303,3304,3303,3303,3303,3302,3303,3303,3303,3303,3303,3362,3375,3384,3384,3390,3395,3390,3395,3397,3391,3394,3396,3401,3401,3400,3370,3347,3341,3338,3335,3334,3330
34021,3306,3305,3305,3306,3306,3305,3305,3305,3305,3305,3306,3305,3305,3305,3305,3305,3305,3305,3304,3305,3305,3305,3304,3305,3304,3305,3305,3305,3305,3305,3305,3305,3305,3304,3304,3305,3304,3303,3304,3304,3304,3304,3305,3363,3378,3385,3386,3391,3397,3393,3397,3399,3392,3395,3397,3403,3405,3402,3373,3348,3344,3340,3338,3335,3333
34022,3305,3305,3305,3305,3305,3305,3305,3305,3304,3304,3305,3304,3304,3304,3303,3304,3303,3304,3304,3303,3304,3304,3304,3304,3304,3303,3304,3303,3303,3304,3303,3304,3304,3303,3303,3304,3304,3303,3303,3303,3304,3303,3303,3358,3376,3383,3383,3389,3394,3390,3392,3396,3389,3392,3394,3399,3401,3399,3370,3346,3340,3336,3333,3330,3327
34023,3305,3305,3305,3306,3305,3306,3305,3306,3305,3305,3305,3305,3305,3306,3305,3305,3304,3305,3305,3304,3305,3305,3304,3305,3304,3305,3304,3305,3304,3304,3305,3305,3305,3304,3305,3304,3305,3304,3304,3305,3304,3305,3304,3357,3378,3384,3384,3391,3395,3392,3394,3396,3392,3394,3396,3402,3401,3400,3371,3348,3341,3338,3336,3334,3332
34024,3305,3305,3305,3305,3305,3305,3305,3304,3304,3305,3305,3305,3304,3305,3305,3304,3304,3305,3304,3304,3305,3304,3304,3304,3304,3304,3305,3304,3304,3305,3304,3304,3304,3303,3304,3304,3303,3304,3304,3303,3304,3303,3304,3358,3377,3384,3385,3391,3396,3393,3395,3398,3392,3395,3396,3404,3401,3400,3372,3348,3344,3340,3338,3336,3334
34025,3306,3306,3305,3305,3306,3305,3306,3305,3306,3305,3305,3305,3305,3306,3305,3306,3305,3304,3305,3305,3305,3305,3304,3304,3305,3305,3304,3305,3304,3305,3305,3305,3304,3304,3305,3305,3305,3304,3304,3304,3304,3305,3304,3357,3378,3387,3387,3392,3395,3392,3394,3397,3392,3395,3397,3404,3401,3401,3373,3349,3344,3341,3339,3337,3335
34026,3305,3305,3305,3305,3305,3305,3305,3305,3304,3305,3304,3304,3305,3304,3304,3304,3304,3305,3303,3304,3304,3304,3303,3304,3303,3303,3303,3304,3304,3303,3304,3304,3304,3303,3304,3303,3303,3303,3303,3303,3302,3303,3303,3356,3375,3385,3386,3391,3394,3391,3393,3396,3392,3393,3395,3402,3399,3398,3370,3348,3341,3338,3335,3332,3330
34027,3306,3305,3306,3306,3305,3306,3305,3305,3305,3305,3305,3305,3305,3305,3306,3305,3305,3305,3305,3305,3305,3305,3305,3304,3305,3305,3305,3305,3304,3304,3305,3304,3304,3305,3305,3305,3304,3304,3305,3304,3304,3304,3304,3359,3378,3388,3386,3392,3397,3393,3396,3399,3395,3396,3398,3405,3402,3400,3373,3350,3343,3340,3338,3337,3334
34028,3305,3305,3305,3305,3305,3304,3304,3304,3304,3304,3305,3304,3304,3304,3304,3303,3304,3304,3304,3303,3304,3304,3304,3303,3304,3304,3303,3304,3304,3303,3303,3304,3303,3303,3303,3303,3303,3303,3303,3303,3303,3303,3304,3356,3375,3387,3387,3390,3392,3392,3395,3396,3392,3393,3397,3402,3400,3398,3371,3347,3341,3337,3334,3332,3330
34029,3306,3305,3305,3305,3305,3305,3305,3305,3305,3305,3305,3305,3305,3305,3305,3305,3305,3305,3305,3304,3305,3305,3304,3304,3304,3305,3304,3304,3304,3304,3303,3304,3304,3305,3304,3304,3304,3303,3304,3304,3304,3304,3305,3358,3377,3388,3388,3395,3394,3394,3395,3398,3396,3395,3399,3406,3402,3400,3372,3349,3342,3340,3337,3335,3334
34030,3305,3305,3306,3304,3305,3305,3305,3305,3305,3305,3305,3305,3305,3305,3304,3305,3304,3304,3304,3304,3304,3305,3304,3304,3304,3303,3304,3304,3304,3304,3303,3304,3304,3304,3304,3304,3304,3304,3304,3304,3304,3303,3304,3358,3377,3389,3388,3395,3394,3396,3397,3399,3397,3396,3400,3405,3402,3400,3372,3348,3343,3339,3337,3336,3334
34031,3306,3305,3306,3305,3306,3306,3306,3305,3306,3305,3306,3305,3305,3305,3305,3305,3305,3305,3305,3305,3305,3305,3305,3305,3305,3305,3305,3305,3304,3305,3305,3305,3305,3305,3304,3304,3305,3305,3304,3305,3305,3304,3305,3359,3377,3391,3388,3397,3394,3397,3397,3398,3396,3397,3401,3406,3402,3401,3372,3350,3344,3339,3338,3336,3334
34032,3305,3305,3305,3305,3305,3305,3305,3305,3303,3303,3305,3304,3304,3303,3303,3304,3304,3304,3304,3303,3304,3303,3303,3303,3304,3303,3304,3303,3304,3303,3304,3303,3304,3303,3303,3303,3303,3303,3303,3303,3303,3302,3303,3359,3377,3389,3386,3392,3393,3395,3397,3395,3396,3397,3398,3404,3401,3397,3371,3347,3342,3338,3337,3334,3332
34033,3304,3305,3305,3304,3305,3304,3304,3304,3305,3304,3304,3304,3303,3304,3304,3303,3303,3303,3304,3303,3303,3303,3304,3303,3303,3302,3304,3303,3303,3303,3303,3303,3303,3303,3304,3302,3303,3303,3303,3303,3302,3303,3303,3360,3376,3388,3385,3393,3391,3395,3396,3393,3394,3396,3400,3403,3401,3396,3371,3347,3341,3338,3335,3334,3331
34100,5264,5263,5263,5264,5264,5263,5264,5263,5264,5263,5263,5264,5263,5263,5264,5264,5264,5264,5264,5263,5264,5264,5264,5264,5264,5264,5264,5264,5366,5401,5406,5403,5408,5400,5403,5411,5407,5409,5405,5405,5406,5407,5400,5322,5308,5303,5300,5299,5298,5297,5296,5295,5295,5294,5294,5293,5293,5293,5292,5389,5407,5406,5409,5419,5413
34101,0,0,0,0,0,0,0,0,0,0,0,0,0,0,0,0,0,0,0,0,0,0,0,0,0,0,0,0,379,377,377,376,377,377,377,377,377,377,377,378,377,378,378,0,0,0,0,0,0,0,0,0,0,0,0,0,0,0,0,378,377,377,377,376,376
34102,406,406,406,406,406,406,406,406,406,406,406,406,406,406,406,406,406,406,406,406,406,406,406,406,406,406,406,406,408,414,421,427,434,440,447,453,459,466,472,479,485,492,498,501,501,501,501,501,501,501,501,501,501,501,501,501,501,501,501,506,512,519,525,531,538
34103,6,6,6,6,6,6,6,6,6,6,6,6,6,6,6,6,6,6,6,6,6,6,6,6,6,6,6,6,6,6,6,6,6,6,6,6,6,6,6,6,6,6,6,6,6,6,6,6,6,6,6,6,6,6,6,6,6,6,6,6,6,6,6,6,6
34104,0,0,0,0,0,0,0,0,0,0,0,0,0,0,0,0,0,0,0,0,0,0,0,0,0,0,0,0,3,3,3,3,3,3,3,3,3,3,3,3,3,3,3,0,0,0,0,0,0,0,0,0,0,0,0,0,0,0,0,3,3,3,3,3,3
34105,3292,3291,3291,3291,3291,3291,3291,3291,3291,3291,3291,3291,3291,3291,3291,3291,3291,3291,3291,3291,3291,3291,3291,3292,3291,3292,3291,3291,3356,3380,3385,3382,3386,3380,3382,3385,3383,3387,3381,3383,3384,3382,3381,3328,3319,3316,3314,3313,3313,3312,3312,3311,3311,3310,3311,3309,3309,3310,3309,3371,3384,3381,3385,3392,3388
34106,3289,3289,3289,3289,3289,3289,3288,3289,3289,3289,3289,3289,3289,3289,3289,3289,3289,3289,3289,3289,3289,3289,3289,3289,3289,3289,3289,3289,3348,3372,3376,3374,3378,3373,3373,3376,3377,3377,3375,3373,3376,3377,3371,3326,3316,3313,3312,3311,3310,3310,3309,3309,3309,3309,3308,3308,3308,3307,3307,3366,3377,3376,3378,3383,3379
34107,0,0,0,0,0,0,0,0,0,0,0,0,0,0,0,0,0,0,0,0,0,0,0,0,0,0,0,0,0,0,0,0,0,0,0,0,0,0,0,0,0,0,0,0,0,0,0,0,0,0,0,0,0,0,0,0,0,0,0,0,0,0,0,0,0
34108,0,0,0,0,0,0,0,0,0,0,0,0,0,0,0,0,0,0,0,0,0,0,0,0,0,0,0,0,0,0,0,0,0,0,0,0,0,0,0,0,0,0,0,0,0,0,0,0,0,0,0,0,0,0,0,0,0,0,0,0,0,0,0,0,0
34109,0,0,0,0,0,0,0,0,0,0,0,0,0,0,0,0,0,0,0,0,0,0,0,0,0,0,0,0,0,0,0,0,0,0,0,0,0,0,0,0,0,0,0,0,0,0,0,0,0,0,0,0,0,0,0,0,0,0,0,0,0,0,0,0,0
34110,116,116,116,116,116,116,116,116,116,116,116,116,116,116,116,116,116,116,116,116,116,116,116,116,116,116,116,116,116,116,116,116,116,116,116,116,116,116,116,116,116,116,116,116,116,116,116,116,116,116,116,116,116,116,116,116,116,116,116,116,116,116,116,116,116
34111,321,322,324,324,325,325,324,326,325,326,326,329,329,329,327,329,329,330,331,329,330,331,329,331,332,331,333,332,333,334,335,335,336,336,338,339,342,343,344,343,344,345,345,349,348,350,348,349,348,348,346,345,346,344,344,342,342,343,341,342,340,341,342,342,341
34112,275,276,277,277,278,279,280,281,282,282,283,284,285,285,286,286,287,288,289,289,289,289,290,291,291,292,292,293,300,316,325,332,339,345,350,357,362,367,372,376,380,384,389,380,371,364,361,357,353,350,346,344,341,337,335,333,330,327,325,338,349,354,360,364,369
34113,230,231,230,231,231,231,231,231,231,231,231,231,231,231,231,231,232,231,232,232,232,232,232,232,232,232,232,232,233,233,234,235,236,237,238,240,241,242,243,245,246,247,248,249,250,250,250,250,251,251,251,251,251,251,252,251,252,252,252,252,253,254,255,256,257
34114,233,233,233,233,233,233,233,233,233,233,233,233,233,233,233,234,234,233,234,234,233,234,234,234,234,234,234,234,234,235,236,237,239,240,242,244,245,247,248,250,252,253,254,256,256,256,256,256,256,256,256,256,256,257,257,257,257,257,257,257,259,260,261,263,265
34115,229,230,229,230,230,230,230,230,230,230,231,231,230,230,231,231,231,231,231,231,231,231,231,231,232,232,232,232,232,233,233,234,235,236,237,237,238,239,240,241,242,244,244,245,246,246,246,246,247,247,247,247,247,248,248,248,248,248,248,249,249,250,251,252,253
34116,233,233,233,233,233,234,234,234,234,234,234,234,234,234,234,234,234,234,234,234,234,234,235,234,235,235,235,235,235,237,239,241,242,244,246,247,249,251,252,254,255,257,258,259,258,259,258,258,258,258,259,258,258,259,259,259,259,258,259,261,262,264,266,267,269
34117,0,0,0,0,0,0,0,0,0,0,0,0,0,0,0,0,0,0,0,0,0,0,0,0,0,0,0,0,0,0,0,0,0,0,0,0,0,0,0,0,0,0,0,0,0,0,0,0,0,0,0,0,0,0,0,0,0,0,0,0,0,0,0,0,0
34118,3290,3290,3290,3289,3290,3290,3290,3290,3290,3290,3290,3289,3289,3289,3290,3290,3291,3290,3290,3290,3290,3291,3291,3291,3290,3290,3290,3290,3354,3374,3379,3375,3379,3376,3373,3380,3378,3377,3379,3379,3379,3379,3375,3326,3317,3315,3312,3312,3311,3311,3311,3309,3309,3309,3309,3308,3309,3308,3307,3368,3380,3379,3379,3385,3379
34119,3291,3290,3290,3290,3290,3291,3291,3291,3291,3290,3290,3291,3291,3290,3291,3290,3290,3290,3291,3290,3291,3290,3291,3290,3290,3290,3291,3291,3356,3378,3377,3376,3381,3380,3378,3383,3381,3381,3381,3383,3379,3381,3375,3328,3318,3314,3313,3312,3312,3311,3310,3310,3309,3310,3309,3309,3309,3308,3308,3368,3384,3381,3385,3386,3385
34120,3289,3289,3290,3290,3289,3290,3290,3290,3290,3289,3290,3291,3289,3290,3290,3290,3290,3290,3291,3289,3290,3289,3290,3290,3289,3291,3290,3291,3353,3375,3376,3374,3379,3376,3374,3380,3377,3377,3378,3378,3376,3378,3371,3326,3318,3315,3312,3312,3312,3311,3310,3310,3309,3309,3309,3309,3308,3308,3307,3366,3377,3377,3378,3383,3380
34121,3290,3291,3290,3291,3291,3290,3291,3291,3291,3291,3290,3291,3290,3290,3291,3290,3291,3291,3291,3291,3290,3290,3290,3290,3291,3291,3291,3291,3354,3375,3376,3374,3380,3377,3376,3381,3380,3378,3379,3380,3377,3380,3372,3327,3319,3315,3313,3313,3312,3311,3311,3310,3310,3310,3309,3309,3309,3310,3309,3367,3379,3378,3380,3385,3382
34122,3290,3289,3290,3290,3290,3289,3290,3289,3290,3290,3290,3290,3290,3289,3291,3290,3290,3290,3290,3289,3289,3289,3291,3290,3290,3290,3290,3290,3355,3375,3378,3376,3381,3376,3376,3383,3379,3380,3381,3380,3379,3381,3375,3326,3318,3314,3313,3312,3311,3310,3310,3310,3309,3309,3309,3308,3308,3308,3308,3369,3379,3380,3380,3386,3383
34123,3292,3290,3291,3291,3291,3290,3290,3291,3291,3290,3290,3291,3291,3290,3290,3291,3291,3291,3291,3291,3291,3291,3290,3291,3291,3291,3291,3291,3355,3375,3377,3375,3379,3376,3377,3382,3379,3379,3380,3380,3377,3380,3374,3327,3319,3315,3314,3312,3312,3312,3311,3311,3311,3309,3309,3309,3309,3309,3309,3368,3378,3379,3380,3387,3383
34124,3290,3289,3290,3290,3290,3289,3290,3290,3289,3290,3290,3290,3289,3290,3290,3289,3290,3289,3290,3289,3290,3290,3289,3290,3289,3289,3289,3290,3355,3375,3377,3378,3379,3375,3377,3383,3379,3380,3378,3378,3378,3379,3373,3326,3317,3314,3312,3312,3311,3310,3310,3310,3309,3309,3308,3309,3308,3308,3307,3368,3379,3380,3379,3387,3384
34125,3291,3291,3291,3290,3291,3291,3291,3290,3290,3291,3291,3290,3291,3291,3291,3290,3291,3291,3291,3291,3291,3291,3291,3292,3291,3292,3291,3291,3356,3377,3379,3380,3381,3378,3380,3385,3382,3383,3379,3381,3379,3381,3376,3327,3319,3316,3314,3312,3313,3312,3311,3311,3310,3310,3311,3309,3309,3309,3309,3371,3380,3381,3382,3389,3387
34126,3289,3289,3290,3289,3290,3290,3290,3289,3290,3290,3289,3290,3289,3289,3289,3290,3291,3290,3290,3289,3290,3289,3289,3289,3290,3289,3289,3289,3353,3374,3377,3376,3378,3373,3377,3383,3378,3380,3376,3378,3378,3378,3372,3326,3317,3314,3312,3312,3311,3311,3310,3310,3309,3309,3309,3308,3309,3308,3308,3367,3379,3379,3380,3386,3384
34127,3290,3291,3290,3290,3290,3290,3291,3290,3290,3290,3291,3291,3291,3291,3290,3291,3291,3291,3291,3290,3290,3290,3291,3291,3290,3291,3290,3291,3356,3376,3378,3379,3379,3374,3378,3384,3380,3382,3377,3379,3381,3381,3377,3327,3319,3315,3313,3312,3312,3311,3310,3309,3309,3309,3310,3309,3309,3309,3309,3369,3379,3380,3380,3388,3385
34128,3290,3290,3289,3290,3290,3290,3290,3289,3290,3289,3289,3289,3289,3290,3289,3290,3290,3290,3290,3289,3289,3290,3290,3290,3289,3289,3289,3290,3354,3376,3381,3379,3380,3374,3377,3381,3379,3382,3377,3377,3380,3379,3376,3326,3317,3314,3312,3312,3311,3311,3309,3309,3309,3309,3309,3308,3308,3308,3308,3367,3378,3379,3381,3389,3382
34129,3291,3290,3290,3291,3290,3291,3290,3290,3291,3291,3290,3290,3290,3290,3291,3291,3291,3290,3291,3290,3291,3290,3291,3291,3291,3291,3291,3291,3354,3376,3380,3379,3378,3374,3377,3382,3379,3382,3376,3376,3380,3380,3377,3326,3318,3315,3313,3313,3312,3311,3311,3310,3311,3310,3309,3308,3309,3309,3308,3368,3378,3379,3381,3387,3383
34130,3289,3289,3289,3290,3290,3289,3289,3290,3289,3289,3289,3290,3289,3289,3289,3289,3290,3290,3289,3290,3290,3290,3289,3289,3290,3290,3290,3289,3352,3375,3381,3378,3380,3373,3377,3379,3379,3383,3377,3377,3379,3380,3378,3326,3317,3314,3313,3312,3311,3310,3310,3310,3309,3309,3309,3308,3308,3308,3308,3368,3380,3378,3382,3388,3383
34131,3290,3291,3291,3291,3291,3290,3291,3290,3290,3291,3291,3291,3291,3291,3291,3291,3290,3291,3291,3290,3291,3291,3291,3291,3290,3291,3291,3291,3354,3380,3385,3382,3383,3377,3382,3384,3383,3387,3381,3379,3384,3382,3381,3327,3319,3315,3314,3313,3311,3311,3312,3310,3309,3310,3309,3309,3309,3309,3309,3370,3382,3380,3385,3392,3388
34132,3289,3290,3290,3289,3289,3289,3289,3290,3289,3289,3289,3289,3288,3289,3290,3289,3290,3289,3289,3289,3289,3289,3290,3289,3289,3290,3290,3289,3354,3378,3385,3381,3386,3377,3383,3384,3383,3387,3379,3379,3384,3382,3381,3327,3316,3314,3312,3311,3312,3310,3310,3309,3309,3309,3309,3308,3308,3307,3307,3370,3381,3385,3385,3384,3393
34133,3289,3290,3289,3289,3289,3289,3288,3289,3289,3289,3290,3289,3288,3289,3289,3289,3289,3289,3290,3289,3289,3290,3290,3289,3290,3289,3288,3289,3348,3372,3377,3374,3379,3373,3377,3376,3379,3379,3374,3373,3379,3377,3375,3326,3318,3314,3312,3312,3310,3310,3311,3309,3308,3309,3308,3308,3308,3308,3307,3367,3377,3381,3380,3381,3389
34200,5398,5397,5404,5403,5401,5399,5404,5399,5401,5405,5404,5405,5328,5310,5302,5298,5296,5294,5292,5292,5291,5290,5290,5289,5289,5288,5288,5288,5287,5287,5287,5287,5286,5286,5286,5286,5286,5285,5285,5285,5285,5285,5284,5284,5284,5284,5284,5284,5284,5284,5284,5283,5283,5283,5283,5283,5283,5284,5283,5283,5283,5283,5283,5283,5283
34201,378,378,378,378,378,378,378,378,378,378,378,378,0,0,0,0,0,0,0,0,0,0,0,0,0,0,0,0,0,0,0,0,0,0,0,0,0,0,0,0,0,0,0,0,0,0,0,0,0,0,0,0,0,0,0,0,0,0,0,0,0,0,0,0,0
34202,426,433,439,445,452,458,465,471,478,484,491,497,501,501,501,501,501,501,501,501,501,501,501,501,501,501,501,501,501,501,501,501,501,501,501,501,501,501,501,501,501,501,501,501,501,501,501,501,501,501,501,501,501,501,501,501,501,501,501,501,501,501,501,501,501
34203,49,49,49,49,49,49,49,49,49,49,49,49,49,49,49,49,49,49,49,49,49,49,49,49,49,49,49,49,49,49,49,49,49,49,49,49,49,49,49,49,49,49,49,49,49,49,49,49,49,49,49,49,49,49,49,49,49,49,49,49,49,49,49,49,49
34204,3,3,3,3,3,3,3,3,3,3,3,3,0,0,0,0,0,0,0,0,0,0,0,0,0,0,0,0,0,0,0,0,0,0,0,0,0,0,0,0,0,0,0,0,0,0,0,0,0,0,0,0,0,0,0,0,0,0,0,0,0,0,0,0,0
34205,3377,3376,3381,3380,3379,3377,3380,3377,3377,3381,3380,3380,3333,3320,3315,3313,3311,3310,3309,3309,3309,3308,3307,3307,3307,3307,3306,3306,3306,3306,3306,3305,3305,3305,3305,3305,3305,3305,3304,3304,3305,3304,3305,3304,3304,3304,3304,3304,3304,3304,3304,3303,3303,3303,3303,3303,3303,3304,3303,3303,3303,3304,3303,3303,3303
34206,3372,3370,3375,3374,3374,3372,3375,3371,3374,3377,3377,3376,3329,3317,3313,3311,3309,3308,3307,3307,3306,3306,3305,3305,3305,3305,3305,3304,3304,3303,3304,3303,3303,3303,3302,3303,3302,3302,3302,3302,3302,3302,3302,3302,3302,3302,3302,3302,3302,3302,3301,3302,3301,3301,3302,3301,3301,3302,3301,3301,3301,3301,3301,3301,3300
34207,0,0,0,0,0,0,0,0,0,0,0,0,0,0,0,0,0,0,0,0,0,0,0,0,0,0,0,0,0,0,0,0,0,0,0,0,0,0,0,0,0,0,0,0,0,0,0,0,0,0,0,0,0,0,0,0,0,0,0,0,0,0,0,0,0
34208,0,0,0,0,0,0,0,0,0,0,0,0,0,0,0,0,0,0,0,0,0,0,0,0,0,0,0,0,0,0,0,0,0,0,0,0,0,0,0,0,0,0,0,0,0,0,0,0,0,0,0,0,0,0,0,0,0,0,0,0,0,0,0,0,0
34209,0,0,0,0,0,0,0,0,0,0,0,0,0,0,0,0,0,0,0,0,0,0,0,0,0,0,0,0,0,0,0,0,0,0,0,0,0,0,0,0,0,0,0,0,0,0,0,0,0,0,0,0,0,0,0,0,0,0,0,0,0,0,0,0,0
34210,116,116,116,116,116,116,116,116,116,116,116,116,116,116,116,116,116,116,116,116,116,116,116,116,116,116,116,116,116,116,116,116,116,116,116,116,116,116,116,116,116,116,116,116,116,116,116,116,116,116,116,116,116,116,116,116,116,116,116,116,116,116,116,116,116
34211,327,329,331,331,333,335,335,335,336,337,341,339,342,342,344,343,342,343,342,342,343,342,342,343,343,342,342,343,342,342,342,342,342,342,341,339,339,339,339,339,337,337,336,336,336,335,335,334,334,333,332,331,331,331,331,329,329,328,328,328,328,327,327,328,326
34212,338,344,348,354,357,362,366,371,373,377,381,384,377,366,359,355,351,348,345,343,341,338,336,334,332,330,329,328,326,324,322,321,319,317,315,312,311,309,308,305,304,302,301,299,298,296,294,293,292,290,289,288,287,286,285,283,283,282,280,280,279,278,277,277,275
34213,242,242,243,244,245,246,247,248,249,251,251,253,254,254,254,255,255,255,255,255,255,255,255,255,255,255,255,256,255,255,256,255,256,255,255,255,255,255,255,255,255,255,256,255,256,256,255,256,256,256,256,256,256,256,256,256,256,256,256,256,256,256,256,256,256
34214,241,242,243,243,245,246,247,247,249,250,250,252,253,253,253,254,254,254,254,254,254,254,254,255,255,255,255,255,255,255,255,255,255,255,255,255,255,255,255,255,255,255,255,255,255,256,255,256,256,256,256,256,256,256,256,256,256,256,256,256,255,256,255,256,256
34215,241,241,243,243,245,246,247,248,249,250,251,252,254,254,254,254,255,255,255,255,255,255,255,255,255,255,255,255,255,255,255,255,255,255,255,255,255,255,255,255,255,255,255,255,255,256,255,255,255,255,255,255,256,255,256,255,255,255,255,255,255,256,255,255,255
34216,240,241,242,243,244,245,246,247,248,249,250,252,253,253,253,253,253,254,254,254,254,254,254,254,254,254,254,254,254,254,255,254,254,254,254,254,254,254,254,254,254,254,254,254,254,254,254,254,254,254,254,254,254,254,254,254,254,254,254,254,254,254,254,254,254
34217,0,0,0,0,0,0,0,0,0,0,0,0,0,0,0,0,0,0,0,0,0,0,0,0,0,0,0,0,0,0,0,0,0,0,0,0,0,0,0,0,0,0,0,0,0,0,0,0,0,0,0,0,0,0,0,0,0,0,0,0,0,0,0,0,0
34218,3374,3373,3378,3376,3376,3374,3378,3375,3375,3377,3379,3380,3330,3319,3314,3312,3310,3309,3308,3307,3307,3307,3305,3306,3306,3305,3305,3305,3304,3305,3305,3304,3304,3304,3303,3304,3303,3303,3302,3303,3302,3303,3303,3304,3302,3303,3303,3303,3303,3303,3302,3302,3302,3302,3302,3302,3302,3302,3302,3302,3301,3302,3302,3302,3302
34219,3373,3374,3380,3377,3376,3374,3380,3375,3377,3377,3378,3380,3333,3319,3315,3311,3310,3309,3308,3308,3307,3306,3306,3305,3306,3306,3305,3305,3304,3305,3305,3304,3304,3304,3304,3305,3304,3302,3303,3303,3302,3303,3303,3303,3303,3303,3303,3302,3302,3303,3302,3302,3302,3303,3302,3302,3302,3303,3302,3302,3301,3302,3301,3302,3301
34220,3374,3370,3378,3375,3375,3372,3378,3375,3374,3377,3377,3378,3330,3319,3314,3311,3310,3309,3307,3307,3306,3307,3307,3306,3305,3306,3305,3305,3304,3305,3304,3304,3304,3304,3303,3304,3303,3304,3304,3304,3303,3303,3302,3303,3304,3303,3303,3302,3302,3303,3302,3302,3303,3302,3302,3302,3303,3302,3302,3302,3302,3301,3302,3302,3302
34221,3375,3372,3380,3376,3378,3375,3380,3376,3376,3378,3377,3379,3331,3320,3315,3312,3311,3310,3309,3309,3308,3307,3307,3307,3307,3307,3306,3306,3305,3306,3305,3305,3305,3305,3305,3304,3305,3304,3304,3304,3304,3304,3304,3304,3304,3304,3304,3303,3304,3304,3304,3303,3303,3303,3303,3303,3302,3303,3303,3303,3302,3304,3303,3302,3303
34222,3374,3371,3379,3376,3377,3376,3379,3375,3374,3377,3377,3379,3330,3318,3313,3311,3310,3309,3307,3308,3307,3306,3307,3306,3305,3305,3305,3305,3304,3304,3304,3304,3304,3304,3304,3303,3304,3303,3304,3303,3303,3303,3302,3302,3303,3302,3303,3302,3302,3302,3303,3302,3302,3302,3302,3302,3302,3303,3302,3302,3302,3302,3302,3302,3302
34223,3377,3373,3381,3377,3379,3377,3380,3377,3377,3379,3379,3377,3331,3319,3315,3312,3311,3310,3308,3308,3309,3307,3306,3306,3306,3305,3305,3305,3305,3305,3305,3305,3304,3304,3304,3303,3304,3305,3304,3304,3304,3304,3304,3303,3304,3303,3303,3303,3303,3302,3303,3303,3303,3303,3302,3302,3303,3303,3303,3302,3303,3302,3302,3302,3302
34224,3375,3371,3377,3378,3377,3374,3377,3376,3375,3377,3378,3377,3330,3319,3314,3311,3311,3309,3308,3308,3307,3307,3306,3306,3306,3306,3306,3305,3304,3305,3304,3304,3304,3304,3304,3304,3304,3304,3304,3303,3303,3303,3303,3302,3303,3303,3302,3303,3303,3303,3302,3303,3302,3302,3302,3302,3301,3303,3302,3302,3302,3302,3302,3302,3302
34225,3377,3374,3379,3380,3379,3377,3379,3377,3377,3379,3380,3379,3332,3320,3314,3312,3311,3310,3309,3309,3308,3307,3307,3306,3305,3306,3306,3306,3305,3305,3305,3305,3305,3305,3305,3304,3304,3304,3304,3304,3304,3304,3305,3304,3304,3303,3304,3303,3303,3303,3303,3302,3303,3303,3303,3303,3302,3303,3302,3303,3303,3303,3303,3303,3303
34226,3372,3375,3376,3377,3377,3374,3376,3375,3375,3377,3377,3377,3329,3317,3314,3312,3310,3308,3307,3307,3307,3306,3306,3305,3305,3305,3305,3305,3305,3303,3304,3304,3305,3304,3302,3303,3302,3303,3303,3303,3303,3303,3302,3303,3302,3302,3302,3302,3303,3302,3302,3302,3302,3302,3302,3302,3302,3302,3302,3301,3302,3302,3302,3301,3302
34227,3373,3374,3376,3378,3376,3374,3377,3375,3376,3380,3378,3378,3331,3320,3315,3312,3311,3309,3308,3308,3308,3307,3307,3306,3307,3305,3306,3305,3305,3305,3305,3305,3305,3305,3305,3304,3304,3304,3304,3304,3304,3304,3303,3304,3304,3303,3304,3304,3304,3303,3304,3303,3303,3303,3303,3302,3303,3303,3303,3302,3302,3303,3303,3302,3303
34228,3372,3375,3376,3377,3375,3374,3375,3372,3374,3379,3377,3376,3330,3319,3313,3312,3310,3309,3307,3307,3307,3307,3307,3306,3305,3305,3305,3305,3305,3304,3304,3304,3303,3304,3303,3303,3303,3303,3302,3303,3303,3302,3302,3302,3302,3302,3302,3302,3302,3302,3302,3302,3302,3302,3302,3301,3301,3302,3301,3302,3302,3302,3302,3302,3301
34229,3375,3376,3377,3380,3376,3376,3377,3374,3377,3381,3379,3379,3331,3320,3315,3312,3311,3309,3309,3309,3308,3308,3307,3307,3306,3307,3306,3305,3306,3306,3306,3305,3305,3304,3305,3305,3305,3304,3304,3303,3303,3303,3303,3304,3303,3304,3303,3304,3303,3303,3303,3303,3303,3303,3302,3303,3303,3304,3303,3303,3303,3303,3303,3302,3303
34230,3372,3374,3375,3376,3374,3374,3377,3372,3375,3378,3378,3377,3330,3319,3314,3312,3310,3309,3308,3307,3307,3306,3306,3305,3305,3305,3305,3304,3305,3305,3304,3305,3304,3304,3304,3304,3303,3304,3303,3303,3303,3304,3303,3302,3302,3303,3303,3302,3303,3302,3302,3303,3302,3302,3302,3301,3302,3302,3302,3302,3302,3302,3302,3302,3301
34231,3374,3376,3378,3377,3374,3376,3378,3372,3376,3380,3378,3378,3331,3320,3315,3313,3311,3310,3309,3309,3308,3307,3307,3307,3307,3306,3306,3306,3305,3306,3306,3305,3305,3305,3304,3304,3305,3304,3304,3304,3305,3304,3304,3304,3303,3303,3303,3303,3304,3303,3303,3303,3303,3303,3303,3302,3303,3303,3302,3303,3303,3303,3302,3302,3302
34232,3373,3373,3378,3376,3374,3375,3378,3373,3377,3379,3377,3378,3330,3319,3314,3311,3310,3308,3308,3307,3306,3307,3306,3305,3305,3305,3305,3305,3304,3304,3304,3304,3303,3303,3303,3303,3303,3302,3302,3302,3303,3303,3302,3303,3302,3303,3302,3302,3302,3302,3301,3302,3302,3302,3302,3301,3302,3302,3301,3301,3302,3302,3302,3301,3301
34233,3376,3373,3377,3374,3374,3375,3378,3371,3376,3379,3377,3379,3330,3318,3313,3311,3310,3308,3307,3307,3306,3306,3306,3305,3305,3305,3305,3305,3304,3304,3304,3304,3304,3303,3304,3303,3303,3303,3303,3302,3302,3303,3303,3302,3302,3302,3302,3302,3302,3302,3302,3302,3301,3301,3302,3302,3302,3302,3301,3302,3301,3302,3301,3301,3300
34300,5296,5295,5294,5293,5292,5292,5292,5290,5290,5289,5289,5288,5363,5388,5392,5396,5398,5403,5397,5400,5397,5403,5407,5404,5402,5400,5408,5405,5326,5311,5304,5299,5297,5295,5294,5293,5293,5292,5292,5291,5290,5290,5290,5289,5288,5288,5288,5288,5288,5288,5287,5287,5287,5287,5286,5287,5286,5286,5286,5286,5286,5286,5286,5285,5285
34301,0,0,0,0,0,0,0,0,0,0,0,0,378,376,376,375,375,376,376,376,376,376,376,376,376,376,376,376,0,0,0,0,0,0,0,0,0,0,0,0,0,0,0,0,0,0,0,0,0,0,0,0,0,0,0,0,0,0,0,0,0,0,0,0,0
34302,401,401,401,401,401,401,401,401,401,401,401,401,402,408,415,421,428,434,440,447,453,460,466,473,479,485,492,498,501,501,501,501,501,501,501,501,501,501,501,501,501,501,501,501,501,501,501,501,501,501,501,501,501,501,501,501,501,501,501,501,501,501,501,501,501
34303,44,44,44,44,44,44,44,44,44,44,44,44,44,44,44,44,44,44,44,44,44,44,44,44,44,44,44,44,44,44,44,44,44,44,44,44,44,44,44,44,44,44,44,44,44,44,44,44,44,44,44,44,44,44,44,44,44,44,44,44,44,44,44,44,44
34304,0,0,0,0,0,0,0,0,0,0,0,0,3,3,3,3,3,3,3,3,3,3,3,3,3,3,3,3,0,0,0,0,0,0,0,0,0,0,0,0,0,0,0,0,0,0,0,0,0,0,0,0,0,0,0,0,0,0,0,0,0,0,0,0,0
34305,3312,3311,3310,3309,3309,3309,3309,3308,3307,3307,3307,3307,3353,3370,3373,3374,3376,3380,3376,3376,3375,3379,3382,3381,3378,3378,3383,3381,3330,3320,3316,3313,3312,3311,3310,3310,3309,3309,3309,3308,3308,3307,3307,3307,3307,3307,3306,3307,3306,3306,3306,3306,3305,3306,3305,3306,3305,3305,3305,3305,3305,3305,3305,3305,3305
34306,3309,3309,3308,3308,3307,3307,3307,3306,3305,3305,3305,3305,3350,3365,3365,3371,3371,3375,3370,3374,3372,3375,3377,3375,3376,3372,3378,3377,3328,3318,3315,3312,3310,3309,3308,3307,3307,3307,3307,3306,3306,3306,3305,3305,3305,3305,3305,3305,3305,3304,3304,3304,3304,3304,3303,3304,3303,3303,3303,3303,3303,3303,3303,3303,3302
34307,0,0,0,0,0,0,0,0,0,0,0,0,0,0,0,0,0,0,0,0,0,0,0,0,0,0,0,0,0,0,0,0,0,0,0,0,0,0,0,0,0,0,0,0,0,0,0,0,0,0,0,0,0,0,0,0,0,0,0,0,0,0,0,0,0
34308,0,0,0,0,0,0,0,0,0,0,0,0,0,0,0,0,0,0,0,0,0,0,0,0,0,0,0,0,0,0,0,0,0,0,0,0,0,0,0,0,0,0,0,0,0,0,0,0,0,0,0,0,0,0,0,0,0,0,0,0,0,0,0,0,0
34309,0,0,0,0,0,0,0,0,0,0,0,0,0,0,0,0,0,0,0,0,0,0,0,0,0,0,0,0,0,0,0,0,0,0,0,0,0,0,0,0,0,0,0,0,0,0,0,0,0,0,0,0,0,0,0,0,0,0,0,0,0,0,0,0,0
34310,116,116,116,116,116,116,116,116,116,116,116,116,116,116,116,116,116,116,116,116,116,116,116,116,116,116,116,116,116,116,116,116,116,116,116,116,116,116,116,116,116,116,116,116,116,116,116,116,116,116,116,116,116,116,116,116,116,116,116,116,116,116,116,116,116
34311,303,304,304,305,305,304,304,304,305,302,302,303,302,302,304,302,305,306,307,307,309,309,310,312,313,313,316,316,319,318,319,319,320,321,321,320,319,318,319,318,319,319,316,318,317,317,316,316,315,314,313,314,314,313,312,312,311,311,311,311,311,311,310,310,310
34312,298,295,293,291,289,287,284,283,280,278,278,275,278,293,300,306,312,316,322,326,332,335,339,344,348,352,356,359,350,341,336,332,328,325,322,318,316,313,310,308,305,302,300,298,295,294,292,290,288,286,285,283,282,280,279,277,275,274,274,272,271,270,269,268,267
34313,233,234,234,234,234,234,234,234,234,235,235,235,235,235,236,237,238,239,240,241,242,243,244,245,246,247,248,250,250,251,251,251,251,251,252,252,252,252,252,252,252,252,252,252,252,252,252,252,252,252,252,252,252,252,252,252,252,252,252,252,252,252,252,252,252
34314,240,241,241,241,241,240,240,241,241,241,241,241,241,242,243,244,246,247,249,250,252,254,255,257,259,260,261,263,264,264,265,265,265,265,265,264,264,264,265,264,265,264,264,264,264,264,264,264,264,264,264,264,264,263,263,263,263,263,263,263,263,263,263,263,262
34315,230,230,231,231,231,231,231,231,231,231,231,231,231,232,233,234,235,235,236,237,238,239,240,241,242,243,244,245,246,246,247,247,247,247,247,247,247,247,248,248,248,248,248,248,248,248,248,248,248,248,248,249,248,248,248,248,249,248,249,249,249,249,249,249,249
34316,240,240,240,240,240,240,240,240,240,240,240,240,240,241,242,244,245,246,248,249,250,252,253,255,257,258,259,261,262,263,263,263,263,263,263,263,263,263,263,263,263,262,262,262,262,262,262,262,262,262,262,262,262,261,262,261,261,261,261,261,261,261,261,261,260
34317,0,0,0,0,0,0,0,0,0,0,0,0,0,0,0,0,0,0,0,0,0,0,0,0,0,0,0,0,0,0,0,0,0,0,0,0,0,0,0,0,0,0,0,0,0,0,0,0,0,0,0,0,0,0,0,0,0,0,0,0,0,0,0,0,0
34318,3310,3310,3309,3308,3308,3307,3308,3306,3306,3305,3306,3306,3352,3365,3365,3374,3374,3375,3370,3376,3373,3375,3378,3377,3376,3372,3378,3379,3329,3319,3315,3312,3312,3310,3309,3308,3309,3308,3307,3306,3306,3306,3306,3305,3305,3305,3305,3305,3305,3306,3305,3304,3305,3304,3305,3304,3304,3304,3304,3303,3303,3304,3304,3304,3303
34319,3311,3310,3309,3309,3308,3307,3308,3306,3306,3305,3306,3305,3353,3365,3369,3373,3375,3377,3373,3375,3375,3377,3377,3376,3376,3375,3378,3380,3329,3319,3315,3312,3310,3309,3309,3309,3308,3308,3307,3308,3307,3307,3306,3305,3305,3306,3305,3305,3306,3305,3305,3305,3305,3304,3304,3304,3304,3303,3303,3304,3304,3303,3304,3304,3303
34320,3310,3310,3308,3308,3307,3307,3308,3307,3307,3307,3306,3305,3352,3368,3369,3372,3375,3376,3374,3376,3375,3377,3380,3377,3377,3374,3378,3377,3328,3318,3315,3312,3310,3309,3309,3309,3307,3308,3307,3307,3307,3307,3305,3306,3305,3305,3305,3305,3305,3305,3305,3305,3305,3304,3305,3305,3304,3304,3304,3304,3304,3304,3303,3304,3303
34321,3311,3310,3309,3309,3309,3308,3308,3307,3307,3307,3306,3306,3353,3366,3370,3371,3374,3376,3373,3375,3374,3378,3377,3376,3377,3375,3378,3378,3329,3320,3315,3313,3311,3310,3309,3309,3309,3309,3309,3308,3308,3307,3306,3307,3307,3307,3306,3306,3306,3305,3306,3306,3305,3306,3305,3305,3305,3305,3305,3305,3305,3304,3305,3304,3304
34322,3310,3309,3309,3308,3307,3307,3307,3306,3306,3306,3306,3305,3351,3368,3369,3372,3374,3375,3373,3376,3374,3377,3378,3375,3377,3373,3378,3377,3328,3320,3315,3312,3310,3310,3309,3307,3308,3307,3307,3306,3306,3307,3306,3306,3305,3305,3305,3305,3305,3305,3305,3304,3305,3304,3304,3305,3304,3303,3304,3304,3303,3303,3303,3303,3303
34323,3312,3310,3310,3309,3308,3309,3307,3307,3307,3307,3306,3306,3351,3367,3371,3372,3374,3377,3374,3376,3374,3377,3379,3376,3376,3374,3379,3377,3329,3320,3315,3312,3311,3310,3309,3309,3309,3308,3308,3307,3307,3307,3307,3306,3306,3306,3306,3306,3305,3306,3305,3305,3305,3305,3305,3305,3304,3304,3305,3304,3305,3304,3305,3303,3304
34324,3310,3310,3309,3308,3307,3307,3307,3306,3306,3305,3306,3305,3352,3369,3370,3372,3375,3378,3373,3374,3372,3377,3381,3375,3376,3375,3380,3377,3329,3319,3315,3312,3310,3309,3309,3308,3308,3308,3308,3306,3307,3307,3305,3306,3305,3306,3305,3305,3305,3305,3304,3304,3304,3305,3304,3304,3303,3304,3304,3304,3304,3304,3304,3303,3303
34325,3310,3310,3309,3309,3308,3308,3309,3307,3307,3306,3306,3307,3351,3370,3370,3372,3374,3378,3373,3375,3372,3377,3381,3378,3377,3376,3379,3377,3329,3320,3315,3313,3311,3310,3309,3309,3309,3308,3308,3308,3307,3307,3307,3306,3305,3306,3306,3305,3305,3305,3305,3305,3305,3305,3305,3304,3304,3305,3304,3305,3304,3305,3303,3304,3304
34326,3311,3310,3309,3309,3309,3307,3307,3307,3306,3306,3306,3305,3352,3370,3373,3373,3374,3379,3373,3375,3373,3378,3382,3379,3377,3376,3379,3377,3328,3319,3315,3312,3310,3309,3308,3309,3308,3308,3308,3307,3306,3307,3306,3305,3305,3305,3305,3305,3305,3304,3304,3305,3304,3305,3304,3304,3304,3305,3303,3304,3303,3304,3303,3303,3303
34327,3312,3310,3310,3309,3309,3309,3308,3308,3307,3307,3307,3306,3352,3370,3372,3373,3375,3378,3375,3375,3373,3378,3381,3378,3378,3376,3382,3377,3330,3320,3316,3312,3312,3310,3309,3308,3308,3309,3308,3308,3307,3306,3307,3307,3306,3306,3306,3307,3306,3305,3305,3305,3305,3304,3305,3305,3305,3304,3305,3305,3303,3304,3305,3304,3305
34328,3311,3310,3309,3309,3308,3307,3307,3307,3306,3306,3305,3305,3350,3369,3370,3372,3373,3377,3372,3374,3372,3377,3379,3378,3377,3374,3381,3378,3328,3320,3315,3312,3310,3310,3309,3309,3307,3307,3307,3307,3306,3306,3307,3306,3306,3306,3305,3305,3305,3305,3304,3305,3304,3305,3304,3304,3304,3303,3304,3303,3304,3303,3303,3304,3303
34329,3311,3311,3309,3309,3308,3308,3307,3307,3307,3307,3306,3306,3353,3370,3372,3374,3376,3380,3376,3375,3373,3378,3382,3381,3378,3378,3383,3380,3329,3320,3315,3313,3311,3311,3309,3309,3308,3309,3308,3308,3307,3307,3307,3306,3306,3306,3306,3306,3306,3305,3305,3305,3305,3305,3305,3305,3305,3305,3304,3305,3304,3304,3305,3304,3304
34330,3310,3310,3308,3308,3307,3307,3307,3306,3306,3305,3305,3305,3350,3367,3370,3371,3372,3378,3374,3374,3372,3377,3379,3378,3376,3377,3381,3378,3329,3319,3315,3312,3311,3310,3309,3308,3308,3308,3308,3306,3306,3306,3306,3306,3306,3305,3305,3305,3305,3305,3305,3305,3304,3305,3304,3304,3304,3304,3303,3304,3304,3304,3304,3303,3304
34331,3311,3311,3309,3308,3308,3308,3309,3307,3307,3307,3306,3307,3352,3370,3372,3373,3375,3379,3376,3376,3373,3379,3381,3381,3378,3378,3383,3380,3330,3320,3316,3313,3312,3311,3310,3310,3309,3308,3309,3308,3308,3307,3307,3307,3306,3305,3306,3306,3305,3305,3306,3304,3305,3305,3305,3306,3305,3305,3304,3305,3305,3304,3305,3305,3305
34332,3310,3309,3308,3308,3307,3307,3306,3306,3305,3305,3305,3305,3353,3367,3372,3374,3373,3378,3374,3374,3372,3377,3372,3379,3376,3377,3377,3381,3328,3319,3315,3312,3310,3309,3309,3308,3308,3307,3306,3307,3306,3306,3306,3305,3305,3305,3305,3305,3305,3305,3304,3304,3304,3304,3304,3304,3305,3304,3304,3304,3303,3303,3304,3303,3303
34333,3309,3309,3309,3308,3307,3306,3306,3306,3306,3305,3305,3305,3353,3367,3370,3374,3371,3378,3374,3374,3373,3377,3374,3379,3376,3377,3377,3381,3329,3318,3315,3312,3310,3309,3309,3308,3308,3307,3307,3306,3306,3306,3306,3305,3305,3305,3305,3305,3304,3305,3304,3304,3304,3304,3304,3304,3303,3303,3303,3303,3303,3304,3303,3303,3302
34400,0,0,0,0,0,0,0,0,0,0,0,0,0,0,0,0,0,0,0,0,0,0,0,0,0,0,0,0,0,0,0,0,0,0,0,0,0,0,0,0,0,0,0,0,0,0,0,0,0,0,0,0,0,0,0,0,0,0,0,0,0,0,0,0,0
34401,0,0,0,0,0,0,0,0,0,0,0,0,0,0,0,0,0,0,0,0,0,0,0,0,0,0,0,0,0,0,0,0,0,0,0,0,0,0,0,0,0,0,0,0,0,0,0,0,0,0,0,0,0,0,0,0,0,0,0,0,0,0,0,0,0
34402,0,0,0,0,0,0,0,0,0,0,0,0,0,0,0,0,0,0,0,0,0,0,0,0,0,0,0,0,0,0,0,0,0,0,0,0,0,0,0,0,0,0,0,0,0,0,0,0,0,0,0,0,0,0,0,0,0,0,0,0,0,0,0,0,0
34403,0,0,0,0,0,0,0,0,0,0,0,0,0,0,0,0,0,0,0,0,0,0,0,0,0,0,0,0,0,0,0,0,0,0,0,0,0,0,0,0,0,0,0,0,0,0,0,0,0,0,0,0,0,0,0,0,0,0,0,0,0,0,0,0,0
34404,0,0,0,0,0,0,0,0,0,0,0,0,0,0,0,0,0,0,0,0,0,0,0,0,0,0,0,0,0,0,0,0,0,0,0,0,0,0,0,0,0,0,0,0,0,0,0,0,0,0,0,0,0,0,0,0,0,0,0,0,0,0,0,0,0
34405,0,0,0,0,0,0,0,0,0,0,0,0,0,0,0,0,0,0,0,0,0,0,0,0,0,0,0,0,0,0,0,0,0,0,0,0,0,0,0,0,0,0,0,0,0,0,0,0,0,0,0,0,0,0,0,0,0,0,0,0,0,0,0,0,0
34406,0,0,0,0,0,0,0,0,0,0,0,0,0,0,0,0,0,0,0,0,0,0,0,0,0,0,0,0,0,0,0,0,0,0,0,0,0,0,0,0,0,0,0,0,0,0,0,0,0,0,0,0,0,0,0,0,0,0,0,0,0,0,0,0,0
34407,0,0,0,0,0,0,0,0,0,0,0,0,0,0,0,0,0,0,0,0,0,0,0,0,0,0,0,0,0,0,0,0,0,0,0,0,0,0,0,0,0,0,0,0,0,0,0,0,0,0,0,0,0,0,0,0,0,0,0,0,0,0,0,0,0
34408,0,0,0,0,0,0,0,0,0,0,0,0,0,0,0,0,0,0,0,0,0,0,0,0,0,0,0,0,0,0,0,0,0,0,0,0,0,0,0,0,0,0,0,0,0,0,0,0,0,0,0,0,0,0,0,0,0,0,0,0,0,0,0,0,0
34409,0,0,0,0,0,0,0,0,0,0,0,0,0,0,0,0,0,0,0,0,0,0,0,0,0,0,0,0,0,0,0,0,0,0,0,0,0,0,0,0,0,0,0,0,0,0,0,0,0,0,0,0,0,0,0,0,0,0,0,0,0,0,0,0,0
34410,0,0,0,0,0,0,0,0,0,0,0,0,0,0,0,0,0,0,0,0,0,0,0,0,0,0,0,0,0,0,0,0,0,0,0,0,0,0,0,0,0,0,0,0,0,0,0,0,0,0,0,0,0,0,0,0,0,0,0,0,0,0,0,0,0
34411,0,0,0,0,0,0,0,0,0,0,0,0,0,0,0,0,0,0,0,0,0,0,0,0,0,0,0,0,0,0,0,0,0,0,0,0,0,0,0,0,0,0,0,0,0,0,0,0,0,0,0,0,0,0,0,0,0,0,0,0,0,0,0,0,0
34412,0,0,0,0,0,0,0,0,0,0,0,0,0,0,0,0,0,0,0,0,0,0,0,0,0,0,0,0,0,0,0,0,0,0,0,0,0,0,0,0,0,0,0,0,0,0,0,0,0,0,0,0,0,0,0,0,0,0,0,0,0,0,0,0,0
34413,0,0,0,0,0,0,0,0,0,0,0,0,0,0,0,0,0,0,0,0,0,0,0,0,0,0,0,0,0,0,0,0,0,0,0,0,0,0,0,0,0,0,0,0,0,0,0,0,0,0,0,0,0,0,0,0,0,0,0,0,0,0,0,0,0
34414,0,0,0,0,0,0,0,0,0,0,0,0,0,0,0,0,0,0,0,0,0,0,0,0,0,0,0,0,0,0,0,0,0,0,0,0,0,0,0,0,0,0,0,0,0,0,0,0,0,0,0,0,0,0,0,0,0,0,0,0,0,0,0,0,0
34415,0,0,0,0,0,0,0,0,0,0,0,0,0,0,0,0,0,0,0,0,0,0,0,0,0,0,0,0,0,0,0,0,0,0,0,0,0,0,0,0,0,0,0,0,0,0,0,0,0,0,0,0,0,0,0,0,0,0,0,0,0,0,0,0,0
34416,0,0,0,0,0,0,0,0,0,0,0,0,0,0,0,0,0,0,0,0,0,0,0,0,0,0,0,0,0,0,0,0,0,0,0,0,0,0,0,0,0,0,0,0,0,0,0,0,0,0,0,0,0,0,0,0,0,0,0,0,0,0,0,0,0
34417,0,0,0,0,0,0,0,0,0,0,0,0,0,0,0,0,0,0,0,0,0,0,0,0,0,0,0,0,0,0,0,0,0,0,0,0,0,0,0,0,0,0,0,0,0,0,0,0,0,0,0,0,0,0,0,0,0,0,0,0,0,0,0,0,0
34418,0,0,0,0,0,0,0,0,0,0,0,0,0,0,0,0,0,0,0,0,0,0,0,0,0,0,0,0,0,0,0,0,0,0,0,0,0,0,0,0,0,0,0,0,0,0,0,0,0,0,0,0,0,0,0,0,0,0,0,0,0,0,0,0,0
34419,0,0,0,0,0,0,0,0,0,0,0,0,0,0,0,0,0,0,0,0,0,0,0,0,0,0,0,0,0,0,0,0,0,0,0,0,0,0,0,0,0,0,0,0,0,0,0,0,0,0,0,0,0,0,0,0,0,0,0,0,0,0,0,0,0
34420,0,0,0,0,0,0,0,0,0,0,0,0,0,0,0,0,0,0,0,0,0,0,0,0,0,0,0,0,0,0,0,0,0,0,0,0,0,0,0,0,0,0,0,0,0,0,0,0,0,0,0,0,0,0,0,0,0,0,0,0,0,0,0,0,0
34421,0,0,0,0,0,0,0,0,0,0,0,0,0,0,0,0,0,0,0,0,0,0,0,0,0,0,0,0,0,0,0,0,0,0,0,0,0,0,0,0,0,0,0,0,0,0,0,0,0,0,0,0,0,0,0,0,0,0,0,0,0,0,0,0,0
34422,0,0,0,0,0,0,0,0,0,0,0,0,0,0,0,0,0,0,0,0,0,0,0,0,0,0,0,0,0,0,0,0,0,0,0,0,0,0,0,0,0,0,0,0,0,0,0,0,0,0,0,0,0,0,0,0,0,0,0,0,0,0,0,0,0
34423,0,0,0,0,0,0,0,0,0,0,0,0,0,0,0,0,0,0,0,0,0,0,0,0,0,0,0,0,0,0,0,0,0,0,0,0,0,0,0,0,0,0,0,0,0,0,0,0,0,0,0,0,0,0,0,0,0,0,0,0,0,0,0,0,0
34424,0,0,0,0,0,0,0,0,0,0,0,0,0,0,0,0,0,0,0,0,0,0,0,0,0,0,0,0,0,0,0,0,0,0,0,0,0,0,0,0,0,0,0,0,0,0,0,0,0,0,0,0,0,0,0,0,0,0,0,0,0,0,0,0,0
34425,0,0,0,0,0,0,0,0,0,0,0,0,0,0,0,0,0,0,0,0,0,0,0,0,0,0,0,0,0,0,0,0,0,0,0,0,0,0,0,0,0,0,0,0,0,0,0,0,0,0,0,0,0,0,0,0,0,0,0,0,0,0,0,0,0
34426,0,0,0,0,0,0,0,0,0,0,0,0,0,0,0,0,0,0,0,0,0,0,0,0,0,0,0,0,0,0,0,0,0,0,0,0,0,0,0,0,0,0,0,0,0,0,0,0,0,0,0,0,0,0,0,0,0,0,0,0,0,0,0,0,0
34427,0,0,0,0,0,0,0,0,0,0,0,0,0,0,0,0,0,0,0,0,0,0,0,0,0,0,0,0,0,0,0,0,0,0,0,0,0,0,0,0,0,0,0,0,0,0,0,0,0,0,0,0,0,0,0,0,0,0,0,0,0,0,0,0,0
34428,0,0,0,0,0,0,0,0,0,0,0,0,0,0,0,0,0,0,0,0,0,0,0,0,0,0,0,0,0,0,0,0,0,0,0,0,0,0,0,0,0,0,0,0,0,0,0,0,0,0,0,0,0,0,0,0,0,0,0,0,0,0,0,0,0
34429,0,0,0,0,0,0,0,0,0,0,0,0,0,0,0,0,0,0,0,0,0,0,0,0,0,0,0,0,0,0,0,0,0,0,0,0,0,0,0,0,0,0,0,0,0,0,0,0,0,0,0,0,0,0,0,0,0,0,0,0,0,0,0,0,0
34430,0,0,0,0,0,0,0,0,0,0,0,0,0,0,0,0,0,0,0,0,0,0,0,0,0,0,0,0,0,0,0,0,0,0,0,0,0,0,0,0,0,0,0,0,0,0,0,0,0,0,0,0,0,0,0,0,0,0,0,0,0,0,0,0,0
34431,0,0,0,0,0,0,0,0,0,0,0,0,0,0,0,0,0,0,0,0,0,0,0,0,0,0,0,0,0,0,0,0,0,0,0,0,0,0,0,0,0,0,0,0,0,0,0,0,0,0,0,0,0,0,0,0,0,0,0,0,0,0,0,0,0
34432,0,0,0,0,0,0,0,0,0,0,0,0,0,0,0,0,0,0,0,0,0,0,0,0,0,0,0,0,0,0,0,0,0,0,0,0,0,0,0,0,0,0,0,0,0,0,0,0,0,0,0,0,0,0,0,0,0,0,0,0,0,0,0,0,0
34433,0,0,0,0,0,0,0,0,0,0,0,0,0,0,0,0,0,0,0,0,0,0,0,0,0,0,0,0,0,0,0,0,0,0,0,0,0,0,0,0,0,0,0,0,0,0,0,0,0,0,0,0,0,0,0,0,0,0,0,0,0,0,0,0,0
34500,0,0,0,0,0,0,0,0,0,0,0,0,0,0,0,0,0,0,0,0,0,0,0,0,0,0,0,0,0,0,0,0,0,0,0,0,0,0,0,0,0,0,0,0,0,0,0,0,0,0,0,0,0,0,0,0,0,0,0,0,0,0,0,0,0
34501,0,0,0,0,0,0,0,0,0,0,0,0,0,0,0,0,0,0,0,0,0,0,0,0,0,0,0,0,0,0,0,0,0,0,0,0,0,0,0,0,0,0,0,0,0,0,0,0,0,0,0,0,0,0,0,0,0,0,0,0,0,0,0,0,0
34502,0,0,0,0,0,0,0,0,0,0,0,0,0,0,0,0,0,0,0,0,0,0,0,0,0,0,0,0,0,0,0,0,0,0,0,0,0,0,0,0,0,0,0,0,0,0,0,0,0,0,0,0,0,0,0,0,0,0,0,0,0,0,0,0,0
34503,0,0,0,0,0,0,0,0,0,0,0,0,0,0,0,0,0,0,0,0,0,0,0,0,0,0,0,0,0,0,0,0,0,0,0,0,0,0,0,0,0,0,0,0,0,0,0,0,0,0,0,0,0,0,0,0,0,0,0,0,0,0,0,0,0
34504,0,0,0,0,0,0,0,0,0,0,0,0,0,0,0,0,0,0,0,0,0,0,0,0,0,0,0,0,0,0,0,0,0,0,0,0,0,0,0,0,0,0,0,0,0,0,0,0,0,0,0,0,0,0,0,0,0,0,0,0,0,0,0,0,0
34505,0,0,0,0,0,0,0,0,0,0,0,0,0,0,0,0,0,0,0,0,0,0,0,0,0,0,0,0,0,0,0,0,0,0,0,0,0,0,0,0,0,0,0,0,0,0,0,0,0,0,0,0,0,0,0,0,0,0,0,0,0,0,0,0,0
34506,0,0,0,0,0,0,0,0,0,0,0,0,0,0,0,0,0,0,0,0,0,0,0,0,0,0,0,0,0,0,0,0,0,0,0,0,0,0,0,0,0,0,0,0,0,0,0,0,0,0,0,0,0,0,0,0,0,0,0,0,0,0,0,0,0
34507,0,0,0,0,0,0,0,0,0,0,0,0,0,0,0,0,0,0,0,0,0,0,0,0,0,0,0,0,0,0,0,0,0,0,0,0,0,0,0,0,0,0,0,0,0,0,0,0,0,0,0,0,0,0,0,0,0,0,0,0,0,0,0,0,0
34508,0,0,0,0,0,0,0,0,0,0,0,0,0,0,0,0,0,0,0,0,0,0,0,0,0,0,0,0,0,0,0,0,0,0,0,0,0,0,0,0,0,0,0,0,0,0,0,0,0,0,0,0,0,0,0,0,0,0,0,0,0,0,0,0,0
34509,0,0,0,0,0,0,0,0,0,0,0,0,0,0,0,0,0,0,0,0,0,0,0,0,0,0,0,0,0,0,0,0,0,0,0,0,0,0,0,0,0,0,0,0,0,0,0,0,0,0,0,0,0,0,0,0,0,0,0,0,0,0,0,0,0
34510,0,0,0,0,0,0,0,0,0,0,0,0,0,0,0,0,0,0,0,0,0,0,0,0,0,0,0,0,0,0,0,0,0,0,0,0,0,0,0,0,0,0,0,0,0,0,0,0,0,0,0,0,0,0,0,0,0,0,0,0,0,0,0,0,0
34511,0,0,0,0,0,0,0,0,0,0,0,0,0,0,0,0,0,0,0,0,0,0,0,0,0,0,0,0,0,0,0,0,0,0,0,0,0,0,0,0,0,0,0,0,0,0,0,0,0,0,0,0,0,0,0,0,0,0,0,0,0,0,0,0,0
34512,0,0,0,0,0,0,0,0,0,0,0,0,0,0,0,0,0,0,0,0,0,0,0,0,0,0,0,0,0,0,0,0,0,0,0,0,0,0,0,0,0,0,0,0,0,0,0,0,0,0,0,0,0,0,0,0,0,0,0,0,0,0,0,0,0
34513,0,0,0,0,0,0,0,0,0,0,0,0,0,0,0,0,0,0,0,0,0,0,0,0,0,0,0,0,0,0,0,0,0,0,0,0,0,0,0,0,0,0,0,0,0,0,0,0,0,0,0,0,0,0,0,0,0,0,0,0,0,0,0,0,0
34514,0,0,0,0,0,0,0,0,0,0,0,0,0,0,0,0,0,0,0,0,0,0,0,0,0,0,0,0,0,0,0,0,0,0,0,0,0,0,0,0,0,0,0,0,0,0,0,0,0,0,0,0,0,0,0,0,0,0,0,0,0,0,0,0,0
34515,0,0,0,0,0,0,0,0,0,0,0,0,0,0,0,0,0,0,0,0,0,0,0,0,0,0,0,0,0,0,0,0,0,0,0,0,0,0,0,0,0,0,0,0,0,0,0,0,0,0,0,0,0,0,0,0,0,0,0,0,0,0,0,0,0
34516,0,0,0,0,0,0,0,0,0,0,0,0,0,0,0,0,0,0,0,0,0,0,0,0,0,0,0,0,0,0,0,0,0,0,0,0,0,0,0,0,0,0,0,0,0,0,0,0,0,0,0,0,0,0,0,0,0,0,0,0,0,0,0,0,0
34517,0,0,0,0,0,0,0,0,0,0,0,0,0,0,0,0,0,0,0,0,0,0,0,0,0,0,0,0,0,0,0,0,0,0,0,0,0,0,0,0,0,0,0,0,0,0,0,0,0,0,0,0,0,0,0,0,0,0,0,0,0,0,0,0,0
34518,0,0,0,0,0,0,0,0,0,0,0,0,0,0,0,0,0,0,0,0,0,0,0,0,0,0,0,0,0,0,0,0,0,0,0,0,0,0,0,0,0,0,0,0,0,0,0,0,0,0,0,0,0,0,0,0,0,0,0,0,0,0,0,0,0
34519,0,0,0,0,0,0,0,0,0,0,0,0,0,0,0,0,0,0,0,0,0,0,0,0,0,0,0,0,0,0,0,0,0,0,0,0,0,0,0,0,0,0,0,0,0,0,0,0,0,0,0,0,0,0,0,0,0,0,0,0,0,0,0,0,0
34520,0,0,0,0,0,0,0,0,0,0,0,0,0,0,0,0,0,0,0,0,0,0,0,0,0,0,0,0,0,0,0,0,0,0,0,0,0,0,0,0,0,0,0,0,0,0,0,0,0,0,0,0,0,0,0,0,0,0,0,0,0,0,0,0,0
34521,0,0,0,0,0,0,0,0,0,0,0,0,0,0,0,0,0,0,0,0,0,0,0,0,0,0,0,0,0,0,0,0,0,0,0,0,0,0,0,0,0,0,0,0,0,0,0,0,0,0,0,0,0,0,0,0,0,0,0,0,0,0,0,0,0
34522,0,0,0,0,0,0,0,0,0,0,0,0,0,0,0,0,0,0,0,0,0,0,0,0,0,0,0,0,0,0,0,0,0,0,0,0,0,0,0,0,0,0,0,0,0,0,0,0,0,0,0,0,0,0,0,0,0,0,0,0,0,0,0,0,0
34523,0,0,0,0,0,0,0,0,0,0,0,0,0,0,0,0,0,0,0,0,0,0,0,0,0,0,0,0,0,0,0,0,0,0,0,0,0,0,0,0,0,0,0,0,0,0,0,0,0,0,0,0,0,0,0,0,0,0,0,0,0,0,0,0,0
34524,0,0,0,0,0,0,0,0,0,0,0,0,0,0,0,0,0,0,0,0,0,0,0,0,0,0,0,0,0,0,0,0,0,0,0,0,0,0,0,0,0,0,0,0,0,0,0,0,0,0,0,0,0,0,0,0,0,0,0,0,0,0,0,0,0
34525,0,0,0,0,0,0,0,0,0,0,0,0,0,0,0,0,0,0,0,0,0,0,0,0,0,0,0,0,0,0,0,0,0,0,0,0,0,0,0,0,0,0,0,0,0,0,0,0,0,0,0,0,0,0,0,0,0,0,0,0,0,0,0,0,0
34526,0,0,0,0,0,0,0,0,0,0,0,0,0,0,0,0,0,0,0,0,0,0,0,0,0,0,0,0,0,0,0,0,0,0,0,0,0,0,0,0,0,0,0,0,0,0,0,0,0,0,0,0,0,0,0,0,0,0,0,0,0,0,0,0,0
34527,0,0,0,0,0,0,0,0,0,0,0,0,0,0,0,0,0,0,0,0,0,0,0,0,0,0,0,0,0,0,0,0,0,0,0,0,0,0,0,0,0,0,0,0,0,0,0,0,0,0,0,0,0,0,0,0,0,0,0,0,0,0,0,0,0
34528,0,0,0,0,0,0,0,0,0,0,0,0,0,0,0,0,0,0,0,0,0,0,0,0,0,0,0,0,0,0,0,0,0,0,0,0,0,0,0,0,0,0,0,0,0,0,0,0,0,0,0,0,0,0,0,0,0,0,0,0,0,0,0,0,0
34529,0,0,0,0,0,0,0,0,0,0,0,0,0,0,0,0,0,0,0,0,0,0,0,0,0,0,0,0,0,0,0,0,0,0,0,0,0,0,0,0,0,0,0,0,0,0,0,0,0,0,0,0,0,0,0,0,0,0,0,0,0,0,0,0,0
34530,0,0,0,0,0,0,0,0,0,0,0,0,0,0,0,0,0,0,0,0,0,0,0,0,0,0,0,0,0,0,0,0,0,0,0,0,0,0,0,0,0,0,0,0,0,0,0,0,0,0,0,0,0,0,0,0,0,0,0,0,0,0,0,0,0
34531,0,0,0,0,0,0,0,0,0,0,0,0,0,0,0,0,0,0,0,0,0,0,0,0,0,0,0,0,0,0,0,0,0,0,0,0,0,0,0,0,0,0,0,0,0,0,0,0,0,0,0,0,0,0,0,0,0,0,0,0,0,0,0,0,0
34532,0,0,0,0,0,0,0,0,0,0,0,0,0,0,0,0,0,0,0,0,0,0,0,0,0,0,0,0,0,0,0,0,0,0,0,0,0,0,0,0,0,0,0,0,0,0,0,0,0,0,0,0,0,0,0,0,0,0,0,0,0,0,0,0,0
34533,0,0,0,0,0,0,0,0,0,0,0,0,0,0,0,0,0,0,0,0,0,0,0,0,0,0,0,0,0,0,0,0,0,0,0,0,0,0,0,0,0,0,0,0,0,0,0,0,0,0,0,0,0,0,0,0,0,0,0,0,0,0,0,0,0
34600,0,0,0,0,0,0,0,0,0,0,0,0,0,0,0,0,0,0,0,0,0,0,0,0,0,0,0,0,0,0,0,0,0,0,0,0,0,0,0,0,0,0,0,0,0,0,0,0,0,0,0,0,0,0,0,0,0,0,0,0,0,0,0,0,0
34601,0,0,0,0,0,0,0,0,0,0,0,0,0,0,0,0,0,0,0,0,0,0,0,0,0,0,0,0,0,0,0,0,0,0,0,0,0,0,0,0,0,0,0,0,0,0,0,0,0,0,0,0,0,0,0,0,0,0,0,0,0,0,0,0,0
34602,0,0,0,0,0,0,0,0,0,0,0,0,0,0,0,0,0,0,0,0,0,0,0,0,0,0,0,0,0,0,0,0,0,0,0,0,0,0,0,0,0,0,0,0,0,0,0,0,0,0,0,0,0,0,0,0,0,0,0,0,0,0,0,0,0
34603,0,0,0,0,0,0,0,0,0,0,0,0,0,0,0,0,0,0,0,0,0,0,0,0,0,0,0,0,0,0,0,0,0,0,0,0,0,0,0,0,0,0,0,0,0,0,0,0,0,0,0,0,0,0,0,0,0,0,0,0,0,0,0,0,0
34604,0,0,0,0,0,0,0,0,0,0,0,0,0,0,0,0,0,0,0,0,0,0,0,0,0,0,0,0,0,0,0,0,0,0,0,0,0,0,0,0,0,0,0,0,0,0,0,0,0,0,0,0,0,0,0,0,0,0,0,0,0,0,0,0,0
34605,0,0,0,0,0,0,0,0,0,0,0,0,0,0,0,0,0,0,0,0,0,0,0,0,0,0,0,0,0,0,0,0,0,0,0,0,0,0,0,0,0,0,0,0,0,0,0,0,0,0,0,0,0,0,0,0,0,0,0,0,0,0,0,0,0
34606,0,0,0,0,0,0,0,0,0,0,0,0,0,0,0,0,0,0,0,0,0,0,0,0,0,0,0,0,0,0,0,0,0,0,0,0,0,0,0,0,0,0,0,0,0,0,0,0,0,0,0,0,0,0,0,0,0,0,0,0,0,0,0,0,0
34607,0,0,0,0,0,0,0,0,0,0,0,0,0,0,0,0,0,0,0,0,0,0,0,0,0,0,0,0,0,0,0,0,0,0,0,0,0,0,0,0,0,0,0,0,0,0,0,0,0,0,0,0,0,0,0,0,0,0,0,0,0,0,0,0,0
34608,0,0,0,0,0,0,0,0,0,0,0,0,0,0,0,0,0,0,0,0,0,0,0,0,0,0,0,0,0,0,0,0,0,0,0,0,0,0,0,0,0,0,0,0,0,0,0,0,0,0,0,0,0,0,0,0,0,0,0,0,0,0,0,0,0
34609,0,0,0,0,0,0,0,0,0,0,0,0,0,0,0,0,0,0,0,0,0,0,0,0,0,0,0,0,0,0,0,0,0,0,0,0,0,0,0,0,0,0,0,0,0,0,0,0,0,0,0,0,0,0,0,0,0,0,0,0,0,0,0,0,0
34610,0,0,0,0,0,0,0,0,0,0,0,0,0,0,0,0,0,0,0,0,0,0,0,0,0,0,0,0,0,0,0,0,0,0,0,0,0,0,0,0,0,0,0,0,0,0,0,0,0,0,0,0,0,0,0,0,0,0,0,0,0,0,0,0,0
34611,0,0,0,0,0,0,0,0,0,0,0,0,0,0,0,0,0,0,0,0,0,0,0,0,0,0,0,0,0,0,0,0,0,0,0,0,0,0,0,0,0,0,0,0,0,0,0,0,0,0,0,0,0,0,0,0,0,0,0,0,0,0,0,0,0
34612,0,0,0,0,0,0,0,0,0,0,0,0,0,0,0,0,0,0,0,0,0,0,0,0,0,0,0,0,0,0,0,0,0,0,0,0,0,0,0,0,0,0,0,0,0,0,0,0,0,0,0,0,0,0,0,0,0,0,0,0,0,0,0,0,0
34613,0,0,0,0,0,0,0,0,0,0,0,0,0,0,0,0,0,0,0,0,0,0,0,0,0,0,0,0,0,0,0,0,0,0,0,0,0,0,0,0,0,0,0,0,0,0,0,0,0,0,0,0,0,0,0,0,0,0,0,0,0,0,0,0,0
34614,0,0,0,0,0,0,0,0,0,0,0,0,0,0,0,0,0,0,0,0,0,0,0,0,0,0,0,0,0,0,0,0,0,0,0,0,0,0,0,0,0,0,0,0,0,0,0,0,0,0,0,0,0,0,0,0,0,0,0,0,0,0,0,0,0
34615,0,0,0,0,0,0,0,0,0,0,0,0,0,0,0,0,0,0,0,0,0,0,0,0,0,0,0,0,0,0,0,0,0,0,0,0,0,0,0,0,0,0,0,0,0,0,0,0,0,0,0,0,0,0,0,0,0,0,0,0,0,0,0,0,0
34616,0,0,0,0,0,0,0,0,0,0,0,0,0,0,0,0,0,0,0,0,0,0,0,0,0,0,0,0,0,0,0,0,0,0,0,0,0,0,0,0,0,0,0,0,0,0,0,0,0,0,0,0,0,0,0,0,0,0,0,0,0,0,0,0,0
34617,0,0,0,0,0,0,0,0,0,0,0,0,0,0,0,0,0,0,0,0,0,0,0,0,0,0,0,0,0,0,0,0,0,0,0,0,0,0,0,0,0,0,0,0,0,0,0,0,0,0,0,0,0,0,0,0,0,0,0,0,0,0,0,0,0
34618,0,0,0,0,0,0,0,0,0,0,0,0,0,0,0,0,0,0,0,0,0,0,0,0,0,0,0,0,0,0,0,0,0,0,0,0,0,0,0,0,0,0,0,0,0,0,0,0,0,0,0,0,0,0,0,0,0,0,0,0,0,0,0,0,0
34619,0,0,0,0,0,0,0,0,0,0,0,0,0,0,0,0,0,0,0,0,0,0,0,0,0,0,0,0,0,0,0,0,0,0,0,0,0,0,0,0,0,0,0,0,0,0,0,0,0,0,0,0,0,0,0,0,0,0,0,0,0,0,0,0,0
34620,0,0,0,0,0,0,0,0,0,0,0,0,0,0,0,0,0,0,0,0,0,0,0,0,0,0,0,0,0,0,0,0,0,0,0,0,0,0,0,0,0,0,0,0,0,0,0,0,0,0,0,0,0,0,0,0,0,0,0,0,0,0,0,0,0
34621,0,0,0,0,0,0,0,0,0,0,0,0,0,0,0,0,0,0,0,0,0,0,0,0,0,0,0,0,0,0,0,0,0,0,0,0,0,0,0,0,0,0,0,0,0,0,0,0,0,0,0,0,0,0,0,0,0,0,0,0,0,0,0,0,0
34622,0,0,0,0,0,0,0,0,0,0,0,0,0,0,0,0,0,0,0,0,0,0,0,0,0,0,0,0,0,0,0,0,0,0,0,0,0,0,0,0,0,0,0,0,0,0,0,0,0,0,0,0,0,0,0,0,0,0,0,0,0,0,0,0,0
34623,0,0,0,0,0,0,0,0,0,0,0,0,0,0,0,0,0,0,0,0,0,0,0,0,0,0,0,0,0,0,0,0,0,0,0,0,0,0,0,0,0,0,0,0,0,0,0,0,0,0,0,0,0,0,0,0,0,0,0,0,0,0,0,0,0
34624,0,0,0,0,0,0,0,0,0,0,0,0,0,0,0,0,0,0,0,0,0,0,0,0,0,0,0,0,0,0,0,0,0,0,0,0,0,0,0,0,0,0,0,0,0,0,0,0,0,0,0,0,0,0,0,0,0,0,0,0,0,0,0,0,0
34625,0,0,0,0,0,0,0,0,0,0,0,0,0,0,0,0,0,0,0,0,0,0,0,0,0,0,0,0,0,0,0,0,0,0,0,0,0,0,0,0,0,0,0,0,0,0,0,0,0,0,0,0,0,0,0,0,0,0,0,0,0,0,0,0,0
34626,0,0,0,0,0,0,0,0,0,0,0,0,0,0,0,0,0,0,0,0,0,0,0,0,0,0,0,0,0,0,0,0,0,0,0,0,0,0,0,0,0,0,0,0,0,0,0,0,0,0,0,0,0,0,0,0,0,0,0,0,0,0,0,0,0
34627,0,0,0,0,0,0,0,0,0,0,0,0,0,0,0,0,0,0,0,0,0,0,0,0,0,0,0,0,0,0,0,0,0,0,0,0,0,0,0,0,0,0,0,0,0,0,0,0,0,0,0,0,0,0,0,0,0,0,0,0,0,0,0,0,0
34628,0,0,0,0,0,0,0,0,0,0,0,0,0,0,0,0,0,0,0,0,0,0,0,0,0,0,0,0,0,0,0,0,0,0,0,0,0,0,0,0,0,0,0,0,0,0,0,0,0,0,0,0,0,0,0,0,0,0,0,0,0,0,0,0,0
34629,0,0,0,0,0,0,0,0,0,0,0,0,0,0,0,0,0,0,0,0,0,0,0,0,0,0,0,0,0,0,0,0,0,0,0,0,0,0,0,0,0,0,0,0,0,0,0,0,0,0,0,0,0,0,0,0,0,0,0,0,0,0,0,0,0
34630,0,0,0,0,0,0,0,0,0,0,0,0,0,0,0,0,0,0,0,0,0,0,0,0,0,0,0,0,0,0,0,0,0,0,0,0,0,0,0,0,0,0,0,0,0,0,0,0,0,0,0,0,0,0,0,0,0,0,0,0,0,0,0,0,0
34631,0,0,0,0,0,0,0,0,0,0,0,0,0,0,0,0,0,0,0,0,0,0,0,0,0,0,0,0,0,0,0,0,0,0,0,0,0,0,0,0,0,0,0,0,0,0,0,0,0,0,0,0,0,0,0,0,0,0,0,0,0,0,0,0,0
34632,0,0,0,0,0,0,0,0,0,0,0,0,0,0,0,0,0,0,0,0,0,0,0,0,0,0,0,0,0,0,0,0,0,0,0,0,0,0,0,0,0,0,0,0,0,0,0,0,0,0,0,0,0,0,0,0,0,0,0,0,0,0,0,0,0
34633,0,0,0,0,0,0,0,0,0,0,0,0,0,0,0,0,0,0,0,0,0,0,0,0,0,0,0,0,0,0,0,0,0,0,0,0,0,0,0,0,0,0,0,0,0,0,0,0,0,0,0,0,0,0,0,0,0,0,0,0,0,0,0,0,0
35000,343,344,345,346,346,347,348,349,350,351,351,352,353,353,353,354,355,355,356,356,357,358,358,359,360,360,361,361,361,361,362,362,363,363,364,364,363,365,365,366,366,366,367,367,367,368,368,368,369,366,369,370,370,371,371,371,371,372,372,372,372,372,372,373,373
35001,352,354,356,355,356,357,358,359,360,360,361,362,362,362,363,364,364,365,365,366,366,367,367,368,369,369,370,371,371,370,371,372,372,373,373,374,374,374,375,375,376,377,377,377,377,378,378,378,379,379,380,380,380,381,381,381,382,382,382,382,382,382,382,383,383
35002,352,354,356,355,356,357,358,359,360,360,361,362,362,362,363,364,364,365,365,366,366,367,367,368,369,369,370,371,371,370,371,372,372,373,373,374,374,374,375,375,376,377,377,377,377,378,378,378,379,379,380,380,380,381,381,381,382,382,382,382,382,382,383,383,383
35010,275,275,275,275,275,275,274,275,275,274,274,274,274,274,274,274,274,274,274,274,274,274,274,273,274,273,273,274,273,273,273,273,273,273,273,273,273,273,273,273,273,273,273,274,277,279,280,282,284,285,287,288,290,291,293,295,296,297,298,297,297,297,297,297,297
35011,268,268,268,269,268,268,268,269,269,269,269,269,269,269,270,270,269,269,269,270,270,269,270,269,270,269,270,270,270,270,270,270,270,270,270,270,270,270,271,271,271,271,271,271,271,272,273,274,275,277,277,278,280,281,282,283,284,286,287,287,288,288,289,289,289
35100,2,2,2,2,2,2,2,2,2,2,2,2,2,2,2,2,2,2,2,2,2,2,2,2,2,2,2,2,2,2,2,2,2,2,2,2,2,2,2,2,2,2,2,2,2,2,2,2,2,2,2,2,2,2,2,2,2,2,2,2,2,2,2,2,2
35110,576,576,576,576,576,576,576,576,576,576,576,576,576,576,576,576,576,576,576,576,576,576,576,576,576,576,576,576,576,576,576,576,576,576,576,576,576,576,576,576,576,576,576,576,576,576,576,576,576,576,576,576,576,576,576,576,576,576,576,576,576,576,576,576,576
35111,500,500,500,500,500,500,500,500,500,500,500,500,500,500,500,500,500,500,500,500,500,500,500,500,500,500,500,500,500,500,500,500,500,500,500,500,500,500,500,500,500,500,500,500,500,500,500,500,500,500,500,500,500,500,500,500,500,500,500,500,500,500,500,500,500
35112,500,500,500,500,500,500,500,500,500,500,500,500,500,500,500,500,500,500,500,500,500,500,500,500,500,500,500,500,500,500,500,500,500,500,500,500,500,500,500,500,500,500,500,500,500,500,500,500,500,500,500,500,500,500,500,500,500,500,500,500,500,500,500,500,500
36000,0,0,0,0,0,0,0,0,0,0,0,0,0,0,0,0,0,0,0,0,0,0,0,0,0,0,0,0,0,0,0,0,0,0,0,0,0,0,0,0,0,0,0,0,0,0,0,0,0,0,0,0,0,0,0,0,0,0,0,0,0,0,0,0,0
36001,0,0,0,0,0,0,0,0,0,0,0,0,0,0,0,0,0,0,0,0,0,0,0,0,0,0,0,0,0,0,0,0,0,0,0,0,0,0,0,0,0,0,0,0,0,0,0,0,0,0,0,0,0,0,0,0,0,0,0,0,0,0,0,0,0
36100,0,0,0,0,0,0,0,0,0,0,0,0,0,0,0,0,0,0,0,0,0,0,0,0,0,0,0,0,0,0,0,0,0,0,0,0,0,0,0,0,0,0,0,0,0,0,0,0,0,0,0,0,0,0,0,0,0,0,0,0,0,0,0,0,0
36101,0,0,0,0,0,0,0,0,0,0,0,0,0,0,0,0,0,0,0,0,0,0,0,0,0,0,0,0,0,0,0,0,0,0,0,0,0,0,0,0,0,0,0,0,0,0,0,0,0,0,0,0,0,0,0,0,0,0,0,0,0,0,0,0,0
36102,0,0,0,0,0,0,0,0,0,0,0,0,0,0,0,0,0,0,0,0,0,0,0,0,0,0,0,0,0,0,0,0,0,0,0,0,0,0,0,0,0,0,0,0,0,0,0,0,0,0,0,0,0,0,0,0,0,0,0,0,0,0,0,0,0
36103,0,0,0,0,0,0,0,0,0,0,0,0,0,0,0,0,0,0,0,0,0,0,0,0,0,0,0,0,0,0,0,0,0,0,0,0,0,0,0,0,0,0,0,0,0,0,0,0,0,0,0,0,0,0,0,0,0,0,0,0,0,0,0,0,0
37000,1,1,1,1,1,1,1,1,1,1,1,1,1,1,1,1,1,1,1,1,1,1,1,1,1,1,1,1,1,1,1,1,1,1,1,1,1,1,1,1,1,1,1,1,1,1,1,1,1,1,1,1,1,1,1,1,1,1,1,1,1,1,1,1,1
37001,0,0,0,0,0,0,0,0,0,0,0,0,0,0,0,0,0,0,0,0,0,0,0,0,0,0,0,0,0,0,0,0,0,0,0,0,0,0,0,0,0,0,0,0,0,0,0,0,0,0,0,0,0,0,0,0,0,0,0,0,0,0,0,0,0
37002,0,0,0,0,0,0,0,0,0,0,0,0,0,0,0,0,0,0,0,0,0,0,0,0,0,0,0,0,0,0,0,0,0,0,0,0,0,0,0,0,0,0,0,0,0,0,0,0,0,0,0,0,0,0,0,0,0,0,0,0,0,0,0,0,0
37003,0,0,0,0,0,0,0,0,0,0,0,0,0,0,0,0,0,0,0,0,0,0,0,0,0,0,0,0,0,0,0,0,0,0,0,0,0,0,0,0,0,0,0,0,0,0,0,0,0,0,0,0,0,0,0,0,0,0,0,0,0,0,0,0,0
37004,63364,63364,63364,63364,63364,63364,63364,63364,63364,63364,63364,63364,63364,63364,63364,63364,63364,63364,63364,63364,63364,63364,63364,63364,63364,63364,63364,63364,63364,63364,63364,63364,63363,63364,63364,63364,63363,63364,63363,63364,63364,63364,63364,63363,63364,63364,63364,63364,63364,63364,63364,63364,63364,63364,63364,63364,63364,63364,63798,63364,63364,63364,63364,63364,63364
37005,50,50,50,50,50,50,50,50,50,50,50,50,50,50,50,50,50,50,50,50,50,50,50,50,50,50,50,50,50,50,50,50,50,50,50,50,50,50,50,50,50,50,50,50,51,51,52,53,53,54,55,55,56,57,57,58,58,59,60,60,60,60,60,60,60
37006,275,275,275,275,275,274,275,275,274,274,275,275,275,274,274,274,274,274,274,274,274,274,274,274,274,274,273,274,273,273,273,273,273,273,273,273,273,273,273,273,273,272,273,275,277,279,281,282,284,285,287,289,290,292,293,295,296,298,298,297,297,297,297,297,297
37007,3306,3307,3306,3306,3306,3306,3306,3306,3306,3306,3305,3306,3306,3305,3305,3305,3305,3305,3305,3305,3305,3305,3305,3305,3305,3305,3305,3305,3305,3305,3305,3305,3305,3305,3305,3305,3305,3305,3305,3305,3305,3305,3305,3372,3378,3388,3393,3394,3393,3393,3396,3399,3394,3399,3403,3404,3408,3403,3361,3348,3343,3341,3338,3336,3335
37008,3304,3304,3304,3304,3304,3303,3304,3304,3304,3303,3303,3303,3303,3304,3303,3303,3303,3303,3303,3303,3303,3303,3303,3303,3302,3303,3303,3303,3303,3303,3303,3303,3303,3303,3303,3303,3303,3303,3302,3302,3302,3302,3302,3366,3375,3381,3387,3389,3387,3387,3388,3394,3390,3392,3396,3397,3399,3397,3358,3344,3339,3335,3332,3329,3326
37009,0,0,0,0,0,0,0,0,0,0,0,0,0,0,0,0,0,0,0,0,0,0,0,0,0,0,0,0,0,0,0,0,0,0,0,0,0,0,0,0,0,0,0,0,0,0,0,0,0,0,0,0,0,0,0,0,0,0,0,0,0,0,0,0,0
37010,0,0,0,0,0,0,0,0,0,0,0,0,0,0,0,0,0,0,0,0,0,0,0,0,0,0,0,0,0,0,0,0,0,0,0,0,0,0,0,0,0,0,0,0,0,0,0,0,0,0,0,0,0,0,0,0,0,0,0,0,0,0,0,0,0
37011,0,0,0,0,0,0,0,0,0,0,0,0,0,0,0,0,0,0,0,0,0,0,0,0,0,0,0,0,0,0,0,0,0,0,0,0,0,0,0,0,0,0,0,0,0,0,0,0,0,0,0,0,0,0,0,0,0,0,0,0,0,0,0,0,0
37012,116,116,116,116,116,116,116,116,116,116,116,116,116,116,116,116,116,116,116,116,116,116,116,116,116,116,116,116,116,116,116,116,116,116,116,116,116,116,116,116,116,116,116,116,116,116,116,116,116,116,116,116,116,116,116,116,116,116,116,116,116,116,116,116,116
37013,0,0,0,0,0,0,0,0,0,0,0,0,0,0,0,0,0,0,0,0,0,0,0,0,0,0,0,0,0,0,0,0,0,0,0,0,0,0,0,0,0,0,0,0,0,0,0,0,0,0,0,0,0,0,0,0,0,0,0,0,0,0,0,0,0
37014,0,0,0,0,0,0,0,0,0,0,0,0,0,0,0,0,0,0,0,0,0,0,0,0,0,0,0,0,0,0,0,0,0,0,0,0,0,0,0,0,0,0,0,0,0,0,0,0,0,0,0,0,0,0,0,0,0,0,0,0,0,0,0,0,0
37015,0,0,0,0,0,0,0,0,0,0,0,0,0,0,0,0,0,0,0,0,0,0,0,0,0,0,0,0,0,0,0,0,0,0,0,0,0,0,0,0,0,0,0,0,0,0,0,0,0,0,0,0,0,0,0,0,0,0,0,0,0,0,0,0,0
37016,0,0,0,0,0,0,0,0,0,0,0,0,0,0,0,0,0,0,0,0,0,0,0,0,0,0,0,0,0,0,0,0,0,0,0,0,0,0,0,0,0,0,0,0,0,0,0,0,0,0,0,0,0,0,0,0,0,0,0,0,0,0,0,0,0
37017,0,0,0,0,0,0,0,0,0,0,0,0,0,0,0,0,0,0,0,0,0,0,0,0,0,0,0,0,0,0,0,0,0,0,0,0,0,0,0,0,0,0,0,0,0,0,0,0,0,0,0,0,0,0,0,0,0,0,0,0,0,0,0,0,0
37018,0,0,0,0,0,0,0,0,0,0,0,0,0,0,0,0,0,0,0,0,0,0,0,0,0,0,0,0,0,0,0,0,0,0,0,0,0,0,0,0,0,0,0,0,0,0,0,0,0,0,0,0,0,0,0,0,0,0,0,0,0,0,0,0,0
37019,0,0,0,0,0,0,0,0,0,0,0,0,0,0,0,0,0,0,0,0,0,0,0,0,0,0,0,0,0,0,0,0,0,0,0,0,0,0,0,0,0,0,0,0,0,0,0,0,0,0,0,0,0,0,0,0,0,0,0,0,0,0,0,0,0
37020,0,0,0,0,0,0,0,0,0,0,0,0,0,0,0,0,0,0,0,0,0,0,0,0,0,0,0,0,0,0,0,0,0,0,0,0,0,0,0,0,0,0,0,0,0,0,0,0,0,0,0,0,0,0,0,0,0,0,0,0,0,0,0,0,0
37021,0,0,0,0,0,0,0,0,0,0,0,0,0,0,0,0,0,0,0,0,0,0,0,0,0,0,0,0,0,0,0,0,0,0,0,0,0,0,0,0,0,0,0,0,0,0,0,0,0,0,0,0,0,0,0,0,0,0,0,0,0,0,0,0,0
37022,0,0,0,0,0,0,0,0,0,0,0,0,0,0,0,0,0,0,0,0,0,0,0,0,0,0,0,0,0,0,0,0,0,0,0,0,0,0,0,0,0,0,0,0,0,0,0,0,0,0,0,0,0,0,0,0,0,0,0,0,0,0,0,0,0
37023,0,0,0,0,0,0,0,0,0,0,0,0,0,0,0,0,0,0,0,0,0,0,0,0,0,0,0,0,0,0,0,0,0,0,0,0,0,0,0,0,0,0,0,0,0,0,0,0,0,0,0,0,0,0,0,0,0,0,0,0,0,0,0,0,0
37024,0,0,0,0,0,0,0,0,0,0,0,0,0,0,0,0,0,0,0,0,0,0,0,0,0,0,0,0,0,0,0,0,0,0,0,0,0,0,0,0,0,0,0,0,0,0,0,0,0,0,0,0,0,0,0,0,0,0,0,0,0,0,0,0,0
41000,0,0,0,0,0,0,0,0,0,0,0,0,0,0,0,0,0,0,0,0,0,0,0,0,0,0,0,0,0,0,0,0,0,0,0,0,0,0,0,0,0,0,0,0,0,0,0,0,0,0,0,0,0,0,0,0,0,0,0,0,0,0,0,0,0
41100,1,1,1,1,1,1,1,1,1,1,1,1,1,1,1,1,1,1,1,1,1,1,1,1,1,1,1,1,1,1,1,1,1,1,1,1,1,1,1,1,1,1,1,1,1,1,1,1,1,1,1,1,1,1,1,1,1,1,1,1,1,1,1,1,1
41200,1,1,1,1,1,1,1,1,1,1,1,1,1,1,1,1,1,1,1,1,1,1,1,1,1,1,1,1,1,1,1,1,1,1,1,1,1,1,1,1,1,1,1,1,1,1,1,1,1,1,1,1,1,1,1,1,1,1,1,1,1,1,1,1,1
42000,21930,21930,21930,21930,21930,21930,21930,21930,21930,21930,21930,21930,21930,21930,21930,21930,21930,21930,21930,21930,21930,21930,21930,21930,21930,21930,21930,21930,21930,21930,21930,21930,21930,21930,21930,21930,21930,21930,21930,21930,21930,21930,21930,21930,21930,21930,21930,21930,21930,21930,21930,21930,21930,21930,21930,21930,21930,21930,21930,21930,21930,21930,21930,21930,21930
42010,1,1,1,1,1,1,1,1,1,1,1,1,1,1,1,1,1,1,1,1,1,1,1,1,1,1,1,1,1,1,1,1,1,1,1,1,1,1,1,1,1,1,1,1,1,1,1,1,1,1,1,1,1,1,1,1,1,1,1,1,1,1,1,1,1
42011,0,0,0,0,0,0,0,0,0,0,0,0,0,0,0,0,0,0,0,0,0,0,0,0,0,0,0,0,0,0,0,0,0,0,0,0,0,0,0,0,0,0,0,0,0,0,0,0,0,0,0,0,0,0,0,0,0,0,0,0,0,0,0,0,0
42020,2200,2200,2200,2200,2200,2200,2200,2200,2200,2200,2200,2200,2200,2200,2200,2200,2200,2200,2200,2200,2200,2200,2200,2200,2200,2200,2200,2200,2200,2200,2200,2200,2200,2200,2200,2200,2200,2200,2200,2200,2200,2200,2200,2200,2200,2200,2200,2200,2200,2200,2200,2200,2200,2200,2200,2200,2200,2200,2200,2200,2200,2200,2200,2200,2200
42021,0,0,0,0,0,0,0,0,0,0,0,0,0,0,0,0,0,0,0,0,0,0,0,0,0,0,0,0,0,0,0,0,0,0,0,0,0,0,0,0,0,0,0,0,0,0,0,0,0,0,0,0,0,0,0,0,0,0,0,0,0,0,0,0,0
43000,1,1,1,1,1,1,1,1,1,1,1,1,1,1,1,1,1,1,1,1,1,1,1,1,1,1,1,1,1,1,1,1,1,1,1,1,1,1,1,1,1,1,1,1,1,1,1,1,1,1,1,1,1,1,1,1,1,1,1,1,1,1,1,1,1
43100,0,0,0,0,0,0,0,0,0,0,0,0,0,0,0,0,0,0,0,0,0,0,0,0,0,0,0,0,0,0,0,0,0,0,0,0,0,0,0,0,0,0,0,0,0,0,0,0,0,0,0,0,0,0,0,0,0,0,0,0,0,0,0,0,0
43101,0,0,0,0,0,0,0,0,0,0,0,0,0,0,0,0,0,0,0,0,0,0,0,0,0,0,0,0,0,0,0,0,0,0,0,0,0,0,0,0,0,0,0,0,0,0,0,0,0,0,0,0,0,0,0,0,0,0,0,0,0,0,0,0,0
43102,0,0,0,0,0,0,0,0,0,0,0,0,0,0,0,0,0,0,0,0,0,0,0,0,0,0,0,0,0,0,0,0,0,0,0,0,0,0,0,0,0,0,0,0,0,0,0,0,0,0,0,0,0,0,0,0,0,0,0,0,0,0,0,0,0
43103,0,0,0,0,0,0,0,0,0,0,0,0,0,0,0,0,0,0,0,0,0,0,0,0,0,0,0,0,0,0,0,0,0,0,0,0,0,0,0,0,0,0,0,0,0,0,0,0,0,0,0,0,0,0,0,0,0,0,0,0,0,0,0,0,0
43104,0,0,0,0,0,0,0,0,0,0,0,0,0,0,0,0,0,0,0,0,0,0,0,0,0,0,0,0,0,0,0,0,0,0,0,0,0,0,0,0,0,0,0,0,0,0,0,0,0,0,0,0,0,0,0,0,0,0,0,0,0,0,0,0,0
43105,0,0,0,0,0,0,0,0,0,0,0,0,0,0,0,0,0,0,0,0,0,0,0,0,0,0,0,0,0,0,0,0,0,0,0,0,0,0,0,0,0,0,0,0,0,0,0,0,0,0,0,0,0,0,0,0,0,0,0,0,0,0,0,0,0
43106,0,0,0,0,0,0,0,0,0,0,0,0,0,0,0,0,0,0,0,0,0,0,0,0,0,0,0,0,0,0,0,0,0,0,0,0,0,0,0,0,0,0,0,0,0,0,0,0,0,0,0,0,0,0,0,0,0,0,0,0,0,0,0,0,0
43107,0,0,0,0,0,0,0,0,0,0,0,0,0,0,0,0,0,0,0,0,0,0,0,0,0,0,0,0,0,0,0,0,0,0,0,0,0,0,0,0,0,0,0,0,0,0,0,0,0,0,0,0,0,0,0,0,0,0,0,0,0,0,0,0,0
43108,0,0,0,0,0,0,0,0,0,0,0,0,0,0,0,0,0,0,0,0,0,0,0,0,0,0,0,0,0,0,0,0,0,0,0,0,0,0,0,0,0,0,0,0,0,0,0,0,0,0,0,0,0,0,0,0,0,0,0,0,0,0,0,0,0
43109,0,0,0,0,0,0,0,0,0,0,0,0,0,0,0,0,0,0,0,0,0,0,0,0,0,0,0,0,0,0,0,0,0,0,0,0,0,0,0,0,0,0,0,0,0,0,0,0,0,0,0,0,0,0,0,0,0,0,0,0,0,0,0,0,0
43110,0,0,0,0,0,0,0,0,0,0,0,0,0,0,0,0,0,0,0,0,0,0,0,0,0,0,0,0,0,0,0,0,0,0,0,0,0,0,0,0,0,0,0,0,0,0,0,0,0,0,0,0,0,0,0,0,0,0,0,0,0,0,0,0,0
43111,0,0,0,0,0,0,0,0,0,0,0,0,0,0,0,0,0,0,0,0,0,0,0,0,0,0,0,0,0,0,0,0,0,0,0,0,0,0,0,0,0,0,0,0,0,0,0,0,0,0,0,0,0,0,0,0,0,0,0,0,0,0,0,0,0
43112,0,0,0,0,0,0,0,0,0,0,0,0,0,0,0,0,0,0,0,0,0,0,0,0,0,0,0,0,0,0,0,0,0,0,0,0,0,0,0,0,0,0,0,0,0,0,0,0,0,0,0,0,0,0,0,0,0,0,0,0,0,0,0,0,0
43113,0,0,0,0,0,0,0,0,0,0,0,0,0,0,0,0,0,0,0,0,0,0,0,0,0,0,0,0,0,0,0,0,0,0,0,0,0,0,0,0,0,0,0,0,0,0,0,0,0,0,0,0,0,0,0,0,0,0,0,0,0,0,0,0,0
43114,0,0,0,0,0,0,0,0,0,0,0,0,0,0,0,0,0,0,0,0,0,0,0,0,0,0,0,0,0,0,0,0,0,0,0,0,0,0,0,0,0,0,0,0,0,0,0,0,0,0,0,0,0,0,0,0,0,0,0,0,0,0,0,0,0
43115,0,0,0,0,0,0,0,0,0,0,0,0,0,0,0,0,0,0,0,0,0,0,0,0,0,0,0,0,0,0,0,0,0,0,0,0,0,0,0,0,0,0,0,0,0,0,0,0,0,0,0,0,0,0,0,0,0,0,0,0,0,0,0,0,0
43116,0,0,0,0,0,0,0,0,0,0,0,0,0,0,0,0,0,0,0,0,0,0,0,0,0,0,0,0,0,0,0,0,0,0,0,0,0,0,0,0,0,0,0,0,0,0,0,0,0,0,0,0,0,0,0,0,0,0,0,0,0,0,0,0,0
43117,0,0,0,0,0,0,0,0,0,0,0,0,0,0,0,0,0,0,0,0,0,0,0,0,0,0,0,0,0,0,0,0,0,0,0,0,0,0,0,0,0,0,0,0,0,0,0,0,0,0,0,0,0,0,0,0,0,0,0,0,0,0,0,0,0
43118,0,0,0,0,0,0,0,0,0,0,0,0,0,0,0,0,0,0,0,0,0,0,0,0,0,0,0,0,0,0,0,0,0,0,0,0,0,0,0,0,0,0,0,0,0,0,0,0,0,0,0,0,0,0,0,0,0,0,0,0,0,0,0,0,0
43119,0,0,0,0,0,0,0,0,0,0,0,0,0,0,0,0,0,0,0,0,0,0,0,0,0,0,0,0,0,0,0,0,0,0,0,0,0,0,0,0,0,0,0,0,0,0,0,0,0,0,0,0,0,0,0,0,0,0,0,0,0,0,0,0,0
43120,0,0,0,0,0,0,0,0,0,0,0,0,0,0,0,0,0,0,0,0,0,0,0,0,0,0,0,0,0,0,0,0,0,0,0,0,0,0,0,0,0,0,0,0,0,0,0,0,0,0,0,0,0,0,0,0,0,0,0,0,0,0,0,0,0
43121,0,0,0,0,0,0,0,0,0,0,0,0,0,0,0,0,0,0,0,0,0,0,0,0,0,0,0,0,0,0,0,0,0,0,0,0,0,0,0,0,0,0,0,0,0,0,0,0,0,0,0,0,0,0,0,0,0,0,0,0,0,0,0,0,0
43122,0,0,0,0,0,0,0,0,0,0,0,0,0,0,0,0,0,0,0,0,0,0,0,0,0,0,0,0,0,0,0,0,0,0,0,0,0,0,0,0,0,0,0,0,0,0,0,0,0,0,0,0,0,0,0,0,0,0,0,0,0,0,0,0,0
43123,0,0,0,0,0,0,0,0,0,0,0,0,0,0,0,0,0,0,0,0,0,0,0,0,0,0,0,0,0,0,0,0,0,0,0,0,0,0,0,0,0,0,0,0,0,0,0,0,0,0,0,0,0,0,0,0,0,0,0,0,0,0,0,0,0
43124,0,0,0,0,0,0,0,0,0,0,0,0,0,0,0,0,0,0,0,0,0,0,0,0,0,0,0,0,0,0,0,0,0,0,0,0,0,0,0,0,0,0,0,0,0,0,0,0,0,0,0,0,0,0,0,0,0,0,0,0,0,0,0,0,0
43125,0,0,0,0,0,0,0,0,0,0,0,0,0,0,0,0,0,0,0,0,0,0,0,0,0,0,0,0,0,0,0,0,0,0,0,0,0,0,0,0,0,0,0,0,0,0,0,0,0,0,0,0,0,0,0,0,0,0,0,0,0,0,0,0,0
43126,0,0,0,0,0,0,0,0,0,0,0,0,0,0,0,0,0,0,0,0,0,0,0,0,0,0,0,0,0,0,0,0,0,0,0,0,0,0,0,0,0,0,0,0,0,0,0,0,0,0,0,0,0,0,0,0,0,0,0,0,0,0,0,0,0
43127,0,0,0,0,0,0,0,0,0,0,0,0,0,0,0,0,0,0,0,0,0,0,0,0,0,0,0,0,0,0,0,0,0,0,0,0,0,0,0,0,0,0,0,0,0,0,0,0,0,0,0,0,0,0,0,0,0,0,0,0,0,0,0,0,0
43128,0,0,0,0,0,0,0,0,0,0,0,0,0,0,0,0,0,0,0,0,0,0,0,0,0,0,0,0,0,0,0,0,0,0,0,0,0,0,0,0,0,0,0,0,0,0,0,0,0,0,0,0,0,0,0,0,0,0,0,0,0,0,0,0,0
43129,0,0,0,0,0,0,0,0,0,0,0,0,0,0,0,0,0,0,0,0,0,0,0,0,0,0,0,0,0,0,0,0,0,0,0,0,0,0,0,0,0,0,0,0,0,0,0,0,0,0,0,0,0,0,0,0,0,0,0,0,0,0,0,0,0
44002,0,0,0,0,0,0,0,0,0,0,0,0,0,0,0,0,0,0,0,0,0,0,0,0,0,0,0,0,0,0,0,0,0,0,0,0,0,0,0,0,0,0,0,0,0,0,0,0,0,0,0,0,0,0,0,0,0,0,0,0,0,0,0,0,0
44003,0,0,0,0,0,0,0,0,0,0,0,0,0,0,0,0,0,0,0,0,0,0,0,0,0,0,0,0,0,0,0,0,0,0,0,0,0,0,0,0,0,0,0,0,0,0,0,0,0,0,0,0,0,0,0,0,0,0,0,0,0,0,0,0,0
