timestamp,Register,raw_uint16,raw_int16,hex,tier,name,interpreted,bin16,u8_hi,u8_lo,i8_hi,i8_lo,ascii_be,ascii_le,bcd,div10,div100,div1000,u32_next_be,u32_next_le,i32_next_be,i32_next_le,f32_next_be,f32_next_le
12:07:16,30000,522,522,0x020A,OK,bat_sample_volt,,0000001000001010,2,10,2,10,··,··,-,52.2,5.22,0.522,34275316,4294181386,34275316,-785910,-,-
12:07:16,30001,65524,-12,0xFFF4,OK,bat_sample_power,-12 W,1111111111110100,255,244,-1,-12,··,··,-,6552.4,655.24,65.524,4294181119,16777204,-786177,16777204,-,-
12:07:16,30002,255,255,0x00FF,OK,env_temp,25.500 °C,0000000011111111,0,255,0,-1,··,··,-,25.5,2.55,0.255,16711942,17170687,16711942,17170687,-,-
12:07:16,30003,262,262,0x0106,OK,radiator_temp,26.200 °C,0000000100000110,1,6,1,6,··,··,0106,26.2,2.62,0.262,17172837,157614342,17172837,157614342,-,-
12:07:16,30004,2405,2405,0x0965,OK,grid_volt,240.500 V,0000100101100101,9,101,9,101,·e,e·,0965,240.5,24.05,2.405,157614085,330085,157614085,330085,-,-
12:07:16,30005,5,5,0x0005,OK,off_grid_volt,0.500 V,0000000000000101,0,5,0,5,··,··,0005,0.5,0.05,0.005,327680,5,327680,5,-,-
12:07:16,30006,0,0,0x0000,OK,grid_sample_power,0 W,0000000000000000,0,0,0,0,··,··,0000,0.0,0.00,0.000,0,0,0,0,0,0
12:07:16,30007,0,0,0x0000,OK,off_grid_power,0 W,0000000000000000,0,0,0,0,··,··,0000,0.0,0.00,0.000,,,,,,
12:07:17,30010,0,0,0x0000,OK,work_mode,,0000000000000000,0,0,0,0,··,··,0000,0.0,0.00,0.000,,,,,,
12:07:17,30020,100,100,0x0064,OK,mppt1_voltage,10 V,0000000001100100,0,100,0,100,·d,d·,0064,10.0,1.00,0.100,6553699,6488164,6553699,6488164,-,-
12:07:17,30021,99,99,0x0063,OK,mppt2_voltage,9.900 V,0000000001100011,0,99,0,99,·c,c·,0063,9.9,0.99,0.099,6488163,6488163,6488163,6488163,-,-
12:07:17,30022,99,99,0x0063,OK,mppt3_voltage,9.900 V,0000000001100011,0,99,0,99,·c,c·,0063,9.9,0.99,0.099,6488163,6488163,6488163,6488163,-,-
12:07:17,30023,99,99,0x0063,OK,mppt4_voltage,9.900 V,0000000001100011,0,99,0,99,·c,c·,0063,9.9,0.99,0.099,6488064,99,6488064,99,-,-
12:07:17,30024,0,0,0x0000,OK,mppt1_current,0 A,0000000000000000,0,0,0,0,··,··,0000,0.0,0.00,0.000,0,0,0,0,0,0
12:07:17,30025,0,0,0x0000,OK,mppt2_current,0 A,0000000000000000,0,0,0,0,··,··,0000,0.0,0.00,0.000,0,0,0,0,0,0
12:07:17,30026,0,0,0x0000,OK,mppt3_current,0 A,0000000000000000,0,0,0,0,··,··,0000,0.0,0.00,0.000,0,0,0,0,0,0
12:07:17,30027,0,0,0x0000,OK,mppt4_current,0 A,0000000000000000,0,0,0,0,··,··,0000,0.0,0.00,0.000,527,34537472,527,34537472,-,-
12:07:17,30028,527,527,0x020F,OK,inv_bat_voltage,52.700 V,0000001000001111,2,15,2,15,··,··,-,52.7,5.27,0.527,34603006,4294836751,34603006,-130545,-,-
12:07:17,30029,65534,-2,0xFFFE,OK,inv_bat_current,-0.200 A,1111111111111110,255,254,-1,-2,··,··,-,6553.4,655.34,65.534,4294836224,65534,-131072,65534,-,-
12:07:17,30030,0,0,0x0000,UNB,Unb: config_word_2000018A,,0000000000000000,0,0,0,0,··,··,0000,0.0,0.00,0.000,0,0,0,0,0,0
12:07:17,30031,0,0,0x0000,UNB,Unb: inv_slot8_38,,0000000000000000,0,0,0,0,··,··,0000,0.0,0.00,0.000,0,0,0,0,0,0
12:07:17,30032,0,0,0x0000,UNB,Unb: inv_slot8_3a,,0000000000000000,0,0,0,0,··,··,0000,0.0,0.00,0.000,0,0,0,0,0,0
12:07:17,30033,0,0,0x0000,UNB,Unb: inv_slot8_3c,,0000000000000000,0,0,0,0,··,··,0000,0.0,0.00,0.000,0,0,0,0,0,0
12:07:17,30034,0,0,0x0000,UNB,Unb: inv_slot8_3e,,0000000000000000,0,0,0,0,··,··,0000,0.0,0.00,0.000,0,0,0,0,0,0
12:07:17,30035,0,0,0x0000,UNB,Unb: inv_boundary_20014F8C,,0000000000000000,0,0,0,0,··,··,0000,0.0,0.00,0.000,219,14352384,219,14352384,-,-
12:07:17,30036,219,219,0x00DB,VERM,Verm: inv_base_voltage,2.190 V,0000000011011011,0,219,0,-37,··,··,-,21.9,2.19,0.219,14352384,219,14352384,219,-,-
12:07:17,30037,0,0,0x0000,OK,mppt1_power,0 W,0000000000000000,0,0,0,0,··,··,0000,0.0,0.00,0.000,0,0,0,0,0,0
12:07:17,30038,0,0,0x0000,OK,mppt2_power,0 W,0000000000000000,0,0,0,0,··,··,0000,0.0,0.00,0.000,0,0,0,0,0,0
12:07:17,30039,0,0,0x0000,OK,mppt3_power,0 W,0000000000000000,0,0,0,0,··,··,0000,0.0,0.00,0.000,0,0,0,0,0,0
12:07:17,30040,0,0,0x0000,OK,mppt4_power,0 W,0000000000000000,0,0,0,0,··,··,0000,0.0,0.00,0.000,,,,,,
12:07:17,30100,5259,5259,0x148B,VERM,Verm: pack1_bat_volt_mirror,52.590 V,0001010010001011,20,139,20,-117,··,··,-,525.9,52.59,5.259,344653824,5259,344653824,5259,-,-
12:07:17,30101,0,0,0x0000,VERM,Verm: pack1_bat_curr_mirror,0 A,0000000000000000,0,0,0,0,··,··,0000,0.0,0.00,0.000,3288,215482368,3288,215482368,-,-
12:07:17,30102,3288,3288,0x0CD8,VERM,Verm: pack1_max_cell_voltage_mirror,3.288 V,0000110011011000,12,216,12,-40,··,··,-,328.8,32.88,3.288,215485654,215354584,215485654,215354584,-,-
12:07:17,30103,3286,3286,0x0CD6,VERM,Verm: pack1_min_cell_voltage_mirror,3.286 V,0000110011010110,12,214,12,-42,··,··,-,328.6,32.86,3.286,215353406,138284246,215353406,138284246,-,-
12:07:17,30104,2110,2110,0x083E,VERM,Verm: pack1_max_cell_temp,21.100 °C,0000100000111110,8,62,8,62,·>,>·,-,211.0,21.10,2.110,138282980,132384830,138282980,132384830,-,-
12:07:17,30105,2020,2020,0x07E4,VERM,Verm: pack1_min_cell_temp,20.200 °C,0000011111100100,7,228,7,-28,··,··,-,202.0,20.20,2.020,132382720,2020,132382720,2020,-,-
12:07:17,30106,0,0,0x0000,UNB,Unb: pack1_temp_3_mirror,0 °C,0000000000000000,0,0,0,0,··,··,0000,0.0,0.00,0.000,301,19726336,301,19726336,-,-
12:07:17,30107,301,301,0x012D,OK,pack1_temp_1_mirror,30.100 °C,0000000100101101,1,45,1,45,·-,-·,-,30.1,3.01,0.301,19726567,15139117,19726567,15139117,-,-
12:07:17,30108,231,231,0x00E7,OK,pack1_temp_2_mirror,23.100 °C,0000000011100111,0,231,0,-25,··,··,-,23.1,2.31,0.231,15138816,231,15138816,231,-,-
12:07:17,30109,0,0,0x0000,VERM,Verm: bms_factory_test,,0000000000000000,0,0,0,0,··,··,0000,0.0,0.00,0.000,0,0,0,0,0,0
12:07:17,30110,0,0,0x0000,UNB,Unb: config_setpoint_mirror,,0000000000000000,0,0,0,0,··,··,0000,0.0,0.00,0.000,,,,,,
12:07:18,30200,150,150,0x0096,OK,ems_ver,150,0000000010010110,0,150,0,-106,··,··,0096,15.0,1.50,0.150,9830418,1179798,9830418,1179798,-,-
12:07:18,30201,18,18,0x0012,OK,ems_boot_ver,,0000000000010010,0,18,0,18,··,··,0012,1.8,0.18,0.018,1179764,7602194,1179764,7602194,-,-
12:07:18,30202,116,116,0x0074,OK,vns_ver,116,0000000001110100,0,116,0,116,·t,t·,0074,11.6,1.16,0.116,7602282,6946932,7602282,6946932,-,-
12:07:18,30203,106,106,0x006A,OK,vns_boot_ver,,0000000001101010,0,106,0,106,·j,j·,-,10.6,1.06,0.106,6946933,7667818,6946933,7667818,-,-
12:07:18,30204,117,117,0x0075,OK,bms_ver,117,0000000001110101,0,117,0,117,·u,u·,0075,11.7,1.17,0.117,7667816,6815861,7667816,6815861,-,-
12:07:18,30205,104,104,0x0068,OK,mppt_ver,104,0000000001101000,0,104,0,104,·h,h·,0068,10.4,1.04,0.104,,,,,,
12:07:18,30210,3,3,0x0003,VERM,Verm: pack1_mos_status_mirror,,0000000000000011,0,3,0,3,··,··,0003,0.3,0.03,0.003,196608,3,196608,3,-,-
12:07:18,30211,0,0,0x0000,UNB,Unb: config_byte_can54,,0000000000000000,0,0,0,0,··,··,0000,0.0,0.00,0.000,5,327680,5,327680,-,-
12:07:18,30212,5,5,0x0005,UNB,Unb: pack_config,,0000000000000101,0,5,0,5,··,··,0005,0.5,0.05,0.005,327680,5,327680,5,-,-
12:07:18,30213,0,0,0x0000,UNB,Unb: config_byte_canc1,,0000000000000000,0,0,0,0,··,··,0000,0.0,0.00,0.000,0,0,0,0,0,0
12:07:18,30214,0,0,0x0000,VERM,Verm: bms_self_check,,0000000000000000,0,0,0,0,··,··,0000,0.0,0.00,0.000,,,,,,
12:07:18,30300,1,1,0x0001,VERM,Verm: wifi_status,1,0000000000000001,0,1,0,1,··,··,0001,0.1,0.01,0.001,65539,196609,65539,196609,-,-
12:07:18,30301,3,3,0x0003,VERM,Verm: bluetooth_status,3,0000000000000011,0,3,0,3,··,··,0003,0.3,0.03,0.003,196609,65539,196609,65539,-,-
12:07:18,30302,1,1,0x0001,VERM,Verm: cloud_status,1,0000000000000001,0,1,0,1,··,··,0001,0.1,0.01,0.001,65579,2818049,65579,2818049,-,-
12:07:18,30303,43,43,0x002B,VERM,Verm: wifi_signal_strength,-43 dBm,0000000000101011,0,43,0,43,·+,+·,-,4.3,0.43,0.043,2831928,909639723,2831928,909639723,-,2.742e-06
12:07:18,30304,13880,13880,0x3638,OK,mac_address,'68',0011011000111000,54,56,54,56,68,86,3638,1388.0,138.80,13.880,909652532,842282552,909652532,842282552,2.745e-06,-
12:07:18,30305,12852,12852,0x3234,OK,mac_address[2],'24',0011001000110100,50,52,50,52,24,42,3234,1285.2,128.52,12.852,842283321,960049716,842283321,960049716,-,0.0001766
12:07:18,30306,14649,14649,0x3939,OK,mac_address[3],'99',0011100100111001,57,57,57,57,99,99,3939,1464.9,146.49,14.649,960054597,1162164537,960054597,1162164537,0.0001767,3156
12:07:18,30307,17733,17733,0x4545,OK,mac_address[4],'EE',0100010101000101,69,69,69,69,EE,EE,4545,1773.3,177.33,17.733,1162167863,1178027333,1162167863,1178027333,3156,1.173e+04
12:07:18,30308,17975,17975,0x4637,OK,mac_address[5],'F7',0100011000110111,70,55,70,55,F7,7F,4637,1797.5,179.75,17.975,1178023235,893601335,1178023235,893601335,1.173e+04,-
12:07:18,30309,13635,13635,0x3543,OK,mac_address[6],'5C',0011010101000011,53,67,53,67,5C,C5,3543,1363.5,136.35,13.635,,,,,,
12:07:19,30350,12848,12848,0x3230,OK,comm_module_firmware,,0011001000110000,50,48,50,48,20,02,3230,1284.8,128.48,12.848,842019380,842281520,842019380,842281520,-,-
12:07:19,30351,12852,12852,0x3234,OK,comm_module_firmware[2],,0011001000110100,50,52,50,52,24,42,3234,1285.2,128.52,12.852,842281017,809054772,842281017,809054772,-,-
12:07:19,30352,12345,12345,0x3039,OK,comm_module_firmware[3],,0011000000111001,48,57,48,57,09,90,3039,1234.5,123.45,12.345,809054265,809054265,809054265,809054265,-,-
12:07:19,30353,12345,12345,0x3039,OK,comm_module_firmware[4],,0011000000111001,48,57,48,57,09,90,3039,1234.5,123.45,12.345,809054257,808529977,809054257,808529977,-,-
12:07:19,30354,12337,12337,0x3031,OK,comm_module_firmware[5],,0011000000110001,48,49,48,49,01,10,3031,1233.7,123.37,12.337,808531257,892940337,808531257,892940337,-,-
12:07:19,30355,13625,13625,0x3539,OK,comm_module_firmware[6],,0011010100111001,53,57,53,57,59,95,3539,1362.5,136.25,13.625,,,,,,
12:07:19,30400,49320,-16216,0xC0A8,OK,ip_addresses,192.168,1100000010101000,192,168,-64,-88,··,··,-,4932.0,493.20,49.320,3232282010,3046817960,-1062685286,-1248149336,-5.272,-1.153e-06
12:07:19,30401,46490,-19046,0xB59A,OK,ip_addresses[2],181.154,1011010110011010,181,154,-75,-102,··,··,-,4649.0,464.90,46.490,3046817960,3232282010,-1248149336,-1062685286,-1.153e-06,-5.272
12:07:19,30402,49320,-16216,0xC0A8,OK,ip_addresses[3],192.168,1100000010101000,192,168,-64,-88,··,··,-,4932.0,493.20,49.320,3232281857,3036790952,-1062685439,-1258176344,-5.272,-
12:07:19,30403,46337,-19199,0xB501,OK,ip_addresses[4],181.1,1011010100000001,181,1,-75,1,··,··,-,4633.7,463.37,46.337,,,,,,
12:07:19,31000,22094,22094,0x564E,OK,device_name,,0101011001001110,86,78,86,78,VN,NV,-,2209.4,220.94,22.094,1447973700,1396987470,1447973700,1396987470,-,8.433e+11
12:07:19,31001,21316,21316,0x5344,OK,device_name[2],,0101001101000100,83,68,83,68,SD,DS,5344,2131.6,213.16,21.316,1396976944,758141764,1396976944,758141764,8.426e+11,-
12:07:19,31002,11568,11568,0x2D30,OK,device_name[3],,0010110100110000,45,48,45,48,-0,0-,-,1156.8,115.68,11.568,758120453,339248,758120453,339248,-,-
12:07:19,31003,5,5,0x0005,OK,device_name[4],,0000000000000101,0,5,0,5,··,··,0005,0.5,0.05,0.005,329223,101122053,329223,101122053,-,-
12:07:19,31004,1543,1543,0x0607,OK,device_name[5],,0000011000000111,6,7,6,7,··,··,0607,154.3,15.43,1.543,101122048,1543,101122048,1543,-,-
12:07:19,31005,0,0,0x0000,OK,device_name[6],,0000000000000000,0,0,0,0,··,··,0000,0.0,0.00,0.000,0,0,0,0,0,0
12:07:19,31006,0,0,0x0000,OK,device_name[7],,0000000000000000,0,0,0,0,··,··,0000,0.0,0.00,0.000,0,0,0,0,0,0
12:07:19,31007,0,0,0x0000,OK,device_name[8],,0000000000000000,0,0,0,0,··,··,0000,0.0,0.00,0.000,0,0,0,0,0,0
12:07:19,31008,0,0,0x0000,OK,device_name[9],,0000000000000000,0,0,0,0,··,··,0000,0.0,0.00,0.000,0,0,0,0,0,0
12:07:19,31009,0,0,0x0000,OK,device_name[10],,0000000000000000,0,0,0,0,··,··,0000,0.0,0.00,0.000,,,,,,
12:07:20,32100,5339,5339,0x14DB,OK,bms_battery_voltage,53.390 V,0001010011011011,20,219,20,-37,··,··,-,533.9,53.39,5.339,349896704,5339,349896704,5339,-,-
12:07:20,32101,0,0,0x0000,OK,bms_battery_current,0 A,0000000000000000,0,0,0,0,··,··,0000,0.0,0.00,0.000,0,0,0,0,0,0
12:07:20,32102,0,0,0x0000,OK,bat_sample_power,0 W,0000000000000000,0,0,0,0,··,··,0000,0.0,0.00,0.000,0,0,0,0,0,0
12:07:20,32103,0,0,0x0000,OK,bat_sample_power_w2,,0000000000000000,0,0,0,0,··,··,0000,0.0,0.00,0.000,67,4390912,67,4390912,-,-
12:07:20,32104,67,67,0x0043,OK,bms_soc,67 %,0000000001000011,0,67,0,67,·C,C·,0043,6.7,0.67,0.067,4406272,1006633027,4406272,1006633027,-,0.007813
12:07:20,32105,15360,15360,0x3C00,OK,bms_remaining_energy,15360 Wh,0011110000000000,60,0,60,0,<·,·<,-,1536.0,153.60,15.360,1006633460,32783360,1006633460,32783360,0.007813,-
12:07:20,32106,500,500,0x01F4,OK,bms_charge_current_limit,50 A,0000000111110100,1,244,1,-12,··,··,-,50.0,5.00,0.500,32768500,32768500,32768500,32768500,-,-
12:07:20,32107,500,500,0x01F4,OK,bms_discharge_current_limit,50 A,0000000111110100,1,244,1,-12,··,··,-,50.0,5.00,0.500,32768237,15532532,32768237,15532532,-,-
12:07:20,32108,237,237,0x00ED,OK,bms_battery_temp,23.700 °C,0000000011101101,0,237,0,-19,··,··,-,23.7,2.37,0.237,15532038,393453,15532038,393453,-,-
12:07:20,32109,6,6,0x0006,OK,bms_pack_count,,0000000000000110,0,6,0,6,··,··,0006,0.6,0.06,0.006,393279,4128774,393279,4128774,-,-
12:07:20,32110,63,63,0x003F,OK,bms_online_mask,,0000000000111111,0,63,0,63,·?,?·,-,6.3,0.63,0.063,4128769,65599,4128769,65599,-,-
12:07:20,32111,1,1,0x0001,OK,bms_work_pack_idx,,0000000000000001,0,1,0,1,··,··,0001,0.1,0.01,0.001,65536,1,65536,1,-,-
12:07:20,32112,0,0,0x0000,VERM,Verm: bms_lock_flag,,0000000000000000,0,0,0,0,··,··,0000,0.0,0.00,0.000,0,0,0,0,0,0
12:07:20,32113,0,0,0x0000,VERM,Verm: bms_factory_test,,0000000000000000,0,0,0,0,··,··,0000,0.0,0.00,0.000,0,0,0,0,0,0
12:07:20,32114,0,0,0x0000,UNB,Unb: config_setpoint_20014FAF,,0000000000000000,0,0,0,0,··,··,0000,0.0,0.00,0.000,,,,,,
12:07:20,32200,2400,2400,0x0960,OK,grid_volt,240 V,0000100101100000,9,96,9,96,·`,`·,0960,240.0,24.00,2.400,157288800,157288800,157288800,157288800,-,-
12:07:20,32201,2400,2400,0x0960,OK,grid_volt_dup,240 V,0000100101100000,9,96,9,96,·`,`·,0960,240.0,24.00,2.400,157286400,2400,157286400,2400,-,-
12:07:20,32202,0,0,0x0000,OK,grid_sample_power,0 W,0000000000000000,0,0,0,0,··,··,0000,0.0,0.00,0.000,0,0,0,0,0,0
12:07:20,32203,0,0,0x0000,OK,grid_sample_power_w2,,0000000000000000,0,0,0,0,··,··,0000,0.0,0.00,0.000,500,32768000,500,32768000,-,-
12:07:20,32204,500,500,0x01F4,OK,grid_pf,50 Hz,0000000111110100,1,244,1,-12,··,··,-,50.0,5.00,0.500,,,,,,
12:07:20,32300,5,5,0x0005,OK,off_grid_volt,0.500 V,0000000000000101,0,5,0,5,··,··,0005,0.5,0.05,0.005,327685,327685,327685,327685,-,-
12:07:20,32301,5,5,0x0005,OK,ac_offgrid_voltage_dup,0.500 V,0000000000000101,0,5,0,5,··,··,0005,0.5,0.05,0.005,327680,5,327680,5,-,-
12:07:20,32302,0,0,0x0000,OK,off_grid_power,0 W,0000000000000000,0,0,0,0,··,··,0000,0.0,0.00,0.000,,,,,,
12:07:21,33000,0,0,0x0000,OK,total_charging_energy,,0000000000000000,0,0,0,0,··,··,0000,0.0,0.00,0.000,855,56033280,855,56033280,-,-
12:07:21,33001,855,855,0x0357,OK,total_charging_energy_w2,,0000001101010111,3,87,3,87,·W,W·,0357,85.5,8.55,0.855,56033280,855,56033280,855,-,-
12:07:21,33002,0,0,0x0000,OK,total_discharging_energy,,0000000000000000,0,0,0,0,··,··,0000,0.0,0.00,0.000,581,38076416,581,38076416,-,-
12:07:21,33003,581,581,0x0245,OK,total_discharging_energy_w2,,0000001001000101,2,69,2,69,·E,E·,0245,58.1,5.81,0.581,38076416,581,38076416,581,-,-
12:07:21,33004,0,0,0x0000,OK,daily_charging_energy,,0000000000000000,0,0,0,0,··,··,0000,0.0,0.00,0.000,73,4784128,73,4784128,-,-
12:07:21,33005,73,73,0x0049,OK,daily_charging_energy_w2,,0000000001001001,0,73,0,73,·I,I·,0049,7.3,0.73,0.073,4784128,73,4784128,73,-,-
12:07:21,33006,0,0,0x0000,OK,daily_discharging_energy,,0000000000000000,0,0,0,0,··,··,0000,0.0,0.00,0.000,80,5242880,80,5242880,-,-
12:07:21,33007,80,80,0x0050,OK,daily_discharging_energy_w2,,0000000001010000,0,80,0,80,·P,P·,0050,8.0,0.80,0.080,5242880,80,5242880,80,-,-
12:07:21,33008,0,0,0x0000,OK,monthly_charging_energy,,0000000000000000,0,0,0,0,··,··,0000,0.0,0.00,0.000,855,56033280,855,56033280,-,-
12:07:21,33009,855,855,0x0357,OK,monthly_charging_energy_w2,,0000001101010111,3,87,3,87,·W,W·,0357,85.5,8.55,0.855,56033280,855,56033280,855,-,-
12:07:21,33010,0,0,0x0000,OK,monthly_discharging_energy,,0000000000000000,0,0,0,0,··,··,0000,0.0,0.00,0.000,581,38076416,581,38076416,-,-
12:07:21,33011,581,581,0x0245,OK,monthly_discharging_energy_w2,,0000001001000101,2,69,2,69,·E,E·,0245,58.1,5.81,0.581,,,,,,
12:07:21,34000,5259,5259,0x148B,OK,pack1_bat_volt,52.590 V,0001010010001011,20,139,20,-117,··,··,-,525.9,52.59,5.259,344653824,5259,344653824,5259,-,-
12:07:21,34001,0,0,0x0000,OK,pack1_bat_curr,0 A,0000000000000000,0,0,0,0,··,··,0000,0.0,0.00,0.000,479,31391744,479,31391744,-,-
12:07:21,34002,479,479,0x01DF,OK,pack1_soc,47.900 %,0000000111011111,1,223,1,-33,··,··,-,47.9,4.79,0.479,31391744,479,31391744,479,-,-
12:07:21,34003,0,0,0x0000,OK,pack1_cycle_count,0,0000000000000000,0,0,0,0,··,··,0000,0.0,0.00,0.000,3,196608,3,196608,-,-
12:07:21,34004,3,3,0x0003,VERM,Verm: pack1_mos_status,3,0000000000000011,0,3,0,3,··,··,0003,0.3,0.03,0.003,199897,215547907,199897,215547907,-,-
12:07:21,34005,3289,3289,0x0CD9,OK,pack1_max_cell_voltage,3.289 V,0000110011011001,12,217,12,-39,··,··,-,328.9,32.89,3.289,215551190,215354585,215551190,215354585,-,-
12:07:21,34006,3286,3286,0x0CD6,OK,pack1_min_cell_voltage,3.286 V,0000110011010110,12,214,12,-42,··,··,-,328.6,32.86,3.286,215351296,3286,215351296,3286,-,-
12:07:21,34007,0,0,0x0000,OK,pack1_protect1,0 °C,0000000000000000,0,0,0,0,··,··,0000,0.0,0.00,0.000,16384,1073741824,16384,1073741824,-,2
12:07:21,34008,16384,16384,0x4000,OK,pack1_protect2,0x4000,0100000000000000,64,0,64,0,@·,·@,4000,1638.4,163.84,16.384,1073741824,16384,1073741824,16384,2,-
12:07:21,34009,0,0,0x0000,VERM,Verm: pack1_bms_reserved_5a,0x0000,0000000000000000,0,0,0,0,··,··,0000,0.0,0.00,0.000,117,7667712,117,7667712,-,-
12:07:21,34010,117,117,0x0075,OK,pack1_bms_version,117,0000000001110101,0,117,0,117,·u,u·,0075,11.7,1.17,0.117,7668012,19660917,7668012,19660917,-,-
12:07:21,34011,300,300,0x012C,OK,pack1_temp_1,30 °C,0000000100101100,1,44,1,44,"·,",",·",-,30.0,3.00,0.300,19661032,15204652,19661032,15204652,-,-
12:07:21,34012,232,232,0x00E8,OK,pack1_temp_2,23.200 °C,0000000011101000,0,232,0,-24,··,··,-,23.2,2.32,0.232,15204556,13369576,15204556,13369576,-,-
12:07:21,34013,204,204,0x00CC,OK,pack1_ntc_block,20.400 °C,0000000011001100,0,204,0,-52,··,··,-,20.4,2.04,0.204,13369546,13238476,13369546,13238476,-,-
12:07:21,34014,202,202,0x00CA,OK,pack1_ntc_block[2],20.200 °C,0000000011001010,0,202,0,-54,··,··,-,20.2,2.02,0.202,13238483,13828298,13238483,13828298,-,-
12:07:21,34015,211,211,0x00D3,OK,pack1_ntc_block[3],21.100 °C,0000000011010011,0,211,0,-45,··,··,-,21.1,2.11,0.211,13828298,13238483,13828298,13238483,-,-
12:07:21,34016,202,202,0x00CA,OK,pack1_ntc_block[4],20.200 °C,0000000011001010,0,202,0,-54,··,··,-,20.2,2.02,0.202,13238272,202,13238272,202,-,-
12:07:21,34017,0,0,0x0000,OK,pack1_ntc_unused,0 °C,0000000000000000,0,0,0,0,··,··,0000,0.0,0.00,0.000,3287,215416832,3287,215416832,-,-
12:07:21,34018,3287,3287,0x0CD7,OK,pack1_cell_voltage_1_16,3.287 V,0000110011010111,12,215,12,-41,··,··,-,328.7,32.87,3.287,215420118,215354583,215420118,215354583,-,-
12:07:21,34019,3286,3286,0x0CD6,OK,pack1_cell_voltage_1_16[2],3.286 V,0000110011010110,12,214,12,-42,··,··,-,328.6,32.86,3.286,215354583,215420118,215354583,215420118,-,-
12:07:21,34020,3287,3287,0x0CD7,OK,pack1_cell_voltage_1_16[3],3.287 V,0000110011010111,12,215,12,-41,··,··,-,328.7,32.87,3.287,215420119,215420119,215420119,215420119,-,-
12:07:21,34021,3287,3287,0x0CD7,OK,pack1_cell_voltage_1_16[4],3.287 V,0000110011010111,12,215,12,-41,··,··,-,328.7,32.87,3.287,215420118,215354583,215420118,215354583,-,-
12:07:21,34022,3286,3286,0x0CD6,OK,pack1_cell_voltage_1_16[5],3.286 V,0000110011010110,12,214,12,-42,··,··,-,328.6,32.86,3.286,215354584,215485654,215354584,215485654,-,-
12:07:21,34023,3288,3288,0x0CD8,OK,pack1_cell_voltage_1_16[6],3.288 V,0000110011011000,12,216,12,-40,··,··,-,328.8,32.88,3.288,215485655,215420120,215485655,215420120,-,-
12:07:21,34024,3287,3287,0x0CD7,OK,pack1_cell_voltage_1_16[7],3.287 V,0000110011010111,12,215,12,-41,··,··,-,328.7,32.87,3.287,215420119,215420119,215420119,215420119,-,-
12:07:21,34025,3287,3287,0x0CD7,OK,pack1_cell_voltage_1_16[8],3.287 V,0000110011010111,12,215,12,-41,··,··,-,328.7,32.87,3.287,215420118,215354583,215420118,215354583,-,-
12:07:21,34026,3286,3286,0x0CD6,OK,pack1_cell_voltage_1_16[9],3.286 V,0000110011010110,12,214,12,-42,··,··,-,328.6,32.86,3.286,215354583,215420118,215354583,215420118,-,-
12:07:21,34027,3287,3287,0x0CD7,OK,pack1_cell_voltage_1_16[10],3.287 V,0000110011010111,12,215,12,-41,··,··,-,328.7,32.87,3.287,215420119,215420119,215420119,215420119,-,-
12:07:21,34028,3287,3287,0x0CD7,OK,pack1_cell_voltage_1_16[11],3.287 V,0000110011010111,12,215,12,-41,··,··,-,328.7,32.87,3.287,215420119,215420119,215420119,215420119,-,-
12:07:21,34029,3287,3287,0x0CD7,OK,pack1_cell_voltage_1_16[12],3.287 V,0000110011010111,12,215,12,-41,··,··,-,328.7,32.87,3.287,215420118,215354583,215420118,215354583,-,-
12:07:21,34030,3286,3286,0x0CD6,OK,pack1_cell_voltage_1_16[13],3.286 V,0000110011010110,12,214,12,-42,··,··,-,328.6,32.86,3.286,215354585,215551190,215354585,215551190,-,-
12:07:21,34031,3289,3289,0x0CD9,OK,pack1_cell_voltage_1_16[14],3.289 V,0000110011011001,12,217,12,-39,··,··,-,328.9,32.89,3.289,215551191,215420121,215551191,215420121,-,-
12:07:21,34032,3287,3287,0x0CD7,OK,pack1_cell_voltage_1_16[15],3.287 V,0000110011010111,12,215,12,-41,··,··,-,328.7,32.87,3.287,215420118,215354583,215420118,215354583,-,-
12:07:21,34033,3286,3286,0x0CD6,OK,pack1_cell_voltage_1_16[16],3.286 V,0000110011010110,12,214,12,-42,··,··,-,328.6,32.86,3.286,,,,,,
12:07:21,34100,5329,5329,0x14D1,OK,pack2_bat_volt,53.290 V,0001010011010001,20,209,20,-47,··,··,-,532.9,53.29,5.329,349241344,5329,349241344,5329,-,-
12:07:21,34101,0,0,0x0000,OK,pack2_bat_curr,0 A,0000000000000000,0,0,0,0,··,··,0000,0.0,0.00,0.000,705,46202880,705,46202880,-,-
12:07:21,34102,705,705,0x02C1,VERM,Verm: pack2_soc,70.500 %,0000001011000001,2,193,2,-63,··,··,-,70.5,7.05,0.705,46202893,852673,46202893,852673,-,-
12:07:21,34103,13,13,0x000D,OK,pack2_cycle_count,13,0000000000001101,0,13,0,13,··,··,-,1.3,0.13,0.013,851968,13,851968,13,-,-
12:07:21,34104,0,0,0x0000,VERM,Verm: pack2_mos_status,0,0000000000000000,0,0,0,0,··,··,0000,0.0,0.00,0.000,3332,218365952,3332,218365952,-,-
12:07:21,34105,3332,3332,0x0D04,OK,pack2_max_cell_voltage,3.332 V,0000110100000100,13,4,13,4,··,··,-,333.2,33.32,3.332,218369282,218238212,218369282,218238212,-,-
12:07:21,34106,3330,3330,0x0D02,OK,pack2_min_cell_voltage,3.330 V,0000110100000010,13,2,13,2,··,··,-,333.0,33.30,3.330,218234880,3330,218234880,3330,-,-
12:07:21,34107,0,0,0x0000,OK,pack2_protect1,0 °C,0000000000000000,0,0,0,0,··,··,0000,0.0,0.00,0.000,0,0,0,0,0,0
12:07:21,34108,0,0,0x0000,OK,pack2_protect2,0x0000,0000000000000000,0,0,0,0,··,··,0000,0.0,0.00,0.000,0,0,0,0,0,0
12:07:21,34109,0,0,0x0000,VERM,Verm: pack2_bms_reserved_5a,0x0000,0000000000000000,0,0,0,0,··,··,0000,0.0,0.00,0.000,118,7733248,118,7733248,-,-
12:07:21,34110,118,118,0x0076,OK,pack2_bms_version,118,0000000001110110,0,118,0,118,·v,v·,0076,11.8,1.18,0.118,7733542,19267702,7733542,19267702,-,-
12:07:21,34111,294,294,0x0126,OK,pack2_temp_1,29.400 °C,0000000100100110,1,38,1,38,·&,&·,0126,29.4,2.94,0.294,19267822,15597862,19267822,15597862,-,-
12:07:21,34112,238,238,0x00EE,OK,pack2_temp_2,23.800 °C,0000000011101110,0,238,0,-18,··,··,-,23.8,2.38,0.238,15597804,15466734,15597804,15466734,-,-
12:07:21,34113,236,236,0x00EC,OK,pack2_ntc_block,23.600 °C,0000000011101100,0,236,0,-20,··,··,-,23.6,2.36,0.236,15466731,15401196,15466731,15401196,-,-
12:07:21,34114,235,235,0x00EB,OK,pack2_ntc_block[2],23.500 °C,0000000011101011,0,235,0,-21,··,··,-,23.5,2.35,0.235,15401197,15532267,15401197,15532267,-,-
12:07:21,34115,237,237,0x00ED,OK,pack2_ntc_block[3],23.700 °C,0000000011101101,0,237,0,-19,··,··,-,23.7,2.37,0.237,15532268,15466733,15532268,15466733,-,-
12:07:21,34116,236,236,0x00EC,OK,pack2_ntc_block[4],23.600 °C,0000000011101100,0,236,0,-20,··,··,-,23.6,2.36,0.236,15466496,236,15466496,236,-,-
12:07:21,34117,0,0,0x0000,OK,pack2_ntc_unused,0 °C,0000000000000000,0,0,0,0,··,··,0000,0.0,0.00,0.000,3331,218300416,3331,218300416,-,-
12:07:21,34118,3331,3331,0x0D03,OK,pack2_cell_voltage_1_16,3.331 V,0000110100000011,13,3,13,3,··,··,-,333.1,33.31,3.331,218303747,218303747,218303747,218303747,-,-
12:07:21,34119,3331,3331,0x0D03,OK,pack2_cell_voltage_1_16[2],3.331 V,0000110100000011,13,3,13,3,··,··,-,333.1,33.31,3.331,218303748,218369283,218303748,218369283,-,-
12:07:21,34120,3332,3332,0x0D04,OK,pack2_cell_voltage_1_16[3],3.332 V,0000110100000100,13,4,13,4,··,··,-,333.2,33.32,3.332,218369284,218369284,218369284,218369284,-,-
12:07:21,34121,3332,3332,0x0D04,OK,pack2_cell_voltage_1_16[4],3.332 V,0000110100000100,13,4,13,4,··,··,-,333.2,33.32,3.332,218369283,218303748,218369283,218303748,-,-
12:07:21,34122,3331,3331,0x0D03,OK,pack2_cell_voltage_1_16[5],3.331 V,0000110100000011,13,3,13,3,··,··,-,333.1,33.31,3.331,218303747,218303747,218303747,218303747,-,-
12:07:21,34123,3331,3331,0x0D03,OK,pack2_cell_voltage_1_16[6],3.331 V,0000110100000011,13,3,13,3,··,··,-,333.1,33.31,3.331,218303747,218303747,218303747,218303747,-,-
12:07:21,34124,3331,3331,0x0D03,OK,pack2_cell_voltage_1_16[7],3.331 V,0000110100000011,13,3,13,3,··,··,-,333.1,33.31,3.331,218303748,218369283,218303748,218369283,-,-
12:07:21,34125,3332,3332,0x0D04,OK,pack2_cell_voltage_1_16[8],3.332 V,0000110100000100,13,4,13,4,··,··,-,333.2,33.32,3.332,218369282,218238212,218369282,218238212,-,-
12:07:21,34126,3330,3330,0x0D02,OK,pack2_cell_voltage_1_16[9],3.330 V,0000110100000010,13,2,13,2,··,··,-,333.0,33.30,3.330,218238212,218369282,218238212,218369282,-,-
12:07:21,34127,3332,3332,0x0D04,OK,pack2_cell_voltage_1_16[10],3.332 V,0000110100000100,13,4,13,4,··,··,-,333.2,33.32,3.332,218369283,218303748,218369283,218303748,-,-
12:07:21,34128,3331,3331,0x0D03,OK,pack2_cell_voltage_1_16[11],3.331 V,0000110100000011,13,3,13,3,··,··,-,333.1,33.31,3.331,218303748,218369283,218303748,218369283,-,-
12:07:21,34129,3332,3332,0x0D04,OK,pack2_cell_voltage_1_16[12],3.332 V,0000110100000100,13,4,13,4,··,··,-,333.2,33.32,3.332,218369283,218303748,218369283,218303748,-,-
12:07:21,34130,3331,3331,0x0D03,OK,pack2_cell_voltage_1_16[13],3.331 V,0000110100000011,13,3,13,3,··,··,-,333.1,33.31,3.331,218303748,218369283,218303748,218369283,-,-
12:07:21,34131,3332,3332,0x0D04,OK,pack2_cell_voltage_1_16[14],3.332 V,0000110100000100,13,4,13,4,··,··,-,333.2,33.32,3.332,218369283,218303748,218369283,218303748,-,-
12:07:22,34132,3331,3331,0x0D03,OK,pack2_cell_voltage_1_16[15],3.331 V,0000110100000011,13,3,13,3,··,··,-,333.1,33.31,3.331,218303746,218238211,218303746,218238211,-,-
12:07:22,34133,3330,3330,0x0D02,OK,pack2_cell_voltage_1_16[16],3.330 V,0000110100000010,13,2,13,2,··,··,-,333.0,33.30,3.330,,,,,,
12:07:22,34200,5335,5335,0x14D7,OK,pack3_bat_volt,53.350 V,0001010011010111,20,215,20,-41,··,··,-,533.5,53.35,5.335,349634560,5335,349634560,5335,-,-
12:07:22,34201,0,0,0x0000,OK,pack3_bat_curr,0 A,0000000000000000,0,0,0,0,··,··,0000,0.0,0.00,0.000,799,52363264,799,52363264,-,-
12:07:22,34202,799,799,0x031F,VERM,Verm: pack3_soc,79.900 %,0000001100011111,3,31,3,31,··,··,-,79.9,7.99,0.799,52363283,1245983,52363283,1245983,-,-
12:07:22,34203,19,19,0x0013,OK,pack3_cycle_count,19,0000000000010011,0,19,0,19,··,··,0013,1.9,0.19,0.019,1245184,19,1245184,19,-,-
12:07:22,34204,0,0,0x0000,VERM,Verm: pack3_mos_status,0,0000000000000000,0,0,0,0,··,··,0000,0.0,0.00,0.000,3336,218628096,3336,218628096,-,-
12:07:22,34205,3336,3336,0x0D08,OK,pack3_max_cell_voltage,3.336 V,0000110100001000,13,8,13,8,··,··,-,333.6,33.36,3.336,218631430,218500360,218631430,218500360,-,-
12:07:22,34206,3334,3334,0x0D06,OK,pack3_min_cell_voltage,3.334 V,0000110100000110,13,6,13,6,··,··,-,333.4,33.34,3.334,218497024,3334,218497024,3334,-,-
12:07:22,34207,0,0,0x0000,OK,pack3_protect1,0 °C,0000000000000000,0,0,0,0,··,··,0000,0.0,0.00,0.000,0,0,0,0,0,0
12:07:22,34208,0,0,0x0000,OK,pack3_protect2,0x0000,0000000000000000,0,0,0,0,··,··,0000,0.0,0.00,0.000,0,0,0,0,0,0
12:07:22,34209,0,0,0x0000,VERM,Verm: pack3_bms_reserved_5a,0x0000,0000000000000000,0,0,0,0,··,··,0000,0.0,0.00,0.000,118,7733248,118,7733248,-,-
12:07:22,34210,118,118,0x0076,OK,pack3_bms_version,118,0000000001110110,0,118,0,118,·v,v·,0076,11.8,1.18,0.118,7733547,19595382,7733547,19595382,-,-
12:07:22,34211,299,299,0x012B,OK,pack3_temp_1,29.900 °C,0000000100101011,1,43,1,43,·+,+·,-,29.9,2.99,0.299,19595502,15597867,19595502,15597867,-,-
12:07:22,34212,238,238,0x00EE,OK,pack3_temp_2,23.800 °C,0000000011101110,0,238,0,-18,··,··,-,23.8,2.38,0.238,15597800,15204590,15597800,15204590,-,-
12:07:22,34213,232,232,0x00E8,OK,pack3_ntc_block,23.200 °C,0000000011101000,0,232,0,-24,··,··,-,23.2,2.32,0.232,15204585,15270120,15204585,15270120,-,-
12:07:22,34214,233,233,0x00E9,OK,pack3_ntc_block[2],23.300 °C,0000000011101001,0,233,0,-23,··,··,-,23.3,2.33,0.233,15270119,15139049,15270119,15139049,-,-
12:07:22,34215,231,231,0x00E7,OK,pack3_ntc_block[3],23.100 °C,0000000011100111,0,231,0,-25,··,··,-,23.1,2.31,0.231,15139047,15139047,15139047,15139047,-,-
12:07:22,34216,231,231,0x00E7,OK,pack3_ntc_block[4],23.100 °C,0000000011100111,0,231,0,-25,··,··,-,23.1,2.31,0.231,15138816,231,15138816,231,-,-
12:07:22,34217,0,0,0x0000,OK,pack3_ntc_unused,0 °C,0000000000000000,0,0,0,0,··,··,0000,0.0,0.00,0.000,3335,218562560,3335,218562560,-,-
12:07:22,34218,3335,3335,0x0D07,OK,pack3_cell_voltage_1_16,3.335 V,0000110100000111,13,7,13,7,··,··,-,333.5,33.35,3.335,218565895,218565895,218565895,218565895,-,-
12:07:22,34219,3335,3335,0x0D07,OK,pack3_cell_voltage_1_16[2],3.335 V,0000110100000111,13,7,13,7,··,··,-,333.5,33.35,3.335,218565894,218500359,218565894,218500359,-,-
12:07:22,34220,3334,3334,0x0D06,OK,pack3_cell_voltage_1_16[3],3.334 V,0000110100000110,13,6,13,6,··,··,-,333.4,33.34,3.334,218500359,218565894,218500359,218565894,-,-
12:07:22,34221,3335,3335,0x0D07,OK,pack3_cell_voltage_1_16[4],3.335 V,0000110100000111,13,7,13,7,··,··,-,333.5,33.35,3.335,218565894,218500359,218565894,218500359,-,-
12:07:22,34222,3334,3334,0x0D06,OK,pack3_cell_voltage_1_16[5],3.334 V,0000110100000110,13,6,13,6,··,··,-,333.4,33.34,3.334,218500360,218631430,218500360,218631430,-,-
12:07:22,34223,3336,3336,0x0D08,OK,pack3_cell_voltage_1_16[6],3.336 V,0000110100001000,13,8,13,8,··,··,-,333.6,33.36,3.336,218631430,218500360,218631430,218500360,-,-
12:07:22,34224,3334,3334,0x0D06,OK,pack3_cell_voltage_1_16[7],3.334 V,0000110100000110,13,6,13,6,··,··,-,333.4,33.34,3.334,218500359,218565894,218500359,218565894,-,-
12:07:22,34225,3335,3335,0x0D07,OK,pack3_cell_voltage_1_16[8],3.335 V,0000110100000111,13,7,13,7,··,··,-,333.5,33.35,3.335,218565894,218500359,218565894,218500359,-,-
12:07:22,34226,3334,3334,0x0D06,OK,pack3_cell_voltage_1_16[9],3.334 V,0000110100000110,13,6,13,6,··,··,-,333.4,33.34,3.334,218500360,218631430,218500360,218631430,-,-
12:07:22,34227,3336,3336,0x0D08,OK,pack3_cell_voltage_1_16[10],3.336 V,0000110100001000,13,8,13,8,··,··,-,333.6,33.36,3.336,218631430,218500360,218631430,218500360,-,-
12:07:22,34228,3334,3334,0x0D06,OK,pack3_cell_voltage_1_16[11],3.334 V,0000110100000110,13,6,13,6,··,··,-,333.4,33.34,3.334,218500359,218565894,218500359,218565894,-,-
12:07:22,34229,3335,3335,0x0D07,OK,pack3_cell_voltage_1_16[12],3.335 V,0000110100000111,13,7,13,7,··,··,-,333.5,33.35,3.335,218565895,218565895,218565895,218565895,-,-
12:07:22,34230,3335,3335,0x0D07,OK,pack3_cell_voltage_1_16[13],3.335 V,0000110100000111,13,7,13,7,··,··,-,333.5,33.35,3.335,218565895,218565895,218565895,218565895,-,-
12:07:22,34231,3335,3335,0x0D07,OK,pack3_cell_voltage_1_16[14],3.335 V,0000110100000111,13,7,13,7,··,··,-,333.5,33.35,3.335,218565894,218500359,218565894,218500359,-,-
12:07:22,34232,3334,3334,0x0D06,OK,pack3_cell_voltage_1_16[15],3.334 V,0000110100000110,13,6,13,6,··,··,-,333.4,33.34,3.334,218500358,218500358,218500358,218500358,-,-
12:07:22,34233,3334,3334,0x0D06,OK,pack3_cell_voltage_1_16[16],3.334 V,0000110100000110,13,6,13,6,··,··,-,333.4,33.34,3.334,,,,,,
12:07:23,34300,5281,5281,0x14A1,OK,pack4_bat_volt,52.810 V,0001010010100001,20,161,20,-95,··,··,-,528.1,52.81,5.281,346095616,5281,346095616,5281,-,-
12:07:23,34301,0,0,0x0000,OK,pack4_bat_curr,0 A,0000000000000000,0,0,0,0,··,··,0000,0.0,0.00,0.000,696,45613056,696,45613056,-,-
12:07:23,34302,696,696,0x02B8,VERM,Verm: pack4_soc,69.600 %,0000001010111000,2,184,2,-72,··,··,-,69.6,6.96,0.696,45613075,1245880,45613075,1245880,-,-
12:07:23,34303,19,19,0x0013,OK,pack4_cycle_count,19,0000000000010011,0,19,0,19,··,··,0013,1.9,0.19,0.019,1245184,19,1245184,19,-,-
12:07:23,34304,0,0,0x0000,VERM,Verm: pack4_mos_status,0,0000000000000000,0,0,0,0,··,··,0000,0.0,0.00,0.000,3302,216399872,3302,216399872,-,-
12:07:23,34305,3302,3302,0x0CE6,OK,pack4_max_cell_voltage,3.302 V,0000110011100110,12,230,12,-26,··,··,-,330.2,33.02,3.302,216403172,216272102,216403172,216272102,-,-
12:07:23,34306,3300,3300,0x0CE4,OK,pack4_min_cell_voltage,3.300 V,0000110011100100,12,228,12,-28,··,··,-,330.0,33.00,3.300,216268800,3300,216268800,3300,-,-
12:07:23,34307,0,0,0x0000,OK,pack4_protect1,0 °C,0000000000000000,0,0,0,0,··,··,0000,0.0,0.00,0.000,0,0,0,0,0,0
12:07:23,34308,0,0,0x0000,OK,pack4_protect2,0x0000,0000000000000000,0,0,0,0,··,··,0000,0.0,0.00,0.000,0,0,0,0,0,0
12:07:23,34309,0,0,0x0000,VERM,Verm: pack4_bms_reserved_5a,0x0000,0000000000000000,0,0,0,0,··,··,0000,0.0,0.00,0.000,118,7733248,118,7733248,-,-
12:07:23,34310,118,118,0x0076,OK,pack4_bms_version,118,0000000001110110,0,118,0,118,·v,v·,0076,11.8,1.18,0.118,7733553,19988598,7733553,19988598,-,-
12:07:23,34311,305,305,0x0131,OK,pack4_temp_1,30.500 °C,0000000100110001,1,49,1,49,·1,1·,0131,30.5,3.05,0.305,19988724,15991089,19988724,15991089,-,-
12:07:23,34312,244,244,0x00F4,OK,pack4_temp_2,24.400 °C,0000000011110100,0,244,0,-12,··,··,-,24.4,2.44,0.244,15991017,15270132,15991017,15270132,-,-
12:07:23,34313,233,233,0x00E9,OK,pack4_ntc_block,23.300 °C,0000000011101001,0,233,0,-23,··,··,-,23.3,2.33,0.233,15270124,15466729,15270124,15466729,-,-
12:07:23,34314,236,236,0x00EC,OK,pack4_ntc_block[2],23.600 °C,0000000011101100,0,236,0,-20,··,··,-,23.6,2.36,0.236,15466727,15139052,15466727,15139052,-,-
12:07:23,34315,231,231,0x00E7,OK,pack4_ntc_block[3],23.100 °C,0000000011100111,0,231,0,-25,··,··,-,23.1,2.31,0.231,15139052,15466727,15139052,15466727,-,-
12:07:23,34316,236,236,0x00EC,OK,pack4_ntc_block[4],23.600 °C,0000000011101100,0,236,0,-20,··,··,-,23.6,2.36,0.236,15466496,236,15466496,236,-,-
12:07:23,34317,0,0,0x0000,OK,pack4_ntc_unused,0 °C,0000000000000000,0,0,0,0,··,··,0000,0.0,0.00,0.000,3302,216399872,3302,216399872,-,-
12:07:23,34318,3302,3302,0x0CE6,OK,pack4_cell_voltage_1_16,3.302 V,0000110011100110,12,230,12,-26,··,··,-,330.2,33.02,3.302,216403174,216403174,216403174,216403174,-,-
12:07:23,34319,3302,3302,0x0CE6,OK,pack4_cell_voltage_1_16[2],3.302 V,0000110011100110,12,230,12,-26,··,··,-,330.2,33.02,3.302,216403172,216272102,216403172,216272102,-,-
12:07:23,34320,3300,3300,0x0CE4,OK,pack4_cell_voltage_1_16[3],3.300 V,0000110011100100,12,228,12,-28,··,··,-,330.0,33.00,3.300,216272101,216337636,216272101,216337636,-,-
12:07:23,34321,3301,3301,0x0CE5,OK,pack4_cell_voltage_1_16[4],3.301 V,0000110011100101,12,229,12,-27,··,··,-,330.1,33.01,3.301,216337636,216272101,216337636,216272101,-,-
12:07:23,34322,3300,3300,0x0CE4,OK,pack4_cell_voltage_1_16[5],3.300 V,0000110011100100,12,228,12,-28,··,··,-,330.0,33.00,3.300,216272101,216337636,216272101,216337636,-,-
12:07:23,34323,3301,3301,0x0CE5,OK,pack4_cell_voltage_1_16[6],3.301 V,0000110011100101,12,229,12,-27,··,··,-,330.1,33.01,3.301,216337637,216337637,216337637,216337637,-,-
12:07:23,34324,3301,3301,0x0CE5,OK,pack4_cell_voltage_1_16[7],3.301 V,0000110011100101,12,229,12,-27,··,··,-,330.1,33.01,3.301,216337638,216403173,216337638,216403173,-,-
12:07:23,34325,3302,3302,0x0CE6,OK,pack4_cell_voltage_1_16[8],3.302 V,0000110011100110,12,230,12,-26,··,··,-,330.2,33.02,3.302,216403173,216337638,216403173,216337638,-,-
12:07:23,34326,3301,3301,0x0CE5,OK,pack4_cell_voltage_1_16[9],3.301 V,0000110011100101,12,229,12,-27,··,··,-,330.1,33.01,3.301,216337638,216403173,216337638,216403173,-,-
12:07:23,34327,3302,3302,0x0CE6,OK,pack4_cell_voltage_1_16[10],3.302 V,0000110011100110,12,230,12,-26,··,··,-,330.2,33.02,3.302,216403173,216337638,216403173,216337638,-,-
12:07:23,34328,3301,3301,0x0CE5,OK,pack4_cell_voltage_1_16[11],3.301 V,0000110011100101,12,229,12,-27,··,··,-,330.1,33.01,3.301,216337638,216403173,216337638,216403173,-,-
12:07:23,34329,3302,3302,0x0CE6,OK,pack4_cell_voltage_1_16[12],3.302 V,0000110011100110,12,230,12,-26,··,··,-,330.2,33.02,3.302,216403173,216337638,216403173,216337638,-,-
12:07:23,34330,3301,3301,0x0CE5,OK,pack4_cell_voltage_1_16[13],3.301 V,0000110011100101,12,229,12,-27,··,··,-,330.1,33.01,3.301,216337638,216403173,216337638,216403173,-,-
12:07:23,34331,3302,3302,0x0CE6,OK,pack4_cell_voltage_1_16[14],3.302 V,0000110011100110,12,230,12,-26,··,··,-,330.2,33.02,3.302,216403172,216272102,216403172,216272102,-,-
12:07:23,34332,3300,3300,0x0CE4,OK,pack4_cell_voltage_1_16[15],3.300 V,0000110011100100,12,228,12,-28,··,··,-,330.0,33.00,3.300,216272100,216272100,216272100,216272100,-,-
12:07:23,34333,3300,3300,0x0CE4,OK,pack4_cell_voltage_1_16[16],3.300 V,0000110011100100,12,228,12,-28,··,··,-,330.0,33.00,3.300,,,,,,
12:07:23,34400,5339,5339,0x14DB,OK,pack5_bat_volt,53.390 V,0001010011011011,20,219,20,-37,··,··,-,533.9,53.39,5.339,349896704,5339,349896704,5339,-,-
12:07:23,34401,0,0,0x0000,OK,pack5_bat_curr,0 A,0000000000000000,0,0,0,0,··,··,0000,0.0,0.00,0.000,698,45744128,698,45744128,-,-
12:07:23,34402,698,698,0x02BA,VERM,Verm: pack5_soc,69.800 %,0000001010111010,2,186,2,-70,··,··,-,69.8,6.98,0.698,45744190,4063930,45744190,4063930,-,-
12:07:23,34403,62,62,0x003E,OK,pack5_cycle_count,62,0000000000111110,0,62,0,62,·>,>·,-,6.2,0.62,0.062,4063232,62,4063232,62,-,-
12:07:23,34404,0,0,0x0000,VERM,Verm: pack5_mos_status,0,0000000000000000,0,0,0,0,··,··,0000,0.0,0.00,0.000,3339,218824704,3339,218824704,-,-
12:07:23,34405,3339,3339,0x0D0B,OK,pack5_max_cell_voltage,3.339 V,0000110100001011,13,11,13,11,··,··,-,333.9,33.39,3.339,218828040,218631435,218828040,218631435,-,-
12:07:23,34406,3336,3336,0x0D08,OK,pack5_min_cell_voltage,3.336 V,0000110100001000,13,8,13,8,··,··,-,333.6,33.36,3.336,218628096,3336,218628096,3336,-,-
12:07:23,34407,0,0,0x0000,OK,pack5_protect1,0 °C,0000000000000000,0,0,0,0,··,··,0000,0.0,0.00,0.000,0,0,0,0,0,0
12:07:23,34408,0,0,0x0000,OK,pack5_protect2,0x0000,0000000000000000,0,0,0,0,··,··,0000,0.0,0.00,0.000,0,0,0,0,0,0
12:07:23,34409,0,0,0x0000,VERM,Verm: pack5_bms_reserved_5a,0x0000,0000000000000000,0,0,0,0,··,··,0000,0.0,0.00,0.000,118,7733248,118,7733248,-,-
12:07:23,34410,118,118,0x0076,OK,pack5_bms_version,118,0000000001110110,0,118,0,118,·v,v·,0076,11.8,1.18,0.118,7733550,19791990,7733550,19791990,-,-
12:07:23,34411,302,302,0x012E,OK,pack5_temp_1,30.200 °C,0000000100101110,1,46,1,46,·.,.·,-,30.2,3.02,0.302,19792108,15466798,19792108,15466798,-,-
12:07:23,34412,236,236,0x00EC,OK,pack5_temp_2,23.600 °C,0000000011101100,0,236,0,-20,··,··,-,23.6,2.36,0.236,15466721,14745836,15466721,14745836,-,-
12:07:23,34413,225,225,0x00E1,OK,pack5_ntc_block,22.500 °C,0000000011100001,0,225,0,-31,··,··,-,22.5,2.25,0.225,14745826,14811361,14745826,14811361,-,-
12:07:23,34414,226,226,0x00E2,OK,pack5_ntc_block[2],22.600 °C,0000000011100010,0,226,0,-30,··,··,-,22.6,2.26,0.226,14811360,14680290,14811360,14680290,-,-
12:07:23,34415,224,224,0x00E0,OK,pack5_ntc_block[3],22.400 °C,0000000011100000,0,224,0,-32,··,··,-,22.4,2.24,0.224,14680287,14614752,14680287,14614752,-,-
12:07:23,34416,223,223,0x00DF,OK,pack5_ntc_block[4],22.300 °C,0000000011011111,0,223,0,-33,··,··,-,22.3,2.23,0.223,14614528,223,14614528,223,-,-
12:07:23,34417,0,0,0x0000,OK,pack5_ntc_unused,0 °C,0000000000000000,0,0,0,0,··,··,0000,0.0,0.00,0.000,3337,218693632,3337,218693632,-,-
12:07:23,34418,3337,3337,0x0D09,OK,pack5_cell_voltage_1_16,3.337 V,0000110100001001,13,9,13,9,··,··,-,333.7,33.37,3.337,218696969,218696969,218696969,218696969,-,-
12:07:23,34419,3337,3337,0x0D09,OK,pack5_cell_voltage_1_16[2],3.337 V,0000110100001001,13,9,13,9,··,··,-,333.7,33.37,3.337,218696969,218696969,218696969,218696969,-,-
12:07:23,34420,3337,3337,0x0D09,OK,pack5_cell_voltage_1_16[3],3.337 V,0000110100001001,13,9,13,9,··,··,-,333.7,33.37,3.337,218696969,218696969,218696969,218696969,-,-
12:07:23,34421,3337,3337,0x0D09,OK,pack5_cell_voltage_1_16[4],3.337 V,0000110100001001,13,9,13,9,··,··,-,333.7,33.37,3.337,218696968,218631433,218696968,218631433,-,-
12:07:23,34422,3336,3336,0x0D08,OK,pack5_cell_voltage_1_16[5],3.336 V,0000110100001000,13,8,13,8,··,··,-,333.6,33.36,3.336,218631435,218828040,218631435,218828040,-,-
12:07:23,34423,3339,3339,0x0D0B,OK,pack5_cell_voltage_1_16[6],3.339 V,0000110100001011,13,11,13,11,··,··,-,333.9,33.39,3.339,218828040,218631435,218828040,218631435,-,-
12:07:23,34424,3336,3336,0x0D08,OK,pack5_cell_voltage_1_16[7],3.336 V,0000110100001000,13,8,13,8,··,··,-,333.6,33.36,3.336,218631434,218762504,218631434,218762504,-,-
12:07:23,34425,3338,3338,0x0D0A,OK,pack5_cell_voltage_1_16[8],3.338 V,0000110100001010,13,10,13,10,··,··,-,333.8,33.38,3.338,218762506,218762506,218762506,218762506,-,-
12:07:23,34426,3338,3338,0x0D0A,OK,pack5_cell_voltage_1_16[9],3.338 V,0000110100001010,13,10,13,10,··,··,-,333.8,33.38,3.338,218762505,218696970,218762505,218696970,-,-
12:07:23,34427,3337,3337,0x0D09,OK,pack5_cell_voltage_1_16[10],3.337 V,0000110100001001,13,9,13,9,··,··,-,333.7,33.37,3.337,218696969,218696969,218696969,218696969,-,-
12:07:23,34428,3337,3337,0x0D09,OK,pack5_cell_voltage_1_16[11],3.337 V,0000110100001001,13,9,13,9,··,··,-,333.7,33.37,3.337,218696970,218762505,218696970,218762505,-,-
12:07:23,34429,3338,3338,0x0D0A,OK,pack5_cell_voltage_1_16[12],3.338 V,0000110100001010,13,10,13,10,··,··,-,333.8,33.38,3.338,218762505,218696970,218762505,218696970,-,-
12:07:23,34430,3337,3337,0x0D09,OK,pack5_cell_voltage_1_16[13],3.337 V,0000110100001001,13,9,13,9,··,··,-,333.7,33.37,3.337,218696970,218762505,218696970,218762505,-,-
12:07:23,34431,3338,3338,0x0D0A,OK,pack5_cell_voltage_1_16[14],3.338 V,0000110100001010,13,10,13,10,··,··,-,333.8,33.38,3.338,218762504,218631434,218762504,218631434,-,-
12:07:24,34432,3336,3336,0x0D08,OK,pack5_cell_voltage_1_16[15],3.336 V,0000110100001000,13,8,13,8,··,··,-,333.6,33.36,3.336,218631432,218631432,218631432,218631432,-,-
12:07:24,34433,3336,3336,0x0D08,OK,pack5_cell_voltage_1_16[16],3.336 V,0000110100001000,13,8,13,8,··,··,-,333.6,33.36,3.336,,,,,,
12:07:24,34500,5338,5338,0x14DA,OK,pack6_bat_volt,53.380 V,0001010011011010,20,218,20,-38,··,··,-,533.8,53.38,5.338,349831168,5338,349831168,5338,-,-
12:07:24,34501,0,0,0x0000,OK,pack6_bat_curr,0 A,0000000000000000,0,0,0,0,··,··,0000,0.0,0.00,0.000,697,45678592,697,45678592,-,-
12:07:24,34502,697,697,0x02B9,VERM,Verm: pack6_soc,69.700 %,0000001010111001,2,185,2,-71,··,··,-,69.7,6.97,0.697,45678648,3670713,45678648,3670713,-,-
12:07:24,34503,56,56,0x0038,OK,pack6_cycle_count,56,0000000000111000,0,56,0,56,·8,8·,0038,5.6,0.56,0.056,3670016,56,3670016,56,-,-
12:07:24,34504,0,0,0x0000,VERM,Verm: pack6_mos_status,0,0000000000000000,0,0,0,0,··,··,0000,0.0,0.00,0.000,3338,218759168,3338,218759168,-,-
12:07:24,34505,3338,3338,0x0D0A,OK,pack6_max_cell_voltage,3.338 V,0000110100001010,13,10,13,10,··,··,-,333.8,33.38,3.338,218762504,218631434,218762504,218631434,-,-
12:07:24,34506,3336,3336,0x0D08,OK,pack6_min_cell_voltage,3.336 V,0000110100001000,13,8,13,8,··,··,-,333.6,33.36,3.336,218628096,3336,218628096,3336,-,-
12:07:24,34507,0,0,0x0000,OK,pack6_protect1,0 °C,0000000000000000,0,0,0,0,··,··,0000,0.0,0.00,0.000,0,0,0,0,0,0
12:07:24,34508,0,0,0x0000,OK,pack6_protect2,0x0000,0000000000000000,0,0,0,0,··,··,0000,0.0,0.00,0.000,0,0,0,0,0,0
12:07:24,34509,0,0,0x0000,VERM,Verm: pack6_bms_reserved_5a,0x0000,0000000000000000,0,0,0,0,··,··,0000,0.0,0.00,0.000,118,7733248,118,7733248,-,-
12:07:24,34510,118,118,0x0076,OK,pack6_bms_version,118,0000000001110110,0,118,0,118,·v,v·,0076,11.8,1.18,0.118,7733537,18940022,7733537,18940022,-,-
12:07:24,34511,289,289,0x0121,OK,pack6_temp_1,28.900 °C,0000000100100001,1,33,1,33,·!,!·,0121,28.9,2.89,0.289,18940131,14876961,18940131,14876961,-,-
12:07:24,34512,227,227,0x00E3,OK,pack6_temp_2,22.700 °C,0000000011100011,0,227,0,-29,··,··,-,22.7,2.27,0.227,14876894,14549219,14876894,14549219,-,-
12:07:24,34513,222,222,0x00DE,OK,pack6_ntc_block,22.200 °C,0000000011011110,0,222,0,-34,··,··,-,22.2,2.22,0.222,14549213,14483678,14549213,14483678,-,-
12:07:24,34514,221,221,0x00DD,OK,pack6_ntc_block[2],22.100 °C,0000000011011101,0,221,0,-35,··,··,-,22.1,2.21,0.221,14483676,14418141,14483676,14418141,-,-
12:07:24,34515,220,220,0x00DC,OK,pack6_ntc_block[3],22 °C,0000000011011100,0,220,0,-36,··,··,-,22.0,2.20,0.220,14418142,14549212,14418142,14549212,-,-
12:07:24,34516,222,222,0x00DE,OK,pack6_ntc_block[4],22.200 °C,0000000011011110,0,222,0,-34,··,··,-,22.2,2.22,0.222,14548992,222,14548992,222,-,-
12:07:24,34517,0,0,0x0000,OK,pack6_ntc_unused,0 °C,0000000000000000,0,0,0,0,··,··,0000,0.0,0.00,0.000,3337,218693632,3337,218693632,-,-
12:07:24,34518,3337,3337,0x0D09,OK,pack6_cell_voltage_1_16,3.337 V,0000110100001001,13,9,13,9,··,··,-,333.7,33.37,3.337,218696969,218696969,218696969,218696969,-,-
12:07:24,34519,3337,3337,0x0D09,OK,pack6_cell_voltage_1_16[2],3.337 V,0000110100001001,13,9,13,9,··,··,-,333.7,33.37,3.337,218696969,218696969,218696969,218696969,-,-
12:07:24,34520,3337,3337,0x0D09,OK,pack6_cell_voltage_1_16[3],3.337 V,0000110100001001,13,9,13,9,··,··,-,333.7,33.37,3.337,218696969,218696969,218696969,218696969,-,-
12:07:24,34521,3337,3337,0x0D09,OK,pack6_cell_voltage_1_16[4],3.337 V,0000110100001001,13,9,13,9,··,··,-,333.7,33.37,3.337,218696968,218631433,218696968,218631433,-,-
12:07:24,34522,3336,3336,0x0D08,OK,pack6_cell_voltage_1_16[5],3.336 V,0000110100001000,13,8,13,8,··,··,-,333.6,33.36,3.336,218631433,218696968,218631433,218696968,-,-
12:07:24,34523,3337,3337,0x0D09,OK,pack6_cell_voltage_1_16[6],3.337 V,0000110100001001,13,9,13,9,··,··,-,333.7,33.37,3.337,218696968,218631433,218696968,218631433,-,-
12:07:24,34524,3336,3336,0x0D08,OK,pack6_cell_voltage_1_16[7],3.336 V,0000110100001000,13,8,13,8,··,··,-,333.6,33.36,3.336,218631433,218696968,218631433,218696968,-,-
12:07:24,34525,3337,3337,0x0D09,OK,pack6_cell_voltage_1_16[8],3.337 V,0000110100001001,13,9,13,9,··,··,-,333.7,33.37,3.337,218696968,218631433,218696968,218631433,-,-
12:07:24,34526,3336,3336,0x0D08,OK,pack6_cell_voltage_1_16[9],3.336 V,0000110100001000,13,8,13,8,··,··,-,333.6,33.36,3.336,218631434,218762504,218631434,218762504,-,-
12:07:24,34527,3338,3338,0x0D0A,OK,pack6_cell_voltage_1_16[10],3.338 V,0000110100001010,13,10,13,10,··,··,-,333.8,33.38,3.338,218762505,218696970,218762505,218696970,-,-
12:07:24,34528,3337,3337,0x0D09,OK,pack6_cell_voltage_1_16[11],3.337 V,0000110100001001,13,9,13,9,··,··,-,333.7,33.37,3.337,218696969,218696969,218696969,218696969,-,-
12:07:24,34529,3337,3337,0x0D09,OK,pack6_cell_voltage_1_16[12],3.337 V,0000110100001001,13,9,13,9,··,··,-,333.7,33.37,3.337,218696969,218696969,218696969,218696969,-,-
12:07:24,34530,3337,3337,0x0D09,OK,pack6_cell_voltage_1_16[13],3.337 V,0000110100001001,13,9,13,9,··,··,-,333.7,33.37,3.337,218696969,218696969,218696969,218696969,-,-
12:07:24,34531,3337,3337,0x0D09,OK,pack6_cell_voltage_1_16[14],3.337 V,0000110100001001,13,9,13,9,··,··,-,333.7,33.37,3.337,218696968,218631433,218696968,218631433,-,-
12:07:24,34532,3336,3336,0x0D08,OK,pack6_cell_voltage_1_16[15],3.336 V,0000110100001000,13,8,13,8,··,··,-,333.6,33.36,3.336,218631432,218631432,218631432,218631432,-,-
12:07:24,34533,3336,3336,0x0D08,OK,pack6_cell_voltage_1_16[16],3.336 V,0000110100001000,13,8,13,8,··,··,-,333.6,33.36,3.336,,,,,,
12:07:25,34600,0,0,0x0000,OK,pack7_bat_volt,0 V,0000000000000000,0,0,0,0,··,··,0000,0.0,0.00,0.000,0,0,0,0,0,0
12:07:25,34601,0,0,0x0000,OK,pack7_bat_curr,0 A,0000000000000000,0,0,0,0,··,··,0000,0.0,0.00,0.000,0,0,0,0,0,0
12:07:25,34602,0,0,0x0000,VERM,Verm: pack7_soc,0 %,0000000000000000,0,0,0,0,··,··,0000,0.0,0.00,0.000,0,0,0,0,0,0
12:07:25,34603,0,0,0x0000,OK,pack7_cycle_count,0,0000000000000000,0,0,0,0,··,··,0000,0.0,0.00,0.000,0,0,0,0,0,0
12:07:25,34604,0,0,0x0000,VERM,Verm: pack7_mos_status,0,0000000000000000,0,0,0,0,··,··,0000,0.0,0.00,0.000,0,0,0,0,0,0
12:07:25,34605,0,0,0x0000,OK,pack7_max_cell_voltage,0 V,0000000000000000,0,0,0,0,··,··,0000,0.0,0.00,0.000,0,0,0,0,0,0
12:07:25,34606,0,0,0x0000,OK,pack7_min_cell_voltage,0 V,0000000000000000,0,0,0,0,··,··,0000,0.0,0.00,0.000,0,0,0,0,0,0
12:07:25,34607,0,0,0x0000,OK,pack7_protect1,0 °C,0000000000000000,0,0,0,0,··,··,0000,0.0,0.00,0.000,0,0,0,0,0,0
12:07:25,34608,0,0,0x0000,OK,pack7_protect2,0x0000,0000000000000000,0,0,0,0,··,··,0000,0.0,0.00,0.000,0,0,0,0,0,0
12:07:25,34609,0,0,0x0000,VERM,Verm: pack7_bms_reserved_5a,0x0000,0000000000000000,0,0,0,0,··,··,0000,0.0,0.00,0.000,0,0,0,0,0,0
12:07:25,34610,0,0,0x0000,OK,pack7_bms_version,0,0000000000000000,0,0,0,0,··,··,0000,0.0,0.00,0.000,0,0,0,0,0,0
12:07:25,34611,0,0,0x0000,OK,pack7_temp_1,0 °C,0000000000000000,0,0,0,0,··,··,0000,0.0,0.00,0.000,0,0,0,0,0,0
12:07:25,34612,0,0,0x0000,OK,pack7_temp_2,0 °C,0000000000000000,0,0,0,0,··,··,0000,0.0,0.00,0.000,0,0,0,0,0,0
12:07:25,34613,0,0,0x0000,OK,pack7_ntc_block,0 °C,0000000000000000,0,0,0,0,··,··,0000,0.0,0.00,0.000,0,0,0,0,0,0
12:07:25,34614,0,0,0x0000,OK,pack7_ntc_block[2],0 °C,0000000000000000,0,0,0,0,··,··,0000,0.0,0.00,0.000,0,0,0,0,0,0
12:07:25,34615,0,0,0x0000,OK,pack7_ntc_block[3],0 °C,0000000000000000,0,0,0,0,··,··,0000,0.0,0.00,0.000,0,0,0,0,0,0
12:07:25,34616,0,0,0x0000,OK,pack7_ntc_block[4],0 °C,0000000000000000,0,0,0,0,··,··,0000,0.0,0.00,0.000,0,0,0,0,0,0
12:07:25,34617,0,0,0x0000,OK,pack7_ntc_unused,0 °C,0000000000000000,0,0,0,0,··,··,0000,0.0,0.00,0.000,0,0,0,0,0,0
12:07:25,34618,0,0,0x0000,OK,pack7_cell_voltage_1_16,0 V,0000000000000000,0,0,0,0,··,··,0000,0.0,0.00,0.000,0,0,0,0,0,0
12:07:25,34619,0,0,0x0000,OK,pack7_cell_voltage_1_16[2],0 V,0000000000000000,0,0,0,0,··,··,0000,0.0,0.00,0.000,0,0,0,0,0,0
12:07:25,34620,0,0,0x0000,OK,pack7_cell_voltage_1_16[3],0 V,0000000000000000,0,0,0,0,··,··,0000,0.0,0.00,0.000,0,0,0,0,0,0
12:07:25,34621,0,0,0x0000,OK,pack7_cell_voltage_1_16[4],0 V,0000000000000000,0,0,0,0,··,··,0000,0.0,0.00,0.000,0,0,0,0,0,0
12:07:25,34622,0,0,0x0000,OK,pack7_cell_voltage_1_16[5],0 V,0000000000000000,0,0,0,0,··,··,0000,0.0,0.00,0.000,0,0,0,0,0,0
12:07:25,34623,0,0,0x0000,OK,pack7_cell_voltage_1_16[6],0 V,0000000000000000,0,0,0,0,··,··,0000,0.0,0.00,0.000,0,0,0,0,0,0
12:07:25,34624,0,0,0x0000,OK,pack7_cell_voltage_1_16[7],0 V,0000000000000000,0,0,0,0,··,··,0000,0.0,0.00,0.000,0,0,0,0,0,0
12:07:25,34625,0,0,0x0000,OK,pack7_cell_voltage_1_16[8],0 V,0000000000000000,0,0,0,0,··,··,0000,0.0,0.00,0.000,0,0,0,0,0,0
12:07:25,34626,0,0,0x0000,OK,pack7_cell_voltage_1_16[9],0 V,0000000000000000,0,0,0,0,··,··,0000,0.0,0.00,0.000,0,0,0,0,0,0
12:07:25,34627,0,0,0x0000,OK,pack7_cell_voltage_1_16[10],0 V,0000000000000000,0,0,0,0,··,··,0000,0.0,0.00,0.000,0,0,0,0,0,0
12:07:25,34628,0,0,0x0000,OK,pack7_cell_voltage_1_16[11],0 V,0000000000000000,0,0,0,0,··,··,0000,0.0,0.00,0.000,0,0,0,0,0,0
12:07:25,34629,0,0,0x0000,OK,pack7_cell_voltage_1_16[12],0 V,0000000000000000,0,0,0,0,··,··,0000,0.0,0.00,0.000,0,0,0,0,0,0
12:07:25,34630,0,0,0x0000,OK,pack7_cell_voltage_1_16[13],0 V,0000000000000000,0,0,0,0,··,··,0000,0.0,0.00,0.000,0,0,0,0,0,0
12:07:25,34631,0,0,0x0000,OK,pack7_cell_voltage_1_16[14],0 V,0000000000000000,0,0,0,0,··,··,0000,0.0,0.00,0.000,0,0,0,0,0,0
12:07:25,34632,0,0,0x0000,OK,pack7_cell_voltage_1_16[15],0 V,0000000000000000,0,0,0,0,··,··,0000,0.0,0.00,0.000,0,0,0,0,0,0
12:07:25,34633,0,0,0x0000,OK,pack7_cell_voltage_1_16[16],0 V,0000000000000000,0,0,0,0,··,··,0000,0.0,0.00,0.000,,,,,,
12:07:25,35000,254,254,0x00FE,OK,env_temp,25.400 °C,0000000011111110,0,254,0,-2,··,··,-,25.4,2.54,0.254,16646406,17170686,16646406,17170686,-,-
12:07:25,35001,262,262,0x0106,OK,radiator_temp,26.200 °C,0000000100000110,1,6,1,6,··,··,0106,26.2,2.62,0.262,17170694,17170694,17170694,17170694,-,-
12:07:25,35002,262,262,0x0106,OK,radiator_temp_dup,26.200 °C,0000000100000110,1,6,1,6,··,··,0106,26.2,2.62,0.262,,,,,,
12:07:25,35010,237,237,0x00ED,OK,bms_battery_temp,23.700 °C,0000000011101101,0,237,0,-19,··,··,-,23.7,2.37,0.237,15532234,13238509,15532234,13238509,-,-
12:07:25,35011,202,202,0x00CA,VERM,Verm: pack1_min_cell_temp_mirror,20.200 °C,0000000011001010,0,202,0,-54,··,··,-,20.2,2.02,0.202,,,,,,
12:07:26,35100,1,1,0x0001,OK,inv_state,1,0000000000000001,0,1,0,1,··,··,0001,0.1,0.01,0.001,,,,,,
12:07:26,35110,576,576,0x0240,OK,bms_charge_voltage_limit,57.600 V,0000001001000000,2,64,2,64,·@,@·,0240,57.6,5.76,0.576,37749236,32768576,37749236,32768576,-,-
12:07:26,35111,500,500,0x01F4,OK,bms_charge_current_limit,50 A,0000000111110100,1,244,1,-12,··,··,-,50.0,5.00,0.500,32768500,32768500,32768500,32768500,-,-
12:07:26,35112,500,500,0x01F4,OK,bms_discharge_current_limit,50 A,0000000111110100,1,244,1,-12,··,··,-,50.0,5.00,0.500,,,,,,
12:07:26,36000,0,0,0x0000,OK,warn_code,0x0000,0000000000000000,0,0,0,0,··,··,0000,0.0,0.00,0.000,0,0,0,0,0,0
12:07:26,36001,0,0,0x0000,OK,warn_code_w2,0x0000,0000000000000000,0,0,0,0,··,··,0000,0.0,0.00,0.000,,,,,,
12:07:27,36100,32,32,0x0020,OK,error_code1,0x0020,0000000000100000,0,32,0,32,· , ·,0020,3.2,0.32,0.032,2097152,32,2097152,32,-,-
12:07:27,36101,0,0,0x0000,OK,error_code1_w2,0x0000,0000000000000000,0,0,0,0,··,··,0000,0.0,0.00,0.000,0,0,0,0,0,0
12:07:27,36102,0,0,0x0000,OK,error_code2,0x0000,0000000000000000,0,0,0,0,··,··,0000,0.0,0.00,0.000,0,0,0,0,0,0
12:07:27,36103,0,0,0x0000,OK,error_code2_w2,0x0000,0000000000000000,0,0,0,0,··,··,0000,0.0,0.00,0.000,,,,,,
12:07:27,37000,1,1,0x0001,OK,modbus_slave_address,,0000000000000001,0,1,0,1,··,··,0001,0.1,0.01,0.001,65536,1,65536,1,-,-
12:07:27,37001,0,0,0x0000,UNB,Unb: status_block_offset8,,0000000000000000,0,0,0,0,··,··,0000,0.0,0.00,0.000,0,0,0,0,0,0
12:07:27,37002,0,0,0x0000,OK,max_charge_power,,0000000000000000,0,0,0,0,··,··,0000,0.0,0.00,0.000,0,0,0,0,0,0
12:07:27,37003,0,0,0x0000,OK,max_discharge_power,,0000000000000000,0,0,0,0,··,··,0000,0.0,0.00,0.000,0,0,0,0,0,0
12:07:27,37004,0,0,0x0000,OK,grid_sample_power,0 W,0000000000000000,0,0,0,0,··,··,0000,0.0,0.00,0.000,47,3080192,47,3080192,-,-
12:07:27,37005,47,47,0x002F,OK,pack1_soc_scaled,47 %,0000000000101111,0,47,0,47,·/,/·,-,4.7,0.47,0.047,3080403,13828143,3080403,13828143,-,-
12:07:27,37006,211,211,0x00D3,VERM,Verm: pack1_max_cell_temp_mirror,21.100 °C,0000000011010011,0,211,0,-45,··,··,-,21.1,2.11,0.211,13831384,215482579,13831384,215482579,-,-
12:07:27,37007,3288,3288,0x0CD8,OK,pack1_max_cell_voltage,3.288 V,0000110011011000,12,216,12,-40,··,··,-,328.8,32.88,3.288,215485654,215354584,215485654,215354584,-,-
12:07:27,37008,3286,3286,0x0CD6,OK,pack1_min_cell_voltage,3.286 V,0000110011010110,12,214,12,-42,··,··,-,328.6,32.86,3.286,215351296,3286,215351296,3286,-,-
12:07:27,37009,0,0,0x0000,VERM,Verm: block_34007_34008,,0000000000000000,0,0,0,0,··,··,0000,0.0,0.00,0.000,16384,1073741824,16384,1073741824,-,2
12:07:27,37010,16384,16384,0x4000,VERM,Verm: block_34007_34008[2],,0100000000000000,64,0,64,0,@·,·@,4000,1638.4,163.84,16.384,1073741824,16384,1073741824,16384,2,-
12:07:27,37011,0,0,0x0000,OK,block_34009_34010,,0000000000000000,0,0,0,0,··,··,0000,0.0,0.00,0.000,117,7667712,117,7667712,-,-
12:07:27,37012,117,117,0x0075,OK,block_34009_34010[2],,0000000001110101,0,117,0,117,·u,u·,0075,11.7,1.17,0.117,7667744,2097269,7667744,2097269,-,-
12:07:27,37013,32,32,0x0020,OK,error_code1,,0000000000100000,0,32,0,32,· , ·,0020,3.2,0.32,0.032,2097152,32,2097152,32,-,-
12:07:27,37014,0,0,0x0000,OK,error_code1_w2,,0000000000000000,0,0,0,0,··,··,0000,0.0,0.00,0.000,0,0,0,0,0,0
12:07:27,37015,0,0,0x0000,OK,error_code2,,0000000000000000,0,0,0,0,··,··,0000,0.0,0.00,0.000,0,0,0,0,0,0
12:07:27,37016,0,0,0x0000,OK,error_code2_w2,,0000000000000000,0,0,0,0,··,··,0000,0.0,0.00,0.000,0,0,0,0,0,0
12:07:27,37017,0,0,0x0000,OK,mppt1_power,0 W,0000000000000000,0,0,0,0,··,··,0000,0.0,0.00,0.000,0,0,0,0,0,0
12:07:27,37018,0,0,0x0000,OK,mppt2_power,0 W,0000000000000000,0,0,0,0,··,··,0000,0.0,0.00,0.000,0,0,0,0,0,0
12:07:27,37019,0,0,0x0000,OK,mppt3_power,0 W,0000000000000000,0,0,0,0,··,··,0000,0.0,0.00,0.000,0,0,0,0,0,0
12:07:27,37020,0,0,0x0000,OK,mppt4_power,0 W,0000000000000000,0,0,0,0,··,··,0000,0.0,0.00,0.000,0,0,0,0,0,0
12:07:27,37021,0,0,0x0000,VERM,Verm: pv_year_capacity,,0000000000000000,0,0,0,0,··,··,0000,0.0,0.00,0.000,0,0,0,0,0,0
12:07:27,37022,0,0,0x0000,VERM,Verm: pv_year_capacity_w2,,0000000000000000,0,0,0,0,··,··,0000,0.0,0.00,0.000,0,0,0,0,0,0
12:07:27,37023,0,0,0x0000,OK,mppt_error,,0000000000000000,0,0,0,0,··,··,0000,0.0,0.00,0.000,0,0,0,0,0,0
12:07:27,37024,0,0,0x0000,OK,mppt_warning,,0000000000000000,0,0,0,0,··,··,0000,0.0,0.00,0.000,,,,,,
12:07:27,38000,0,0,0x0000,UNB,Unb: can40_w1,,0000000000000000,0,0,0,0,··,··,0000,0.0,0.00,0.000,0,0,0,0,0,0
12:07:27,38001,0,0,0x0000,UNB,Unb: can40_w2,,0000000000000000,0,0,0,0,··,··,0000,0.0,0.00,0.000,0,0,0,0,0,0
12:07:27,38002,0,0,0x0000,UNB,Unb: can40_w3,,0000000000000000,0,0,0,0,··,··,0000,0.0,0.00,0.000,0,0,0,0,0,0
12:07:27,38003,0,0,0x0000,UNB,Unb: can40_w4,,0000000000000000,0,0,0,0,··,··,0000,0.0,0.00,0.000,0,0,0,0,0,0
12:07:27,38004,0,0,0x0000,UNB,Unb: can41_w1,,0000000000000000,0,0,0,0,··,··,0000,0.0,0.00,0.000,0,0,0,0,0,0
12:07:27,38005,0,0,0x0000,UNB,Unb: can41_w2,,0000000000000000,0,0,0,0,··,··,0000,0.0,0.00,0.000,0,0,0,0,0,0
12:07:27,38006,0,0,0x0000,UNB,Unb: can41_w3,,0000000000000000,0,0,0,0,··,··,0000,0.0,0.00,0.000,0,0,0,0,0,0
12:07:27,38007,0,0,0x0000,UNB,Unb: can42_w1,,0000000000000000,0,0,0,0,··,··,0000,0.0,0.00,0.000,0,0,0,0,0,0
12:07:27,38008,0,0,0x0000,UNB,Unb: can42_w2,,0000000000000000,0,0,0,0,··,··,0000,0.0,0.00,0.000,0,0,0,0,0,0
12:07:27,38009,0,0,0x0000,UNB,Unb: can42_w3,,0000000000000000,0,0,0,0,··,··,0000,0.0,0.00,0.000,0,0,0,0,0,0
12:07:27,38010,0,0,0x0000,UNB,Unb: can42_w4,,0000000000000000,0,0,0,0,··,··,0000,0.0,0.00,0.000,0,0,0,0,0,0
12:07:27,38011,0,0,0x0000,UNB,Unb: can43_w1,,0000000000000000,0,0,0,0,··,··,0000,0.0,0.00,0.000,0,0,0,0,0,0
12:07:27,38012,0,0,0x0000,UNB,Unb: can43_w2,,0000000000000000,0,0,0,0,··,··,0000,0.0,0.00,0.000,0,0,0,0,0,0
12:07:27,38013,0,0,0x0000,UNB,Unb: can43_w3,,0000000000000000,0,0,0,0,··,··,0000,0.0,0.00,0.000,0,0,0,0,0,0
12:07:27,38014,0,0,0x0000,UNB,Unb: can43_w4,,0000000000000000,0,0,0,0,··,··,0000,0.0,0.00,0.000,,,,,,
12:07:40,41200,0,0,0x0000,OK,backup_ups_enable,,0000000000000000,0,0,0,0,··,··,0000,0.0,0.00,0.000,,,,,,
12:07:40,41500,,,,OK,schedule_time_00,,,,,,,,,,,,,,,,,,
12:07:40,41501,,,,OK,schedule_time_01,,,,,,,,,,,,,,,,,,
12:07:40,41502,,,,OK,schedule_time_02,,,,,,,,,,,,,,,,,,
12:07:40,41503,,,,OK,schedule_time_03,,,,,,,,,,,,,,,,,,
12:07:40,41504,,,,OK,schedule_time_04,,,,,,,,,,,,,,,,,,
12:07:40,41505,,,,OK,schedule_time_05,,,,,,,,,,,,,,,,,,
12:07:40,41506,,,,OK,schedule_time_06,,,,,,,,,,,,,,,,,,
12:07:40,41507,,,,OK,schedule_time_07,,,,,,,,,,,,,,,,,,
12:07:40,41508,,,,OK,schedule_time_08,,,,,,,,,,,,,,,,,,
12:07:40,41509,,,,OK,schedule_time_09,,,,,,,,,,,,,,,,,,
12:07:40,41510,,,,OK,schedule_time_10,,,,,,,,,,,,,,,,,,
12:07:40,41511,,,,OK,schedule_time_11,,,,,,,,,,,,,,,,,,
12:07:40,41512,,,,OK,schedule_time_12,,,,,,,,,,,,,,,,,,
12:07:40,41513,,,,OK,schedule_time_13,,,,,,,,,,,,,,,,,,
12:07:40,41514,,,,OK,schedule_time_14,,,,,,,,,,,,,,,,,,
12:07:40,41515,,,,OK,schedule_time_15,,,,,,,,,,,,,,,,,,
12:07:40,41600,0,0,0x0000,OK,schedule_power_00,,0000000000000000,0,0,0,0,··,··,0000,0.0,0.00,0.000,0,0,0,0,0,0
12:07:40,41601,0,0,0x0000,OK,schedule_power_01,,0000000000000000,0,0,0,0,··,··,0000,0.0,0.00,0.000,0,0,0,0,0,0
12:07:40,41602,0,0,0x0000,OK,schedule_power_02,,0000000000000000,0,0,0,0,··,··,0000,0.0,0.00,0.000,0,0,0,0,0,0
12:07:40,41603,0,0,0x0000,OK,schedule_power_03,,0000000000000000,0,0,0,0,··,··,0000,0.0,0.00,0.000,0,0,0,0,0,0
12:07:40,41604,0,0,0x0000,OK,schedule_power_04,,0000000000000000,0,0,0,0,··,··,0000,0.0,0.00,0.000,0,0,0,0,0,0
12:07:40,41605,0,0,0x0000,OK,schedule_power_05,,0000000000000000,0,0,0,0,··,··,0000,0.0,0.00,0.000,0,0,0,0,0,0
12:07:40,41606,0,0,0x0000,OK,schedule_power_06,,0000000000000000,0,0,0,0,··,··,0000,0.0,0.00,0.000,0,0,0,0,0,0
12:07:40,41607,0,0,0x0000,OK,schedule_power_07,,0000000000000000,0,0,0,0,··,··,0000,0.0,0.00,0.000,0,0,0,0,0,0
12:07:40,41608,0,0,0x0000,OK,schedule_power_08,,0000000000000000,0,0,0,0,··,··,0000,0.0,0.00,0.000,0,0,0,0,0,0
12:07:40,41609,0,0,0x0000,OK,schedule_power_09,,0000000000000000,0,0,0,0,··,··,0000,0.0,0.00,0.000,0,0,0,0,0,0
12:07:40,41610,0,0,0x0000,OK,schedule_power_10,,0000000000000000,0,0,0,0,··,··,0000,0.0,0.00,0.000,0,0,0,0,0,0
12:07:40,41611,0,0,0x0000,OK,schedule_power_11,,0000000000000000,0,0,0,0,··,··,0000,0.0,0.00,0.000,0,0,0,0,0,0
12:07:40,41612,0,0,0x0000,OK,schedule_power_12,,0000000000000000,0,0,0,0,··,··,0000,0.0,0.00,0.000,0,0,0,0,0,0
12:07:40,41613,0,0,0x0000,OK,schedule_power_13,,0000000000000000,0,0,0,0,··,··,0000,0.0,0.00,0.000,0,0,0,0,0,0
12:07:40,41614,0,0,0x0000,OK,schedule_power_14,,0000000000000000,0,0,0,0,··,··,0000,0.0,0.00,0.000,0,0,0,0,0,0
12:07:40,41615,0,0,0x0000,OK,schedule_power_15,,0000000000000000,0,0,0,0,··,··,0000,0.0,0.00,0.000,0,0,0,0,0,0
12:07:40,41616,0,0,0x0000,OK,schedule_power_16,,0000000000000000,0,0,0,0,··,··,0000,0.0,0.00,0.000,0,0,0,0,0,0
12:07:40,41617,0,0,0x0000,OK,schedule_power_17,,0000000000000000,0,0,0,0,··,··,0000,0.0,0.00,0.000,0,0,0,0,0,0
12:07:40,41618,0,0,0x0000,OK,schedule_power_18,,0000000000000000,0,0,0,0,··,··,0000,0.0,0.00,0.000,0,0,0,0,0,0
12:07:40,41619,0,0,0x0000,OK,schedule_power_19,,0000000000000000,0,0,0,0,··,··,0000,0.0,0.00,0.000,0,0,0,0,0,0
12:07:40,41620,0,0,0x0000,OK,schedule_power_20,,0000000000000000,0,0,0,0,··,··,0000,0.0,0.00,0.000,0,0,0,0,0,0
12:07:40,41621,0,0,0x0000,OK,schedule_power_21,,0000000000000000,0,0,0,0,··,··,0000,0.0,0.00,0.000,0,0,0,0,0,0
12:07:40,41622,0,0,0x0000,OK,schedule_power_22,,0000000000000000,0,0,0,0,··,··,0000,0.0,0.00,0.000,0,0,0,0,0,0
12:07:40,41623,0,0,0x0000,OK,schedule_power_23,,0000000000000000,0,0,0,0,··,··,0000,0.0,0.00,0.000,0,0,0,0,0,0
12:07:40,41624,0,0,0x0000,OK,schedule_power_24,,0000000000000000,0,0,0,0,··,··,0000,0.0,0.00,0.000,0,0,0,0,0,0
12:07:40,41625,0,0,0x0000,OK,schedule_power_25,,0000000000000000,0,0,0,0,··,··,0000,0.0,0.00,0.000,0,0,0,0,0,0
12:07:40,41626,0,0,0x0000,OK,schedule_power_26,,0000000000000000,0,0,0,0,··,··,0000,0.0,0.00,0.000,0,0,0,0,0,0
12:07:40,41627,0,0,0x0000,OK,schedule_power_27,,0000000000000000,0,0,0,0,··,··,0000,0.0,0.00,0.000,0,0,0,0,0,0
12:07:40,41628,0,0,0x0000,OK,schedule_power_28,,0000000000000000,0,0,0,0,··,··,0000,0.0,0.00,0.000,0,0,0,0,0,0
12:07:40,41629,0,0,0x0000,OK,schedule_power_29,,0000000000000000,0,0,0,0,··,··,0000,0.0,0.00,0.000,0,0,0,0,0,0
12:07:40,41630,0,0,0x0000,OK,schedule_power_30,,0000000000000000,0,0,0,0,··,··,0000,0.0,0.00,0.000,0,0,0,0,0,0
12:07:40,41631,0,0,0x0000,OK,schedule_power_31,,0000000000000000,0,0,0,0,··,··,0000,0.0,0.00,0.000,,,,,,
12:07:41,42000,21947,21947,0x55BB,OK,update_mode_status,0x55BB,0101010110111011,85,187,85,-69,U·,·U,-,2194.7,219.47,21.947,,,,,,
12:07:41,42010,0,0,0x0000,OK,force_mode,0,0000000000000000,0,0,0,0,··,··,0000,0.0,0.00,0.000,0,0,0,0,0,0
12:07:41,42011,0,0,0x0000,OK,charge_target_soc,0 %,0000000000000000,0,0,0,0,··,··,0000,0.0,0.00,0.000,,,,,,
12:07:41,42020,0,0,0x0000,OK,discharge_power_limit,0 W,0000000000000000,0,0,0,0,··,··,0000,0.0,0.00,0.000,0,0,0,0,0,0
12:07:41,42021,0,0,0x0000,OK,charge_power_limit,0 W,0000000000000000,0,0,0,0,··,··,0000,0.0,0.00,0.000,,,,,,
12:07:42,43000,0,0,0x0000,OK,work_mode,0,0000000000000000,0,0,0,0,··,··,0000,0.0,0.00,0.000,,,,,,
12:07:42,43100,0,0,0x0000,OK,slot1_days,0x0000,0000000000000000,0,0,0,0,··,··,0000,0.0,0.00,0.000,0,0,0,0,0,0
12:07:42,43101,0,0,0x0000,OK,slot1_start_time,00:00,0000000000000000,0,0,0,0,··,··,0000,0.0,0.00,0.000,0,0,0,0,0,0
12:07:42,43102,0,0,0x0000,OK,slot1_end_time,00:00,0000000000000000,0,0,0,0,··,··,0000,0.0,0.00,0.000,0,0,0,0,0,0
12:07:42,43103,0,0,0x0000,OK,slot1_power,0 W,0000000000000000,0,0,0,0,··,··,0000,0.0,0.00,0.000,0,0,0,0,0,0
12:07:42,43104,0,0,0x0000,OK,slot1_enable,0,0000000000000000,0,0,0,0,··,··,0000,0.0,0.00,0.000,0,0,0,0,0,0
12:07:42,43105,0,0,0x0000,OK,slot2_days,0x0000,0000000000000000,0,0,0,0,··,··,0000,0.0,0.00,0.000,0,0,0,0,0,0
12:07:42,43106,0,0,0x0000,OK,slot2_start_time,00:00,0000000000000000,0,0,0,0,··,··,0000,0.0,0.00,0.000,0,0,0,0,0,0
12:07:42,43107,0,0,0x0000,OK,slot2_end_time,00:00,0000000000000000,0,0,0,0,··,··,0000,0.0,0.00,0.000,0,0,0,0,0,0
12:07:42,43108,0,0,0x0000,OK,slot2_power,0 W,0000000000000000,0,0,0,0,··,··,0000,0.0,0.00,0.000,0,0,0,0,0,0
12:07:42,43109,0,0,0x0000,OK,slot2_enable,0,0000000000000000,0,0,0,0,··,··,0000,0.0,0.00,0.000,0,0,0,0,0,0
12:07:42,43110,0,0,0x0000,OK,slot3_days,0x0000,0000000000000000,0,0,0,0,··,··,0000,0.0,0.00,0.000,0,0,0,0,0,0
12:07:42,43111,0,0,0x0000,OK,slot3_start_time,00:00,0000000000000000,0,0,0,0,··,··,0000,0.0,0.00,0.000,0,0,0,0,0,0
12:07:42,43112,0,0,0x0000,OK,slot3_end_time,00:00,0000000000000000,0,0,0,0,··,··,0000,0.0,0.00,0.000,0,0,0,0,0,0
12:07:42,43113,0,0,0x0000,OK,slot3_power,0 W,0000000000000000,0,0,0,0,··,··,0000,0.0,0.00,0.000,0,0,0,0,0,0
12:07:42,43114,0,0,0x0000,OK,slot3_enable,0,0000000000000000,0,0,0,0,··,··,0000,0.0,0.00,0.000,0,0,0,0,0,0
12:07:42,43115,0,0,0x0000,OK,slot4_days,0x0000,0000000000000000,0,0,0,0,··,··,0000,0.0,0.00,0.000,0,0,0,0,0,0
12:07:42,43116,0,0,0x0000,OK,slot4_start_time,00:00,0000000000000000,0,0,0,0,··,··,0000,0.0,0.00,0.000,0,0,0,0,0,0
12:07:42,43117,0,0,0x0000,OK,slot4_end_time,00:00,0000000000000000,0,0,0,0,··,··,0000,0.0,0.00,0.000,0,0,0,0,0,0
12:07:42,43118,0,0,0x0000,OK,slot4_power,0 W,0000000000000000,0,0,0,0,··,··,0000,0.0,0.00,0.000,0,0,0,0,0,0
12:07:42,43119,0,0,0x0000,OK,slot4_enable,0,0000000000000000,0,0,0,0,··,··,0000,0.0,0.00,0.000,0,0,0,0,0,0
12:07:42,43120,0,0,0x0000,OK,slot5_days,0x0000,0000000000000000,0,0,0,0,··,··,0000,0.0,0.00,0.000,0,0,0,0,0,0
12:07:42,43121,0,0,0x0000,OK,slot5_start_time,00:00,0000000000000000,0,0,0,0,··,··,0000,0.0,0.00,0.000,0,0,0,0,0,0
12:07:42,43122,0,0,0x0000,OK,slot5_end_time,00:00,0000000000000000,0,0,0,0,··,··,0000,0.0,0.00,0.000,0,0,0,0,0,0
12:07:42,43123,0,0,0x0000,OK,slot5_power,0 W,0000000000000000,0,0,0,0,··,··,0000,0.0,0.00,0.000,0,0,0,0,0,0
12:07:42,43124,0,0,0x0000,OK,slot5_enable,0,0000000000000000,0,0,0,0,··,··,0000,0.0,0.00,0.000,0,0,0,0,0,0
12:07:42,43125,0,0,0x0000,OK,slot6_days,0x0000,0000000000000000,0,0,0,0,··,··,0000,0.0,0.00,0.000,0,0,0,0,0,0
12:07:42,43126,0,0,0x0000,OK,slot6_start_time,00:00,0000000000000000,0,0,0,0,··,··,0000,0.0,0.00,0.000,0,0,0,0,0,0
12:07:42,43127,0,0,0x0000,OK,slot6_end_time,00:00,0000000000000000,0,0,0,0,··,··,0000,0.0,0.00,0.000,0,0,0,0,0,0
12:07:42,43128,0,0,0x0000,OK,slot6_power,0 W,0000000000000000,0,0,0,0,··,··,0000,0.0,0.00,0.000,0,0,0,0,0,0
12:07:42,43129,0,0,0x0000,OK,slot6_enable,0,0000000000000000,0,0,0,0,··,··,0000,0.0,0.00,0.000,,,,,,
12:07:42,44002,0,0,0x0000,OK,max_discharge_power,0 W,0000000000000000,0,0,0,0,··,··,0000,0.0,0.00,0.000,0,0,0,0,0,0
12:07:42,44003,0,0,0x0000,OK,max_charge_power,0 W,0000000000000000,0,0,0,0,··,··,0000,0.0,0.00,0.000,,,,,,
12:08:30,45605,74,74,0x004A,OK,status_query,,0000000001001010,0,74,0,74,·J,J·,-,7.4,0.74,0.074,,,,,,
12:08:42,46504,0,0,0x0000,OK,eeprom_struct_01_reg1,,0000000000000000,0,0,0,0,··,··,0000,0.0,0.00,0.000,0,0,0,0,0,0
12:08:43,46505,0,0,0x0000,OK,eeprom_struct_01_reg2,,0000000000000000,0,0,0,0,··,··,0000,0.0,0.00,0.000,0,0,0,0,0,0
12:08:43,46506,0,0,0x0000,OK,eeprom_struct_02_reg0,,0000000000000000,0,0,0,0,··,··,0000,0.0,0.00,0.000,0,0,0,0,0,0
12:08:43,46507,0,0,0x0000,OK,eeprom_struct_02_reg1,,0000000000000000,0,0,0,0,··,··,0000,0.0,0.00,0.000,0,0,0,0,0,0
12:08:43,46508,0,0,0x0000,OK,eeprom_struct_02_reg2,,0000000000000000,0,0,0,0,··,··,0000,0.0,0.00,0.000,0,0,0,0,0,0
12:08:43,46509,0,0,0x0000,OK,eeprom_struct_03_reg0,,0000000000000000,0,0,0,0,··,··,0000,0.0,0.00,0.000,0,0,0,0,0,0
12:08:43,46510,0,0,0x0000,OK,eeprom_struct_03_reg1,,0000000000000000,0,0,0,0,··,··,0000,0.0,0.00,0.000,0,0,0,0,0,0
12:08:43,46511,0,0,0x0000,OK,eeprom_struct_03_reg2,,0000000000000000,0,0,0,0,··,··,0000,0.0,0.00,0.000,0,0,0,0,0,0
12:08:44,46512,0,0,0x0000,OK,eeprom_struct_04_reg0,,0000000000000000,0,0,0,0,··,··,0000,0.0,0.00,0.000,0,0,0,0,0,0
12:08:44,46513,0,0,0x0000,OK,eeprom_struct_04_reg1,,0000000000000000,0,0,0,0,··,··,0000,0.0,0.00,0.000,0,0,0,0,0,0
12:08:44,46514,0,0,0x0000,OK,eeprom_struct_04_reg2,,0000000000000000,0,0,0,0,··,··,0000,0.0,0.00,0.000,0,0,0,0,0,0
12:08:44,46515,0,0,0x0000,OK,eeprom_struct_05_reg0,,0000000000000000,0,0,0,0,··,··,0000,0.0,0.00,0.000,0,0,0,0,0,0
12:08:44,46516,0,0,0x0000,OK,eeprom_struct_05_reg1,,0000000000000000,0,0,0,0,··,··,0000,0.0,0.00,0.000,0,0,0,0,0,0
12:08:44,46517,0,0,0x0000,OK,eeprom_struct_05_reg2,,0000000000000000,0,0,0,0,··,··,0000,0.0,0.00,0.000,0,0,0,0,0,0
12:08:45,46518,0,0,0x0000,OK,eeprom_struct_06_reg0,,0000000000000000,0,0,0,0,··,··,0000,0.0,0.00,0.000,0,0,0,0,0,0
12:08:45,46519,0,0,0x0000,OK,eeprom_struct_06_reg1,,0000000000000000,0,0,0,0,··,··,0000,0.0,0.00,0.000,0,0,0,0,0,0
12:08:45,46520,0,0,0x0000,OK,eeprom_struct_06_reg2,,0000000000000000,0,0,0,0,··,··,0000,0.0,0.00,0.000,0,0,0,0,0,0
12:08:45,46521,0,0,0x0000,OK,eeprom_struct_07_reg0,,0000000000000000,0,0,0,0,··,··,0000,0.0,0.00,0.000,0,0,0,0,0,0
12:08:45,46522,0,0,0x0000,OK,eeprom_struct_07_reg1,,0000000000000000,0,0,0,0,··,··,0000,0.0,0.00,0.000,0,0,0,0,0,0
12:08:45,46523,0,0,0x0000,OK,eeprom_struct_07_reg2,,0000000000000000,0,0,0,0,··,··,0000,0.0,0.00,0.000,0,0,0,0,0,0
12:08:45,46524,0,0,0x0000,OK,eeprom_struct_08_reg0,,0000000000000000,0,0,0,0,··,··,0000,0.0,0.00,0.000,0,0,0,0,0,0
12:08:46,46525,0,0,0x0000,OK,eeprom_struct_08_reg1,,0000000000000000,0,0,0,0,··,··,0000,0.0,0.00,0.000,0,0,0,0,0,0
12:08:46,46526,0,0,0x0000,OK,eeprom_struct_08_reg2,,0000000000000000,0,0,0,0,··,··,0000,0.0,0.00,0.000,0,0,0,0,0,0
12:08:46,46527,0,0,0x0000,OK,eeprom_struct_09_reg0,,0000000000000000,0,0,0,0,··,··,0000,0.0,0.00,0.000,0,0,0,0,0,0
12:08:46,46528,0,0,0x0000,OK,eeprom_struct_09_reg1,,0000000000000000,0,0,0,0,··,··,0000,0.0,0.00,0.000,0,0,0,0,0,0
12:08:46,46529,0,0,0x0000,OK,eeprom_struct_09_reg2,,0000000000000000,0,0,0,0,··,··,0000,0.0,0.00,0.000,0,0,0,0,0,0
12:08:46,46530,0,0,0x0000,OK,eeprom_struct_10_reg0,,0000000000000000,0,0,0,0,··,··,0000,0.0,0.00,0.000,0,0,0,0,0,0
12:08:47,46531,0,0,0x0000,OK,eeprom_struct_10_reg1,,0000000000000000,0,0,0,0,··,··,0000,0.0,0.00,0.000,0,0,0,0,0,0
12:08:47,46532,0,0,0x0000,OK,eeprom_struct_10_reg2,,0000000000000000,0,0,0,0,··,··,0000,0.0,0.00,0.000,0,0,0,0,0,0
12:08:47,46533,0,0,0x0000,OK,eeprom_struct_11_reg0,,0000000000000000,0,0,0,0,··,··,0000,0.0,0.00,0.000,0,0,0,0,0,0
12:08:47,46534,0,0,0x0000,OK,eeprom_struct_11_reg1,,0000000000000000,0,0,0,0,··,··,0000,0.0,0.00,0.000,0,0,0,0,0,0
12:08:47,46535,0,0,0x0000,OK,eeprom_struct_11_reg2,,0000000000000000,0,0,0,0,··,··,0000,0.0,0.00,0.000,0,0,0,0,0,0
12:08:47,46536,0,0,0x0000,OK,eeprom_struct_12_reg0,,0000000000000000,0,0,0,0,··,··,0000,0.0,0.00,0.000,0,0,0,0,0,0
12:08:47,46537,0,0,0x0000,OK,eeprom_struct_12_reg1,,0000000000000000,0,0,0,0,··,··,0000,0.0,0.00,0.000,0,0,0,0,0,0
12:08:47,46538,0,0,0x0000,OK,eeprom_struct_12_reg2,,0000000000000000,0,0,0,0,··,··,0000,0.0,0.00,0.000,0,0,0,0,0,0
12:08:47,46539,0,0,0x0000,OK,eeprom_struct_13_reg0,,0000000000000000,0,0,0,0,··,··,0000,0.0,0.00,0.000,0,0,0,0,0,0
12:08:47,46540,0,0,0x0000,OK,eeprom_struct_13_reg1,,0000000000000000,0,0,0,0,··,··,0000,0.0,0.00,0.000,0,0,0,0,0,0
12:08:47,46541,0,0,0x0000,OK,eeprom_struct_13_reg2,,0000000000000000,0,0,0,0,··,··,0000,0.0,0.00,0.000,0,0,0,0,0,0
12:08:47,46542,0,0,0x0000,OK,eeprom_struct_14_reg0,,0000000000000000,0,0,0,0,··,··,0000,0.0,0.00,0.000,0,0,0,0,0,0
12:08:47,46543,0,0,0x0000,OK,eeprom_struct_14_reg1,,0000000000000000,0,0,0,0,··,··,0000,0.0,0.00,0.000,0,0,0,0,0,0
12:08:47,46544,0,0,0x0000,OK,eeprom_struct_14_reg2,,0000000000000000,0,0,0,0,··,··,0000,0.0,0.00,0.000,,,,,,
12:08:47,47400,43707,-21829,0xAABB,OK,debug_register,,1010101010111011,170,187,-86,-69,··,··,-,4370.7,437.07,43.707,,,,,,
