Register,12:11:55,12:12:05,12:12:15,12:12:25,12:12:35,12:13:18,12:13:28,12:13:38,12:13:48,12:13:59,12:14:09,12:14:19,12:14:29,12:14:39,12:14:49,12:14:59,12:15:09,12:15:19,12:15:29,12:15:39,12:15:49
30001,65524,65524,65524,65524,65524,65523,65522,65523,65523,65523,65522,65524,778,921,920,920,921,920,920,919,
30005,6,7,4,5,4,6,7,5,5,7,8,4,9,7,8,9,6,12,8,7,
30006,0,0,0,0,0,0,0,0,0,0,0,0,64787,64546,64546,64546,64546,64546,64546,64546,
30007,0,0,0,0,0,0,0,0,0,0,0,0,0,0,0,0,0,0,0,0,
30010,0,0,0,0,0,0,0,0,0,0,0,0,0,0,0,0,0,0,0,0,
30030,0,0,0,0,0,0,0,0,0,0,0,0,0,0,0,0,0,0,0,0,
30031,0,0,0,0,0,0,0,0,0,0,0,0,0,0,0,0,0,0,0,0,
30032,0,0,0,0,0,0,0,0,0,0,0,0,0,0,0,0,0,0,0,0,
30033,0,0,0,0,0,0,0,0,0,0,0,0,0,0,0,0,0,0,0,0,
30034,0,0,0,0,0,0,0,0,0,0,0,0,0,0,0,0,0,0,0,0,
30035,0,0,0,0,0,0,0,0,0,0,0,0,0,0,0,0,0,0,0,0,
30101,65535,65535,65535,65535,65535,0,0,0,0,0,0,0,0,0,0,0,0,0,0,0,
30106,0,0,0,0,0,0,0,0,0,0,0,0,0,0,0,0,0,0,0,0,
30109,0,0,0,0,0,0,0,0,0,0,0,0,0,0,0,0,0,0,0,0,
30110,0,0,0,0,0,0,0,0,0,0,0,0,0,0,0,0,0,0,0,0,
30211,0,0,0,0,0,0,0,0,0,0,0,0,0,0,0,0,0,0,0,0,
30212,5,5,5,5,5,5,5,5,5,5,5,5,5,5,5,5,5,5,5,5,
30213,0,0,0,0,0,0,0,0,0,0,0,0,0,0,0,0,0,0,0,0,
30214,0,0,0,0,0,0,0,0,0,0,0,0,0,0,0,0,0,0,0,0,
30301,3,3,3,2,2,2,2,2,2,2,2,2,2,2,2,2,2,2,2,3,
31003,5,5,5,5,5,5,5,5,5,5,5,5,5,5,5,5,5,5,5,5,
31004,1543,1543,1543,1543,1543,1543,1543,1543,1543,1543,1543,1543,1543,1543,1543,1543,1543,1543,1543,1543,
31005,0,0,0,0,0,0,0,0,0,0,0,0,0,0,0,0,0,0,0,0,
31006,0,0,0,0,0,0,0,0,0,0,0,0,0,0,0,0,0,0,0,0,
31007,0,0,0,0,0,0,0,0,0,0,0,0,0,0,0,0,0,0,0,0,
31008,0,0,0,0,0,0,0,0,0,0,0,0,0,0,0,0,0,0,0,0,
31009,0,0,0,0,0,0,0,0,0,0,0,0,0,0,0,0,0,0,0,0,
34007,0,0,0,0,0,0,0,0,0,0,0,0,0,0,0,0,0,0,0,0,
34008,0,0,0,0,0,0,0,0,0,0,0,0,0,0,0,0,0,0,0,0,
34009,0,0,0,0,0,0,0,0,0,0,0,0,0,0,0,0,0,0,0,0,
34017,0,0,0,0,0,0,0,0,0,0,0,0,0,0,0,0,0,0,0,0,
34107,0,0,0,0,0,0,0,0,0,0,0,0,0,0,0,0,0,0,0,0,
34108,0,0,0,0,0,0,0,0,0,0,0,0,0,0,0,0,0,0,0,0,
34109,0,0,0,0,0,0,0,0,0,0,0,0,0,0,0,0,0,0,0,0,
34117,0,0,0,0,0,0,0,0,0,0,0,0,0,0,0,0,0,0,0,0,
34207,0,0,0,0,0,0,0,0,0,0,0,0,0,0,0,0,0,0,0,0,
34208,0,0,0,0,0,0,0,0,0,0,0,0,0,0,0,0,0,0,0,0,
34209,0,0,0,0,0,0,0,0,0,0,0,0,0,0,0,0,0,0,0,0,
34217,0,0,0,0,0,0,0,0,0,0,0,0,0,0,0,0,0,0,0,0,
34307,0,0,0,0,0,0,0,0,0,0,0,0,0,0,0,0,0,0,0,0,
34308,0,0,0,0,0,0,0,0,0,0,0,0,0,0,0,0,0,0,0,0,
34309,0,0,0,0,0,0,0,0,0,0,0,0,0,0,0,0,0,0,0,0,
34317,0,0,0,0,0,0,0,0,0,0,0,0,0,0,0,0,0,0,0,0,
34400,0,0,0,0,0,0,0,0,0,0,0,0,0,0,0,0,0,0,0,0,
34401,0,0,0,0,0,0,0,0,0,0,0,0,0,0,0,0,0,0,0,0,
34402,0,0,0,0,0,0,0,0,0,0,0,0,0,0,0,0,0,0,0,0,
34404,0,0,0,0,0,0,0,0,0,0,0,0,0,0,0,0,0,0,0,0,
34408,0,0,0,0,0,0,0,0,0,0,0,0,0,0,0,0,0,0,0,0,
34410,0,0,0,0,0,0,0,0,0,0,0,0,0,0,0,0,0,0,0,0,
34500,0,0,0,0,,0,0,0,0,0,0,0,0,0,0,0,0,0,0,0,
34501,0,0,0,0,,0,0,0,0,0,0,0,0,0,0,0,0,0,0,0,
34502,0,0,0,0,,0,0,0,0,0,0,0,0,0,0,0,0,0,0,0,
34504,0,0,0,0,,0,0,0,0,0,0,0,0,0,0,0,0,0,0,0,
34508,0,0,0,0,,0,0,0,0,0,0,0,0,0,0,0,0,0,0,0,
34510,0,0,0,0,,0,0,0,0,0,0,0,0,0,0,0,0,0,0,0,
34600,0,0,0,0,,0,0,0,0,0,0,0,0,0,0,0,0,0,0,0,
34601,0,0,0,0,,0,0,0,0,0,0,0,0,0,0,0,0,0,0,0,
34602,0,0,0,0,,0,0,0,0,0,0,0,0,0,0,0,0,0,0,0,
34604,0,0,0,0,,0,0,0,0,0,0,0,0,0,0,0,0,0,0,0,
34608,0,0,0,0,,0,0,0,0,0,0,0,0,0,0,0,0,0,0,0,
34610,0,0,0,0,,0,0,0,0,0,0,0,0,0,0,0,0,0,0,0,
35100,1,1,1,1,,1,1,1,1,1,1,2,2,2,2,2,2,2,2,2,
35111,500,500,500,500,,500,500,500,500,500,500,500,500,500,500,500,500,500,500,500,
36000,0,0,0,0,,0,0,0,0,0,0,0,0,0,0,0,0,0,0,0,
36001,0,0,0,0,,0,0,0,0,0,0,0,0,0,0,0,0,0,0,0,
36100,0,0,0,0,,0,0,0,0,0,0,0,0,0,0,0,0,0,0,0,
36101,128,128,128,128,,0,0,0,0,0,0,0,0,0,0,0,0,0,0,0,
36102,0,0,0,0,,0,0,0,0,0,0,0,0,0,0,0,0,0,0,0,
36103,0,0,0,0,,0,0,0,0,0,0,0,0,0,0,0,0,0,0,0,
37000,1,1,1,1,,1,1,1,1,1,1,1,1,1,1,1,1,1,1,1,
37001,0,0,0,0,0,0,0,0,0,0,0,0,0,0,0,0,0,0,0,0,
37002,0,0,0,0,0,0,0,0,0,0,0,0,0,0,0,0,0,0,0,0,
37003,0,0,0,0,0,0,0,0,0,0,0,0,0,0,0,0,0,0,0,0,
37005,7,7,7,7,8,8,8,8,8,8,8,8,8,8,8,8,8,8,8,8,
37009,0,0,0,0,0,0,0,0,0,0,0,0,0,0,0,0,0,0,0,0,
37010,0,0,0,0,0,0,0,0,0,0,0,0,0,0,0,0,0,0,0,0,
37011,0,0,0,0,0,0,0,0,0,0,0,0,0,0,0,0,0,0,0,0,
37013,0,0,0,0,0,0,0,0,0,0,0,0,0,0,0,0,0,0,0,0,
37014,128,128,128,128,0,0,0,0,0,0,0,0,0,0,0,0,0,0,0,0,
37015,0,0,0,0,0,0,0,0,0,0,0,0,0,0,0,0,0,0,0,0,
37017,0,0,0,0,0,0,0,0,0,0,0,0,0,0,0,0,0,0,0,0,
37018,0,0,0,0,0,0,0,0,0,0,0,0,0,0,0,0,0,0,0,0,
37019,0,0,0,0,0,0,0,0,0,0,0,0,0,0,0,0,0,0,0,0,
37020,0,0,0,0,0,0,0,0,0,0,0,0,0,0,0,0,0,0,0,0,
37021,0,0,0,0,0,0,0,0,0,0,0,0,0,0,0,0,0,0,0,0,
37023,0,0,0,0,0,0,0,0,0,0,0,0,0,0,0,0,0,0,0,0,
37024,0,0,0,0,0,0,0,0,0,0,0,0,0,0,0,0,0,0,0,0,
42010,0,0,0,0,0,0,0,0,0,0,0,0,0,0,0,0,0,0,0,0,
42011,0,0,0,0,0,0,0,0,0,0,0,0,0,0,0,0,0,0,0,0,
42021,0,0,0,0,0,0,0,0,0,0,0,0,0,0,0,0,0,0,0,0,
44002,0,0,0,0,0,0,0,0,0,0,0,0,0,0,0,0,0,0,0,0,
44003,0,0,0,0,0,0,0,0,0,0,0,0,0,0,0,0,0,0,0,0,
