register,type,type_code,scale,scale_str,elem_size,count,source_ptr,notes
30000,u16,0x02,0,x1,2,1,0x20014EAE,bat_sample_volt (Einheit 0.1V)
30001,i16,0x12,0,x1,2,1,0x20014EAC,bat_sample_power W
30002,i16,0x12,0,x1,2,1,0x20014EB0,env_temp (Einheit 0.1C)
30003,i16,0x12,0,x1,2,1,0x20014EB2,radiator_temp (Einheit 0.1C)
30004,u16,0x02,0,x1,2,1,0x20014EA0,grid_volt (Einheit 0.1V)
30005,u16,0x02,0,x1,2,1,0x20014EA4,off_grid_volt (Einheit 0.1V) - KEIN Pack-Count
30006,i16,0x12,0,x1,2,1,0x20014EA8,grid_sample_power W
30007,i16,0x12,0,x1,2,1,0x20014EAA,off_grid_power W
30010,u8,0x01,0,x1,2,1,0x20000144,work_mode (Status-Block Offset 0)
30020,u16,0x02,0,x1,2,1,0x20014F48,
30021,u16,0x02,0,x1,2,1,0x20014F4E,
30022,u16,0x02,0,x1,2,1,0x20014F54,
30023,u16,0x02,0,x1,2,1,0x20014F5A,
30024,u16,0x02,0,x1,2,1,0x20014F4A,
30025,u16,0x02,0,x1,2,1,0x20014F50,
30026,u16,0x02,0,x1,2,1,0x20014F56,
30027,u16,0x02,0,x1,2,1,0x20014F5C,
30028,u16,0x02,0,x1,2,1,0x20014F70,
30029,i16,0x12,0,x1,2,1,0x20014F72,
30030,u16,0x02,0,x1,2,1,0x2000018A,
30031,u16,0x02,0,x1,2,1,0x20014F78,
30032,u16,0x02,0,x1,2,1,0x20014F7A,
30033,u16,0x02,0,x1,2,1,0x20014F7C,
30034,u16,0x02,0,x1,2,1,0x20014F7E,
30035,i16,0x12,0,x1,2,1,0x20014F80,
30036,u16,0x02,0,x1,2,1,0x20014F74,
30037,u16,0x02,0,x1,2,1,0x20014F4C,
30038,u16,0x02,0,x1,2,1,0x20014F52,
30039,u16,0x02,0,x1,2,1,0x20014F58,
30040,u16,0x02,0,x1,2,1,0x20014F5E,
30100,u16,0x02,0,x1,2,1,0x20014FA8,
30101,i16,0x12,0,x1,2,1,0x20014FAA,
30102,u16,0x02,0,x1,2,1,0x20014FB8,
30103,u16,0x02,0,x1,2,1,0x20014FBA,
30104,i16,0x12,1,x10,2,1,0x20014FBC,FW multipliziert mit 10
30105,i16,0x12,1,x10,2,1,0x20014FBE,FW multipliziert mit 10
30106,u16,0x02,0,x1,2,1,0x20014FF6,
30107,i16,0x12,0,x1,2,1,0x20014FF2,
30108,i16,0x12,0,x1,2,1,0x20014FF4,
30109,u8,0x01,0,x1,2,1,0x20014FA0,
30110,u8,0x01,0,x1,2,1,0x20014FA3,
30200,u16,0x02,0,x1,2,1,0x08010000,Quelle liegt im FLASH (App-Header)
30201,u8,0x01,0,x1,2,1,0x20000038,
30202,u16,0x02,0,x1,2,1,0x2000015E,
30203,u16,0x02,0,x1,2,1,0x20000160,
30204,u16,0x02,0,x1,2,1,0x20014FC6,BMS-Version
30205,u16,0x02,0,x1,2,1,0x20000188,
30210,u8,0x01,0,x1,2,1,0x20014FB6,
30211,u8,0x01,0,x1,2,1,0x20000165,
30212,u8,0x01,0,x1,2,1,0x20000138,
30213,u8,0x01,0,x1,2,1,0x20000164,
30214,u8,0x01,0,x1,2,1,0x20014FA2,
30300,u8,0x01,0,x1,2,1,0x20001F4C,
30301,u8,0x01,0,x1,2,1,0x20018B4C,
30302,u8,0x01,0,x1,2,1,0x2001915D,
30303,u8,0x01,0,x1,2,1,0x20001F4D,
30304,ascii,0x31,0,x1,1,12,0x2001893E,ASCII 12 Byte = 6 Register
30350,u8,0x01,0,x1,1,12,0x200180E4,12 Byte Block (30350-30355)
30400,u8,0x01,0,x1,1,8,0x2001ADB5,8 Byte Block (30400-30403)
31000,u8,0x01,0,x1,1,20,0x20014CDC,device_name 20 Byte (31000-31009)
32100,u16,0x02,0,x1,2,1,0x20014F82,
32101,i16,0x12,3,/10,2,1,0x20014F84,dc_current - FW teilt durch 10; Quelle ist bereits i16
32102,float32,0x24,0,x1,4,1,0x20014EAC,KONFLIKT: gleiche Quelle wie 30001 (dort i16)
32104,u16,0x02,3,/10,2,1,0x20014F88,globaler SOC - FW teilt selbst durch 10
32105,u16,0x02,0,x1,2,1,0x20014F8A,
32106,u16,0x02,0,x1,2,1,0x20014F94,
32107,u16,0x02,0,x1,2,1,0x20014F96,
32108,i16,0x12,0,x1,2,1,0x20014F86,
32109,u8,0x01,0,x1,2,1,0x20014F8C,
32110,u16,0x02,0,x1,2,1,0x20014F8D,unaligned Quelle (F8D)
32111,u8,0x01,0,x1,2,1,0x20014F8F,
32112,u8,0x01,0,x1,2,1,0x20014FA1,
32113,u8,0x01,0,x1,2,1,0x20014FA0,
32114,u8,0x01,0,x1,2,1,0x20014FA3,
32200,u16,0x02,0,x1,2,1,0x20014EA0,ac_voltage (Einheit 0.1V) - FW skaliert NICHT
32201,u16,0x02,0,x1,2,1,0x20014EA0,gleiche Quelle wie 32200
32202,i16,0x12,0,x1,4,1,0x20014EA8,elem_size 4 bei i16 - pruefen
32204,u16,0x02,0,x1,2,1,0x20014EA2,ac_frequency (Einheit 0.1Hz) - FW skaliert NICHT
32300,u16,0x02,0,x1,2,1,0x20014EA4,
32301,u16,0x02,0,x1,2,1,0x20014EA4,gleiche Quelle wie 32300
32302,i16,0x12,0,x1,2,1,0x20014EAA,
33000,u32,0x04,3,/10,4,1,0x20014D92,Energiezaehler - FW teilt durch 10
33002,u32,0x04,3,/10,4,1,0x20014D96,
33004,u32,0x04,3,/10,4,1,0x20014DA2,
33006,u32,0x04,3,/10,4,1,0x20014DA6,
33008,u32,0x04,3,/10,4,1,0x20014D9A,
33010,u32,0x04,3,/10,4,1,0x20014D9E,
34000,u16,0x02,0,x1,2,1,0x20014FA8,Pack0 bat_volt
34001,i16,0x12,0,x1,2,1,0x20014FAA,Pack0 bat_curr
34002,u16,0x02,0,x1,2,1,0x20014FAC,Pack0 SOC - FW skaliert NICHT (Rohwert in 0.1%)
34003,i16,0x12,0,x1,2,1,0x20014FAE,
34004,u8,0x01,0,x1,2,1,0x20014FB6,
34005,u16,0x02,0,x1,2,1,0x20014FB8,
34006,u16,0x02,0,x1,2,1,0x20014FBA,
34007,i16,0x12,0,x1,2,1,0x20014FC0,
34008,u16,0x02,0,x1,2,1,0x20014FC2,
34009,u16,0x02,0,x1,2,1,0x20014FC4,
34010,u16,0x02,0,x1,2,1,0x20014FC6,Version (nicht Temperatur)
34011,u16,0x02,0,x1,2,1,0x20014FF2,
34012,u16,0x02,0,x1,2,1,0x20014FF4,
34013,u16,0x02,0,x1,2,4,0x20014FE8,4 Elemente (34013-34016)
34017,u16,0x02,0,x1,2,1,0x20014FF6,
34018,u16,0x02,0,x1,2,16,0x20014FC8,16 Zellspannungen (34018-34033)
34100,u16,0x02,0,x1,2,1,0x20015008,Pack1 - Struct-Stride 0x60
34101,u16,0x02,0,x1,2,1,0x2001500A,
34102,u16,0x02,0,x1,2,1,0x2001500C,
34103,i16,0x12,0,x1,2,1,0x2001500E,
34104,u8,0x01,0,x1,2,1,0x20015016,
34105,u16,0x02,0,x1,2,1,0x20015018,
34106,u16,0x02,0,x1,2,1,0x2001501A,
34107,i16,0x12,0,x1,2,1,0x20015020,
34108,u16,0x02,0,x1,2,1,0x20015022,
34109,u16,0x02,0,x1,2,1,0x20015024,
34110,u16,0x02,0,x1,2,1,0x20015026,
34111,u16,0x02,0,x1,2,1,0x20015052,
34112,u16,0x02,0,x1,2,1,0x20015054,
34113,u16,0x02,0,x1,2,4,0x20015048,
34117,u16,0x02,0,x1,2,1,0x20015056,
34118,u16,0x02,0,x1,2,16,0x20015028,
34200,u16,0x02,0,x1,2,1,0x20015068,Pack2
34201,u16,0x02,0,x1,2,1,0x2001506A,
34202,u16,0x02,0,x1,2,1,0x2001506C,
34203,i16,0x12,0,x1,2,1,0x2001506E,
34204,u8,0x01,0,x1,2,1,0x20015076,
34205,u16,0x02,0,x1,2,1,0x20015078,
34206,u16,0x02,0,x1,2,1,0x2001507A,
34207,i16,0x12,0,x1,2,1,0x20015080,
34208,u16,0x02,0,x1,2,1,0x20015082,
34209,u16,0x02,0,x1,2,1,0x20015084,
34210,u16,0x02,0,x1,2,1,0x20015086,
34211,u16,0x02,0,x1,2,1,0x200150B2,
34212,u16,0x02,0,x1,2,1,0x200150B4,
34213,u16,0x02,0,x1,2,4,0x200150A8,
34217,u16,0x02,0,x1,2,1,0x200150B6,
34218,u16,0x02,0,x1,2,16,0x20015088,
34300,u16,0x02,0,x1,2,1,0x200150C8,Pack3
34301,u16,0x02,0,x1,2,1,0x200150CA,
34302,u16,0x02,0,x1,2,1,0x200150CC,
34303,i16,0x12,0,x1,2,1,0x200150CE,
34304,u8,0x01,0,x1,2,1,0x200150D6,
34305,u16,0x02,0,x1,2,1,0x200150D8,
34306,u16,0x02,0,x1,2,1,0x200150DA,
34307,i16,0x12,0,x1,2,1,0x200150E0,
34308,u16,0x02,0,x1,2,1,0x200150E2,
34309,u16,0x02,0,x1,2,1,0x200150E4,
34310,u16,0x02,0,x1,2,1,0x200150E6,
34311,u16,0x02,0,x1,2,1,0x20015112,
34312,u16,0x02,0,x1,2,1,0x20015114,
34313,u16,0x02,0,x1,2,4,0x20015108,
34317,u16,0x02,0,x1,2,1,0x20015116,
34318,u16,0x02,0,x1,2,16,0x200150E8,
34400,u16,0x02,0,x1,2,1,0x20015128,Pack4
34401,u16,0x02,0,x1,2,1,0x2001512A,
34402,u16,0x02,0,x1,2,1,0x2001512C,
34403,i16,0x12,0,x1,2,1,0x2001512E,
34404,u8,0x01,0,x1,2,1,0x20015136,
34405,u16,0x02,0,x1,2,1,0x20015138,
34406,u16,0x02,0,x1,2,1,0x2001513A,
34407,i16,0x12,0,x1,2,1,0x20015140,
34408,u16,0x02,0,x1,2,1,0x20015142,
34409,u16,0x02,0,x1,2,1,0x20015144,
34410,u16,0x02,0,x1,2,1,0x20015146,
34411,u16,0x02,0,x1,2,1,0x20015172,
34412,u16,0x02,0,x1,2,1,0x20015174,
34413,u16,0x02,0,x1,2,4,0x20015168,
34417,u16,0x02,0,x1,2,1,0x20015176,
34418,u16,0x02,0,x1,2,16,0x20015148,
34500,u16,0x02,0,x1,2,1,0x20015188,Pack5
34501,u16,0x02,0,x1,2,1,0x2001518A,
34502,u16,0x02,0,x1,2,1,0x2001518C,
34503,i16,0x12,0,x1,2,1,0x2001518E,
34504,u8,0x01,0,x1,2,1,0x20015196,
34505,u16,0x02,0,x1,2,1,0x20015198,
34506,u16,0x02,0,x1,2,1,0x2001519A,
34507,i16,0x12,0,x1,2,1,0x200151A0,
34508,u16,0x02,0,x1,2,1,0x200151A2,
34509,u16,0x02,0,x1,2,1,0x200151A4,
34510,u16,0x02,0,x1,2,1,0x200151A6,
34511,u16,0x02,0,x1,2,1,0x200151D2,
34512,u16,0x02,0,x1,2,1,0x200151D4,
34513,u16,0x02,0,x1,2,4,0x200151C8,
34517,u16,0x02,0,x1,2,1,0x200151D6,
34518,u16,0x02,0,x1,2,16,0x200151A8,
34600,u16,0x02,0,x1,2,1,0x200151E8,Pack6
34601,u16,0x02,0,x1,2,1,0x200151EA,
34602,u16,0x02,0,x1,2,1,0x200151EC,
34603,i16,0x12,0,x1,2,1,0x200151EE,
34604,u8,0x01,0,x1,2,1,0x200151F6,
34605,u16,0x02,0,x1,2,1,0x200151F8,
34606,u16,0x02,0,x1,2,1,0x200151FA,
34607,i16,0x12,0,x1,2,1,0x20015200,
34608,u16,0x02,0,x1,2,1,0x20015202,
34609,u16,0x02,0,x1,2,1,0x20015204,
34610,u16,0x02,0,x1,2,1,0x20015206,
34611,u16,0x02,0,x1,2,1,0x20015232,
34612,u16,0x02,0,x1,2,1,0x20015234,
34613,u16,0x02,0,x1,2,4,0x20015228,
34617,u16,0x02,0,x1,2,1,0x20015236,
34618,u16,0x02,0,x1,2,16,0x20015208,
35000,i16,0x12,0,x1,2,1,0x20014EB0,env_temp (Alias zu 30002)
35001,i16,0x12,0,x1,2,1,0x20014EB2,radiator_temp (Alias zu 30003)
35002,i16,0x12,0,x1,2,1,0x20014EB2,gleiche Quelle wie 35001
35010,i16,0x12,0,x1,2,1,0x20014F86,
35011,i16,0x12,0,x1,2,1,0x20014FBE,
35100,u8,0x01,0,x1,2,1,0x20014E90,
35110,u16,0x02,0,x1,2,1,0x20014F92,
35111,u16,0x02,0,x1,2,1,0x20014F94,
35112,u16,0x02,0,x1,2,1,0x20014F96,
36000,u32,0x04,0,x1,4,1,0x20014E94,
36100,u32,0x04,0,x1,4,1,0x20014E98,error/fault bitmask (u32 = 2 Register)
36102,u32,0x04,0,x1,4,1,0x20014E9C,error/fault bitmask (u32 = 2 Register)
37000,u8,0x01,0,x1,2,1,0x20000133,
37001,u16,0x02,0,x1,2,1,0x2000014C,
37002,u16,0x02,0,x1,2,1,0x2000014E,max_charge_power (Status-Block +4)
37003,u16,0x02,0,x1,2,1,0x20000150,max_discharge_power (Status-Block +6)
37004,i16,0x12,0,x1,2,1,0x20014EA8,Alias zu 30006
37005,u16,0x02,3,/10,2,1,0x20014FAC,SOC Pack0 - hier MIT /10 (anders als 34002)
37006,i16,0x12,0,x1,2,1,0x20014FBC,
37007,u16,0x02,0,x1,2,1,0x20014FB8,
37008,u16,0x02,0,x1,2,1,0x20014FBA,
37009,u16,0x02,0,x1,2,2,0x20014FC0,2 Elemente (37009-37010)
37011,u16,0x02,0,x1,2,2,0x20014FC4,2 Elemente (37011-37012)
37013,u32,0x04,0,x1,4,1,0x20014E98,Alias zu 36100
37015,u32,0x04,0,x1,4,1,0x20014E9C,Alias zu 36102
37017,u16,0x02,0,x1,2,1,0x20014F4C,
37018,u16,0x02,0,x1,2,1,0x20014F52,
37019,u16,0x02,0,x1,2,1,0x20014F58,
37020,u16,0x02,0,x1,2,1,0x20014F5E,
37021,u32,0x04,0,x1,4,1,0x20014F6C,
37023,u16,0x02,0,x1,2,1,0x20014F42,
37024,u16,0x02,0,x1,2,1,0x20014F46,
38000,i16,0x12,0,x1,2,1,0x20000168,Block 38000-38014 existiert bereits in v149.2
38001,u16,0x02,0,x1,2,1,0x2000016A,
38002,i16,0x12,0,x1,2,1,0x2000016C,
38003,u16,0x02,0,x1,2,1,0x2000016E,
38004,u16,0x02,0,x1,2,1,0x20000170,
38005,i16,0x12,0,x1,2,1,0x20000172,
38006,u16,0x02,0,x1,2,1,0x20000174,
38007,u16,0x02,0,x1,2,1,0x20000176,
38008,u16,0x02,0,x1,2,1,0x20000178,
38009,u16,0x02,0,x1,2,1,0x2000017A,
38010,u16,0x02,0,x1,2,1,0x2000017C,
38011,u16,0x02,0,x1,2,1,0x2000017E,
38012,u16,0x02,0,x1,2,1,0x20000180,
38013,u16,0x02,0,x1,2,1,0x20000182,
38014,u16,0x02,0,x1,2,1,0x20000184,
