register,type,type_code,scale,scale_str,elem_size,count,source_ptr,notes
30000,u16,0x02,0,x1,2,1,0x20014EBA,
30001,i16,0x12,0,x1,2,1,0x20014EB8,
30002,i16,0x12,0,x1,2,1,0x20014EBC,
30003,i16,0x12,0,x1,2,1,0x20014EBE,
30004,u16,0x02,0,x1,2,1,0x20014EAC,
30005,u16,0x02,0,x1,2,1,0x20014EB0,
30006,i16,0x12,0,x1,2,1,0x20014EB4,
30007,i16,0x12,0,x1,2,1,0x20014EB6,
30010,u8,0x01,0,x1,2,1,0x20000144,
30020,u16,0x02,0,x1,2,1,0x20014F54,
30021,u16,0x02,0,x1,2,1,0x20014F5A,
30022,u16,0x02,0,x1,2,1,0x20014F60,
30023,u16,0x02,0,x1,2,1,0x20014F66,
30024,u16,0x02,0,x1,2,1,0x20014F56,
30025,u16,0x02,0,x1,2,1,0x20014F5C,
30026,u16,0x02,0,x1,2,1,0x20014F62,
30027,u16,0x02,0,x1,2,1,0x20014F68,
30028,u16,0x02,0,x1,2,1,0x20014F7C,
30029,i16,0x12,0,x1,2,1,0x20014F7E,
30030,u16,0x02,0,x1,2,1,0x2000018A,
30031,u16,0x02,0,x1,2,1,0x20014F84,
30032,u16,0x02,0,x1,2,1,0x20014F86,
30033,u16,0x02,0,x1,2,1,0x20014F88,
30034,u16,0x02,0,x1,2,1,0x20014F8A,
30035,i16,0x12,0,x1,2,1,0x20014F8C,
30036,u16,0x02,0,x1,2,1,0x20014F80,
30037,u16,0x02,0,x1,2,1,0x20014F58,
30038,u16,0x02,0,x1,2,1,0x20014F5E,
30039,u16,0x02,0,x1,2,1,0x20014F64,
30040,u16,0x02,0,x1,2,1,0x20014F6A,
30100,u16,0x02,0,x1,2,1,0x20014FB4,
30101,i16,0x12,0,x1,2,1,0x20014FB6,
30102,u16,0x02,0,x1,2,1,0x20014FC4,
30103,u16,0x02,0,x1,2,1,0x20014FC6,
30104,i16,0x12,1,x10,2,1,0x20014FC8,
30105,i16,0x12,1,x10,2,1,0x20014FCA,
30106,u16,0x02,0,x1,2,1,0x20015002,
30107,i16,0x12,0,x1,2,1,0x20014FFE,
30108,i16,0x12,0,x1,2,1,0x20015000,
30109,u8,0x01,0,x1,2,1,0x20014FAC,
30110,u8,0x01,0,x1,2,1,0x20014FAF,
30200,u16,0x02,0,x1,2,1,0x08010000,
30201,u8,0x01,0,x1,2,1,0x20000038,
30202,u16,0x02,0,x1,2,1,0x2000015E,
30203,u16,0x02,0,x1,2,1,0x20000160,
30204,u16,0x02,0,x1,2,1,0x20014FD2,
30205,u16,0x02,0,x1,2,1,0x20000188,
30210,u8,0x01,0,x1,2,1,0x20014FC2,
30211,u8,0x01,0,x1,2,1,0x20000165,
30212,u8,0x01,0,x1,2,1,0x20000138,
30213,u8,0x01,0,x1,2,1,0x20000164,
30214,u8,0x01,0,x1,2,1,0x20014FAE,
30300,u8,0x01,0,x1,2,1,0x20001F4C,
30301,u8,0x01,0,x1,2,1,0x20018B5C,
30302,u8,0x01,0,x1,2,1,0x2001916D,
30303,u8,0x01,0,x1,2,1,0x20001F4D,
30304,ascii,0x31,0,x1,1,12,0x2001894E,
30350,u8,0x01,0,x1,1,12,0x200180F0,
30400,u8,0x01,0,x1,1,8,0x2001ADC5,
31000,u8,0x01,0,x1,1,20,0x20014CE0,
32100,u16,0x02,0,x1,2,1,0x20014F8E,
32101,i16,0x12,3,/10,2,1,0x20014F90,
32102,float32,0x24,0,x1,4,1,0x20014EB8,
32104,u16,0x02,3,/10,2,1,0x20014F94,
32105,u16,0x02,0,x1,2,1,0x20014F96,
32106,u16,0x02,0,x1,2,1,0x20014FA0,
32107,u16,0x02,0,x1,2,1,0x20014FA2,
32108,i16,0x12,0,x1,2,1,0x20014F92,
32109,u8,0x01,0,x1,2,1,0x20014F98,
32110,u16,0x02,0,x1,2,1,0x20014F99,
32111,u8,0x01,0,x1,2,1,0x20014F9B,
32112,u8,0x01,0,x1,2,1,0x20014FAD,
32113,u8,0x01,0,x1,2,1,0x20014FAC,
32114,u8,0x01,0,x1,2,1,0x20014FAF,
32200,u16,0x02,0,x1,2,1,0x20014EAC,
32201,u16,0x02,0,x1,2,1,0x20014EAC,
32202,i16,0x12,0,x1,4,1,0x20014EB4,
32204,u16,0x02,0,x1,2,1,0x20014EAE,
32300,u16,0x02,0,x1,2,1,0x20014EB0,
32301,u16,0x02,0,x1,2,1,0x20014EB0,
32302,i16,0x12,0,x1,2,1,0x20014EB6,
33000,u32,0x04,3,/10,4,1,0x20014D9C,
33002,u32,0x04,3,/10,4,1,0x20014DA0,
33004,u32,0x04,3,/10,4,1,0x20014DAC,
33006,u32,0x04,3,/10,4,1,0x20014DB0,
33008,u32,0x04,3,/10,4,1,0x20014DA4,
33010,u32,0x04,3,/10,4,1,0x20014DA8,
34000,u16,0x02,0,x1,2,1,0x20014FB4,
34001,i16,0x12,0,x1,2,1,0x20014FB6,
34002,u16,0x02,0,x1,2,1,0x20014FB8,
34003,i16,0x12,0,x1,2,1,0x20014FBA,
34004,u8,0x01,0,x1,2,1,0x20014FC2,
34005,u16,0x02,0,x1,2,1,0x20014FC4,
34006,u16,0x02,0,x1,2,1,0x20014FC6,
34007,i16,0x12,0,x1,2,1,0x20014FCC,
34008,u16,0x02,0,x1,2,1,0x20014FCE,
34009,u16,0x02,0,x1,2,1,0x20014FD0,
34010,u16,0x02,0,x1,2,1,0x20014FD2,
34011,u16,0x02,0,x1,2,1,0x20014FFE,
34012,u16,0x02,0,x1,2,1,0x20015000,
34013,u16,0x02,0,x1,2,4,0x20014FF4,
34017,u16,0x02,0,x1,2,1,0x20015002,
34018,u16,0x02,0,x1,2,16,0x20014FD4,
34100,u16,0x02,0,x1,2,1,0x20015014,
34101,u16,0x02,0,x1,2,1,0x20015016,
34102,u16,0x02,0,x1,2,1,0x20015018,
34103,i16,0x12,0,x1,2,1,0x2001501A,
34104,u8,0x01,0,x1,2,1,0x20015022,
34105,u16,0x02,0,x1,2,1,0x20015024,
34106,u16,0x02,0,x1,2,1,0x20015026,
34107,i16,0x12,0,x1,2,1,0x2001502C,
34108,u16,0x02,0,x1,2,1,0x2001502E,
34109,u16,0x02,0,x1,2,1,0x20015030,
34110,u16,0x02,0,x1,2,1,0x20015032,
34111,u16,0x02,0,x1,2,1,0x2001505E,
34112,u16,0x02,0,x1,2,1,0x20015060,
34113,u16,0x02,0,x1,2,4,0x20015054,
34117,u16,0x02,0,x1,2,1,0x20015062,
34118,u16,0x02,0,x1,2,16,0x20015034,
34200,u16,0x02,0,x1,2,1,0x20015074,
34201,u16,0x02,0,x1,2,1,0x20015076,
34202,u16,0x02,0,x1,2,1,0x20015078,
34203,i16,0x12,0,x1,2,1,0x2001507A,
34204,u8,0x01,0,x1,2,1,0x20015082,
34205,u16,0x02,0,x1,2,1,0x20015084,
34206,u16,0x02,0,x1,2,1,0x20015086,
34207,i16,0x12,0,x1,2,1,0x2001508C,
34208,u16,0x02,0,x1,2,1,0x2001508E,
34209,u16,0x02,0,x1,2,1,0x20015090,
34210,u16,0x02,0,x1,2,1,0x20015092,
34211,u16,0x02,0,x1,2,1,0x200150BE,
34212,u16,0x02,0,x1,2,1,0x200150C0,
34213,u16,0x02,0,x1,2,4,0x200150B4,
34217,u16,0x02,0,x1,2,1,0x200150C2,
34218,u16,0x02,0,x1,2,16,0x20015094,
34300,u16,0x02,0,x1,2,1,0x200150D4,
34301,u16,0x02,0,x1,2,1,0x200150D6,
34302,u16,0x02,0,x1,2,1,0x200150D8,
34303,i16,0x12,0,x1,2,1,0x200150DA,
34304,u8,0x01,0,x1,2,1,0x200150E2,
34305,u16,0x02,0,x1,2,1,0x200150E4,
34306,u16,0x02,0,x1,2,1,0x200150E6,
34307,i16,0x12,0,x1,2,1,0x200150EC,
34308,u16,0x02,0,x1,2,1,0x200150EE,
34309,u16,0x02,0,x1,2,1,0x200150F0,
34310,u16,0x02,0,x1,2,1,0x200150F2,
34311,u16,0x02,0,x1,2,1,0x2001511E,
34312,u16,0x02,0,x1,2,1,0x20015120,
34313,u16,0x02,0,x1,2,4,0x20015114,
34317,u16,0x02,0,x1,2,1,0x20015122,
34318,u16,0x02,0,x1,2,16,0x200150F4,
34400,u16,0x02,0,x1,2,1,0x20015134,
34401,u16,0x02,0,x1,2,1,0x20015136,
34402,u16,0x02,0,x1,2,1,0x20015138,
34403,i16,0x12,0,x1,2,1,0x2001513A,
34404,u8,0x01,0,x1,2,1,0x20015142,
34405,u16,0x02,0,x1,2,1,0x20015144,
34406,u16,0x02,0,x1,2,1,0x20015146,
34407,i16,0x12,0,x1,2,1,0x2001514C,
34408,u16,0x02,0,x1,2,1,0x2001514E,
34409,u16,0x02,0,x1,2,1,0x20015150,
34410,u16,0x02,0,x1,2,1,0x20015152,
34411,u16,0x02,0,x1,2,1,0x2001517E,
34412,u16,0x02,0,x1,2,1,0x20015180,
34413,u16,0x02,0,x1,2,4,0x20015174,
34417,u16,0x02,0,x1,2,1,0x20015182,
34418,u16,0x02,0,x1,2,16,0x20015154,
34500,u16,0x02,0,x1,2,1,0x20015194,
34501,u16,0x02,0,x1,2,1,0x20015196,
34502,u16,0x02,0,x1,2,1,0x20015198,
34503,i16,0x12,0,x1,2,1,0x2001519A,
34504,u8,0x01,0,x1,2,1,0x200151A2,
34505,u16,0x02,0,x1,2,1,0x200151A4,
34506,u16,0x02,0,x1,2,1,0x200151A6,
34507,i16,0x12,0,x1,2,1,0x200151AC,
34508,u16,0x02,0,x1,2,1,0x200151AE,
34509,u16,0x02,0,x1,2,1,0x200151B0,
34510,u16,0x02,0,x1,2,1,0x200151B2,
34511,u16,0x02,0,x1,2,1,0x200151DE,
34512,u16,0x02,0,x1,2,1,0x200151E0,
34513,u16,0x02,0,x1,2,4,0x200151D4,
34517,u16,0x02,0,x1,2,1,0x200151E2,
34518,u16,0x02,0,x1,2,16,0x200151B4,
34600,u16,0x02,0,x1,2,1,0x200151F4,
34601,u16,0x02,0,x1,2,1,0x200151F6,
34602,u16,0x02,0,x1,2,1,0x200151F8,
34603,i16,0x12,0,x1,2,1,0x200151FA,
34604,u8,0x01,0,x1,2,1,0x20015202,
34605,u16,0x02,0,x1,2,1,0x20015204,
34606,u16,0x02,0,x1,2,1,0x20015206,
34607,i16,0x12,0,x1,2,1,0x2001520C,
34608,u16,0x02,0,x1,2,1,0x2001520E,
34609,u16,0x02,0,x1,2,1,0x20015210,
34610,u16,0x02,0,x1,2,1,0x20015212,
34611,u16,0x02,0,x1,2,1,0x2001523E,
34612,u16,0x02,0,x1,2,1,0x20015240,
34613,u16,0x02,0,x1,2,4,0x20015234,
34617,u16,0x02,0,x1,2,1,0x20015242,
34618,u16,0x02,0,x1,2,16,0x20015214,
35000,i16,0x12,0,x1,2,1,0x20014EBC,
35001,i16,0x12,0,x1,2,1,0x20014EBE,
35002,i16,0x12,0,x1,2,1,0x20014EBE,
35010,i16,0x12,0,x1,2,1,0x20014F92,
35011,i16,0x12,0,x1,2,1,0x20014FCA,
35100,u8,0x01,0,x1,2,1,0x20014E9C,
35110,u16,0x02,0,x1,2,1,0x20014F9E,
35111,u16,0x02,0,x1,2,1,0x20014FA0,
35112,u16,0x02,0,x1,2,1,0x20014FA2,
36000,u32,0x04,0,x1,4,1,0x20014EA0,
36100,u32,0x04,0,x1,4,1,0x20014EA4,
36102,u32,0x04,0,x1,4,1,0x20014EA8,
37000,u8,0x01,0,x1,2,1,0x20000133,
37001,u16,0x02,0,x1,2,1,0x2000014C,
37002,u16,0x02,0,x1,2,1,0x2000014E,
37003,u16,0x02,0,x1,2,1,0x20000150,
37004,i16,0x12,0,x1,2,1,0x20014EB4,
37005,u16,0x02,3,/10,2,1,0x20014FB8,
37006,i16,0x12,0,x1,2,1,0x20014FC8,
37007,u16,0x02,0,x1,2,1,0x20014FC4,
37008,u16,0x02,0,x1,2,1,0x20014FC6,
37009,u16,0x02,0,x1,2,2,0x20014FCC,
37011,u16,0x02,0,x1,2,2,0x20014FD0,
37013,u32,0x04,0,x1,4,1,0x20014EA4,
37015,u32,0x04,0,x1,4,1,0x20014EA8,
37017,u16,0x02,0,x1,2,1,0x20014F58,
37018,u16,0x02,0,x1,2,1,0x20014F5E,
37019,u16,0x02,0,x1,2,1,0x20014F64,
37020,u16,0x02,0,x1,2,1,0x20014F6A,
37021,u32,0x04,0,x1,4,1,0x20014F78,
37023,u16,0x02,0,x1,2,1,0x20014F4E,
37024,u16,0x02,0,x1,2,1,0x20014F52,
38000,i16,0x12,0,x1,2,1,0x20000168,
38001,u16,0x02,0,x1,2,1,0x2000016A,
38002,i16,0x12,0,x1,2,1,0x2000016C,
38003,u16,0x02,0,x1,2,1,0x2000016E,
38004,u16,0x02,0,x1,2,1,0x20000170,
38005,i16,0x12,0,x1,2,1,0x20000172,
38006,u16,0x02,0,x1,2,1,0x20000174,
38007,u16,0x02,0,x1,2,1,0x20000176,
38008,u16,0x02,0,x1,2,1,0x20000178,
38009,u16,0x02,0,x1,2,1,0x2000017A,
38010,u16,0x02,0,x1,2,1,0x2000017C,
38011,u16,0x02,0,x1,2,1,0x2000017E,
38012,u16,0x02,0,x1,2,1,0x20000180,
38013,u16,0x02,0,x1,2,1,0x20000182,
38014,u16,0x02,0,x1,2,1,0x20000184,
