"ble_offset","app_field","sram","modbus","herkunft","nur"
"0","BackupLoadPower","0x20014EB6","30007,32202,32302","",""
"2","AcOutputPower","0x20014EB4","30006,32202,37004","",""
"4","InverterState","0x20014E9C","35100","",""
"5","","0x20001F4C","30300","",""
"6","","","","1","nur BLE"
"7","CTConnected","0x2001A83C","","","nur BLE"
"8","","","","uVar4","nur BLE"
"11","SoC","","","uVar4","nur BLE"
"12","","0x20014CF6","","","nur BLE"
"14","DailyEnergyIn","","","DAT_0800b450+0x14 /10","nur BLE"
"18","MonthlyEnergyIn","0x20014DA4","33008","",""
"22","DailyEnergyOut","","","DAT_0800b450+0x18 /10","nur BLE"
"26","MonthlyEnergyOut","","","DAT_0800b450+0x10 /10","nur BLE"
"30","","","","0","nur BLE"
"34","","","","0","nur BLE"
"36","","","","0","nur BLE"
"38","WorkMode","0x20014D02","43101","",""
"39","","0x20014DCC","41505","",""
"40","","","","0","nur BLE"
"41","TotalEnergyIn","","","DAT_0800b450+4 /10","nur BLE"
"45","TotalEnergyOut","","","DAT_0800b450+8 /10","nur BLE"
"49","BackupPower","","","*DAT_0800b454","nur BLE"
"51","","","","DAT_0800b458+0x6e8","nur BLE"
"53","","","","0","nur BLE"
"57","","","","0","nur BLE"
"61","","0x20001F4E","","","nur BLE"
"62","","0x20014E2C","","","nur BLE"
"63","","","","0","nur BLE"
"67","","","","0","nur BLE"
"71","","0x20000136","","","nur BLE"
"72","ChargePowerLimit","0x2000012D","","","nur BLE"
"74","DischargePowerLimit","0x2000012F","","","nur BLE"
"76","CTType","0x20014DD0","41507","",""
"77","Phase","0x20014DD2","41508","",""
"78","CTMode","0x20014DCE","41506","",""
"79","","0x20014FB0","","","nur BLE"
"94","","0x200002A6","","","nur BLE"
"95","","","","uVar4","nur BLE"
"96","","0x20014DD4","41509","",""
"97","","0x20014DD8","41511","",""
"99","","","","uVar4","nur BLE"
"100","","0x20014DE0","41515","",""
"101","","0x20014DE2","41600","",""
"102","","0x2001ADC1","","","nur BLE"
"103","","0x2000015E","30202","",""
"105","","0x20014D72","","","nur BLE"
"107","MPPT1Power","","","MPPT1 Leistung (fp)","nur BLE"
"109","MPPT1Enabled","","","MPPT1 aktiv","nur BLE"
"110","MPPT2Power","","","MPPT2 Leistung (fp)","nur BLE"
"112","MPPT2Enabled","","","MPPT2 aktiv","nur BLE"
"113","MPPT3Power","","","MPPT3 Leistung (fp)","nur BLE"
"115","MPPT3Enabled","","","MPPT3 aktiv","nur BLE"
"116","MPPT4Power","","","MPPT4 Leistung (fp)","nur BLE"
"118","MPPT4Enabled","","","MPPT4 aktiv","nur BLE"
"119","","0x20014F93","","","nur BLE"
"120","","0x20014F99","32110","",""
"121","","0x20014F9B","32111","",""
"122","","0x20000188","30205","",""
"124","","0x20014F6C","","","nur BLE"
"128","","0x20014F74","","","nur BLE"
"132","","0x20014FA5","","","nur BLE"
"133","SurplusFeedIn","0x20014DEA","41604","",""
"134","","0x20000285","","","nur BLE"
"135","","0x20018B85","","","nur BLE"
"136","","","","0","nur BLE"
"137","","","","0","nur BLE"
"138","","","","DAT_0800b484+0xe4","nur BLE"
"139","","","","DAT_0800b484+0xe5","nur BLE"
"140","BatteryPower","","","BERECHNET: 32100(0.01V) x 32101(0.1A)","nur BLE"
"142","","","","BERECHNET: MPPT-Summe/10 - s10","nur BLE"
"144","GridPower","","","BERECHNET: s10 - off_grid_power","nur BLE"
"146","","","","BERECHNET: s10","nur BLE"
"148","BluetoothEnabled","0x20018B5D","","","nur BLE"
"149","DepthOfDischarge","","","uVar4","nur BLE"
"150","","0x20014D83","","","nur BLE"
"152","LEDLight","0x20000EFC","","","nur BLE"
"153","","0x200002AC","","","nur BLE"
"157","","0x200002AE","","","nur BLE"
"161","","0x20000FB4","","","nur BLE"
"","","0x20014EBA","30000","bat_sample_volt","nur Modbus"
"","","0x20014EB8","30001","bat_sample_power","nur Modbus"
"","","0x20014EBC","30002","env_temp","nur Modbus"
"","","0x20014EBE","30003","radiator_temp","nur Modbus"
"","","0x20014EAC","30004","grid_volt","nur Modbus"
"","","0x20014EB0","30005","off_grid_volt","nur Modbus"
"","","0x20000144","30010","work_mode","nur Modbus"
"","","0x20014F54","30020","mppt1_voltage","nur Modbus"
"","","0x20014F5A","30021","mppt2_voltage","nur Modbus"
"","","0x20014F60","30022","mppt3_voltage","nur Modbus"
"","","0x20014F66","30023","mppt4_voltage","nur Modbus"
"","","0x20014F56","30024","mppt1_current","nur Modbus"
"","","0x20014F5C","30025","mppt2_current","nur Modbus"
"","","0x20014F62","30026","mppt3_current","nur Modbus"
"","","0x20014F68","30027","mppt4_current","nur Modbus"
"","","0x20014F7C","30028","inv_bat_voltage","nur Modbus"
"","","0x20014F7E","30029","inv_bat_current","nur Modbus"
"","","0x2000018A","30030","config_word_2000018A","nur Modbus"
"","","0x20014F84","30031","inv_slot8_38","nur Modbus"
"","","0x20014F86","30032","inv_slot8_3a","nur Modbus"
"","","0x20014F88","30033","inv_slot8_3c","nur Modbus"
"","","0x20014F8A","30034","inv_slot8_3e","nur Modbus"
"","","0x20014F8C","30035","inv_boundary_20014F8C","nur Modbus"
"","","0x20014F80","30036","inv_base_voltage","nur Modbus"
"","","0x20014F58","30037","mppt1_power","nur Modbus"
"","","0x20014F5E","30038","mppt2_power","nur Modbus"
"","","0x20014F64","30039","mppt3_power","nur Modbus"
"","","0x20014F6A","30040","mppt4_power","nur Modbus"
"","","0x20014FB4","30100","pack1_bat_volt_mirror","nur Modbus"
"","","0x20014FB6","30101","pack1_bat_curr_mirror","nur Modbus"
"","","0x20014FC4","30102","pack1_max_cell_voltage_mirror","nur Modbus"
"","","0x20014FC6","30103","pack1_min_cell_voltage_mirror","nur Modbus"
"","","0x20014FC8","30104","pack1_max_cell_temp","nur Modbus"
"","","0x20014FCA","30105","pack1_min_cell_temp","nur Modbus"
"","","0x20015002","30106","pack1_temp_3_mirror","nur Modbus"
"","","0x20014FFE","30107","pack1_temp_1_mirror","nur Modbus"
"","","0x20015000","30108","pack1_temp_2_mirror","nur Modbus"
"","","0x20014FAC","30109","bms_factory_test","nur Modbus"
"","","0x20014FAF","30110","config_setpoint_mirror","nur Modbus"
"","","0x08010000","30200","ems_ver","nur Modbus"
"","","0x20000038","30201","ems_boot_ver","nur Modbus"
"","","0x20000160","30203","vns_boot_ver","nur Modbus"
"","","0x20014FD2","30204","bms_ver","nur Modbus"
"","","0x20014FC2","30210","pack1_mos_status_mirror","nur Modbus"
"","","0x20000165","30211","config_byte_can54","nur Modbus"
"","","0x20000138","30212","pack_config","nur Modbus"
"","","0x20000164","30213","config_byte_canc1","nur Modbus"
"","","0x20014FAE","30214","bms_self_check","nur Modbus"
"","","0x20018B5C","30301","bluetooth_status","nur Modbus"
"","","0x2001916D","30302","cloud_status","nur Modbus"
"","","0x20001F4D","30303","wifi_signal_strength","nur Modbus"
"","","0x2001894E","30304","mac_address","nur Modbus"
"","","0x200180F0","30350","comm_module_firmware","nur Modbus"
"","","0x2001ADC5","30400","ip_addresses","nur Modbus"
"","","0x20014CE0","31000","device_name","nur Modbus"
"","","0x20014F8E","32100","bms_battery_voltage","nur Modbus"
"","","0x20014F90","32101","bms_battery_current","nur Modbus"
"","","0x20014EB8","32102","bat_sample_power","nur Modbus"
"","","0x20014F94","32104","bms_soc","nur Modbus"
"","","0x20014F96","32105","bms_remaining_energy","nur Modbus"
"","","0x20014FA0","32106","bms_charge_current_limit","nur Modbus"
"","","0x20014FA2","32107","bms_discharge_current_limit","nur Modbus"
"","","0x20014F92","32108","bms_battery_temp","nur Modbus"
"","","0x20014F98","32109","bms_pack_count","nur Modbus"
"","","0x20014FAD","32112","bms_lock_flag","nur Modbus"
"","","0x20014FAC","32113","bms_factory_test","nur Modbus"
"","","0x20014FAF","32114","config_setpoint_20014FAF","nur Modbus"
"","","0x20014EAC","32200","grid_volt","nur Modbus"
"","","0x20014EAC","32201","grid_volt_dup","nur Modbus"
"","","0x20014EAE","32204","grid_pf","nur Modbus"
"","","0x20014EB0","32300","off_grid_volt","nur Modbus"
"","","0x20014EB0","32301","ac_offgrid_voltage_dup","nur Modbus"
"","","0x20014D9C","33000","total_charging_energy","nur Modbus"
"","","0x20014DA0","33002","total_discharging_energy","nur Modbus"
"","","0x20014DAC","33004","daily_charging_energy","nur Modbus"
"","","0x20014DB0","33006","daily_discharging_energy","nur Modbus"
"","","0x20014DA8","33010","monthly_discharging_energy","nur Modbus"
"","","0x20014FB4","34000","pack1_bat_volt","nur Modbus"
"","","0x20014FB6","34001","pack1_bat_curr","nur Modbus"
"","","0x20014FB8","34002","pack1_soc","nur Modbus"
"","","0x20014FBA","34003","pack1_cycle_count","nur Modbus"
"","","0x20014FC2","34004","pack1_mos_status","nur Modbus"
"","","0x20014FC4","34005","pack1_max_cell_voltage","nur Modbus"
"","","0x20014FC6","34006","pack1_min_cell_voltage","nur Modbus"
"","","0x20014FCC","34007","pack1_protect1","nur Modbus"
"","","0x20014FCE","34008","pack1_protect2","nur Modbus"
"","","0x20014FD0","34009","pack1_bms_reserved_5a","nur Modbus"
"","","0x20014FD2","34010","pack1_bms_version","nur Modbus"
"","","0x20014FFE","34011","pack1_temp_1","nur Modbus"
"","","0x20015000","34012","pack1_temp_2","nur Modbus"
"","","0x20014FF4","34013","pack1_ntc_block","nur Modbus"
"","","0x20015002","34017","pack1_ntc_unused","nur Modbus"
"","","0x20014FD4","34018","pack1_cell_voltage_1_16","nur Modbus"
"","","0x20015014","34100","pack2_bat_volt","nur Modbus"
"","","0x20015016","34101","pack2_bat_curr","nur Modbus"
"","","0x20015018","34102","pack2_soc","nur Modbus"
"","","0x2001501A","34103","pack2_cycle_count","nur Modbus"
"","","0x20015022","34104","pack2_mos_status","nur Modbus"
"","","0x20015024","34105","pack2_max_cell_voltage","nur Modbus"
"","","0x20015026","34106","pack2_min_cell_voltage","nur Modbus"
"","","0x2001502C","34107","pack2_protect1","nur Modbus"
"","","0x2001502E","34108","pack2_protect2","nur Modbus"
"","","0x20015030","34109","pack2_bms_reserved_5a","nur Modbus"
"","","0x20015032","34110","pack2_bms_version","nur Modbus"
"","","0x2001505E","34111","pack2_temp_1","nur Modbus"
"","","0x20015060","34112","pack2_temp_2","nur Modbus"
"","","0x20015054","34113","pack2_ntc_block","nur Modbus"
"","","0x20015062","34117","pack2_ntc_unused","nur Modbus"
"","","0x20015034","34118","pack2_cell_voltage_1_16","nur Modbus"
"","","0x20015074","34200","pack3_bat_volt","nur Modbus"
"","","0x20015076","34201","pack3_bat_curr","nur Modbus"
"","","0x20015078","34202","pack3_soc","nur Modbus"
"","","0x2001507A","34203","pack3_cycle_count","nur Modbus"
"","","0x20015082","34204","pack3_mos_status","nur Modbus"
"","","0x20015084","34205","pack3_max_cell_voltage","nur Modbus"
"","","0x20015086","34206","pack3_min_cell_voltage","nur Modbus"
"","","0x2001508C","34207","pack3_protect1","nur Modbus"
"","","0x2001508E","34208","pack3_protect2","nur Modbus"
"","","0x20015090","34209","pack3_bms_reserved_5a","nur Modbus"
"","","0x20015092","34210","pack3_bms_version","nur Modbus"
"","","0x200150BE","34211","pack3_temp_1","nur Modbus"
"","","0x200150C0","34212","pack3_temp_2","nur Modbus"
"","","0x200150B4","34213","pack3_ntc_block","nur Modbus"
"","","0x200150C2","34217","pack3_ntc_unused","nur Modbus"
"","","0x20015094","34218","pack3_cell_voltage_1_16","nur Modbus"
"","","0x200150D4","34300","pack4_bat_volt","nur Modbus"
"","","0x200150D6","34301","pack4_bat_curr","nur Modbus"
"","","0x200150D8","34302","pack4_soc","nur Modbus"
"","","0x200150DA","34303","pack4_cycle_count","nur Modbus"
"","","0x200150E2","34304","pack4_mos_status","nur Modbus"
"","","0x200150E4","34305","pack4_max_cell_voltage","nur Modbus"
"","","0x200150E6","34306","pack4_min_cell_voltage","nur Modbus"
"","","0x200150EC","34307","pack4_protect1","nur Modbus"
"","","0x200150EE","34308","pack4_protect2","nur Modbus"
"","","0x200150F0","34309","pack4_bms_reserved_5a","nur Modbus"
"","","0x200150F2","34310","pack4_bms_version","nur Modbus"
"","","0x2001511E","34311","pack4_temp_1","nur Modbus"
"","","0x20015120","34312","pack4_temp_2","nur Modbus"
"","","0x20015114","34313","pack4_ntc_block","nur Modbus"
"","","0x20015122","34317","pack4_ntc_unused","nur Modbus"
"","","0x200150F4","34318","pack4_cell_voltage_1_16","nur Modbus"
"","","0x20015134","34400","pack5_bat_volt","nur Modbus"
"","","0x20015136","34401","pack5_bat_curr","nur Modbus"
"","","0x20015138","34402","pack5_soc","nur Modbus"
"","","0x2001513A","34403","pack5_cycle_count","nur Modbus"
"","","0x20015142","34404","pack5_mos_status","nur Modbus"
"","","0x20015144","34405","pack5_max_cell_voltage","nur Modbus"
"","","0x20015146","34406","pack5_min_cell_voltage","nur Modbus"
"","","0x2001514C","34407","pack5_protect1","nur Modbus"
"","","0x2001514E","34408","pack5_protect2","nur Modbus"
"","","0x20015150","34409","pack5_bms_reserved_5a","nur Modbus"
"","","0x20015152","34410","pack5_bms_version","nur Modbus"
"","","0x2001517E","34411","pack5_temp_1","nur Modbus"
"","","0x20015180","34412","pack5_temp_2","nur Modbus"
"","","0x20015174","34413","pack5_ntc_block","nur Modbus"
"","","0x20015182","34417","pack5_ntc_unused","nur Modbus"
"","","0x20015154","34418","pack5_cell_voltage_1_16","nur Modbus"
"","","0x20015194","34500","pack6_bat_volt","nur Modbus"
"","","0x20015196","34501","pack6_bat_curr","nur Modbus"
"","","0x20015198","34502","pack6_soc","nur Modbus"
"","","0x2001519A","34503","pack6_cycle_count","nur Modbus"
"","","0x200151A2","34504","pack6_mos_status","nur Modbus"
"","","0x200151A4","34505","pack6_max_cell_voltage","nur Modbus"
"","","0x200151A6","34506","pack6_min_cell_voltage","nur Modbus"
"","","0x200151AC","34507","pack6_protect1","nur Modbus"
"","","0x200151AE","34508","pack6_protect2","nur Modbus"
"","","0x200151B0","34509","pack6_bms_reserved_5a","nur Modbus"
"","","0x200151B2","34510","pack6_bms_version","nur Modbus"
"","","0x200151DE","34511","pack6_temp_1","nur Modbus"
"","","0x200151E0","34512","pack6_temp_2","nur Modbus"
"","","0x200151D4","34513","pack6_ntc_block","nur Modbus"
"","","0x200151E2","34517","pack6_ntc_unused","nur Modbus"
"","","0x200151B4","34518","pack6_cell_voltage_1_16","nur Modbus"
"","","0x200151F4","34600","pack7_bat_volt","nur Modbus"
"","","0x200151F6","34601","pack7_bat_curr","nur Modbus"
"","","0x200151F8","34602","pack7_soc","nur Modbus"
"","","0x200151FA","34603","pack7_cycle_count","nur Modbus"
"","","0x20015202","34604","pack7_mos_status","nur Modbus"
"","","0x20015204","34605","pack7_max_cell_voltage","nur Modbus"
"","","0x20015206","34606","pack7_min_cell_voltage","nur Modbus"
"","","0x2001520C","34607","pack7_protect1","nur Modbus"
"","","0x2001520E","34608","pack7_protect2","nur Modbus"
"","","0x20015210","34609","pack7_bms_reserved_5a","nur Modbus"
"","","0x20015212","34610","pack7_bms_version","nur Modbus"
"","","0x2001523E","34611","pack7_temp_1","nur Modbus"
"","","0x20015240","34612","pack7_temp_2","nur Modbus"
"","","0x20015234","34613","pack7_ntc_block","nur Modbus"
"","","0x20015242","34617","pack7_ntc_unused","nur Modbus"
"","","0x20015214","34618","pack7_cell_voltage_1_16","nur Modbus"
"","","0x20014EBC","35000","env_temp","nur Modbus"
"","","0x20014EBE","35001","radiator_temp","nur Modbus"
"","","0x20014EBE","35002","radiator_temp_dup","nur Modbus"
"","","0x20014F92","35010","bms_battery_temp","nur Modbus"
"","","0x20014FCA","35011","pack1_min_cell_temp_mirror","nur Modbus"
"","","0x20014F9E","35110","bms_charge_voltage_limit","nur Modbus"
"","","0x20014FA0","35111","bms_charge_current_limit","nur Modbus"
"","","0x20014FA2","35112","bms_discharge_current_limit","nur Modbus"
"","","0x20014EA0","36000","warn_code","nur Modbus"
"","","0x20014EA4","36100","error_code1","nur Modbus"
"","","0x20014EA8","36102","error_code2","nur Modbus"
"","","0x20000133","37000","modbus_slave_address","nur Modbus"
"","","0x2000014C","37001","status_block_offset8","nur Modbus"
"","","0x2000014E","37002","max_charge_power","nur Modbus"
"","","0x20000150","37003","max_discharge_power","nur Modbus"
"","","0x20014FB8","37005","pack1_soc_scaled","nur Modbus"
"","","0x20014FC8","37006","pack1_max_cell_temp_mirror","nur Modbus"
"","","0x20014FC4","37007","pack1_max_cell_voltage","nur Modbus"
"","","0x20014FC6","37008","pack1_min_cell_voltage","nur Modbus"
"","","0x20014FCC","37009","block_34007_34008","nur Modbus"
"","","0x20014FD0","37011","block_34009_34010","nur Modbus"
"","","0x20014EA4","37013","error_code1","nur Modbus"
"","","0x20014EA8","37015","error_code2","nur Modbus"
"","","0x20014F58","37017","mppt1_power","nur Modbus"
"","","0x20014F5E","37018","mppt2_power","nur Modbus"
"","","0x20014F64","37019","mppt3_power","nur Modbus"
"","","0x20014F6A","37020","mppt4_power","nur Modbus"
"","","0x20014F78","37021","pv_year_capacity","nur Modbus"
"","","0x20014F4E","37023","mppt_error","nur Modbus"
"","","0x20014F52","37024","mppt_warning","nur Modbus"
"","","0x20000168","38000","can40_w1","nur Modbus"
"","","0x2000016A","38001","can40_w2","nur Modbus"
"","","0x2000016C","38002","can40_w3","nur Modbus"
"","","0x2000016E","38003","can40_w4","nur Modbus"
"","","0x20000170","38004","can41_w1","nur Modbus"
"","","0x20000172","38005","can41_w2","nur Modbus"
"","","0x20000174","38006","can41_w3","nur Modbus"
"","","0x20000176","38007","can42_w1","nur Modbus"
"","","0x20000178","38008","can42_w2","nur Modbus"
"","","0x2000017A","38009","can42_w3","nur Modbus"
"","","0x2000017C","38010","can42_w4","nur Modbus"
"","","0x2000017E","38011","can43_w1","nur Modbus"
"","","0x20000180","38012","can43_w2","nur Modbus"
"","","0x20000182","38013","can43_w3","nur Modbus"
"","","0x20000184","38014","can43_w4","nur Modbus"
"","","0x200002B4","40000","rs485_unlock","nur Modbus"
"","","0x20000348","41000","command_register","nur Modbus"
"","","0x20000133","41100","modbus_slave_address","nur Modbus"
"","","0x20014CFC","41200","backup_ups_enable","nur Modbus"
"","","0x20014DC2","41500","schedule_time_00","nur Modbus"
"","","0x20014DC4","41501","schedule_time_01","nur Modbus"
"","","0x20014DC6","41502","schedule_time_02","nur Modbus"
"","","0x20014DC8","41503","schedule_time_03","nur Modbus"
"","","0x20014DCA","41504","schedule_time_04","nur Modbus"
"","","0x20014DD6","41510","schedule_time_10","nur Modbus"
"","","0x20014DDA","41512","schedule_time_12","nur Modbus"
"","","0x20014DDC","41513","schedule_time_13","nur Modbus"
"","","0x20014DDE","41514","schedule_time_14","nur Modbus"
"","","0x20014DE4","41601","schedule_power_01","nur Modbus"
"","","0x20014DE6","41602","schedule_power_02","nur Modbus"
"","","0x20014DE8","41603","schedule_power_03","nur Modbus"
"","","0x20014DEC","41605","schedule_power_05","nur Modbus"
"","","0x20014DEE","41606","schedule_power_06","nur Modbus"
"","","0x20014DF0","41607","schedule_power_07","nur Modbus"
"","","0x20014DF2","41608","schedule_power_08","nur Modbus"
"","","0x20014DF4","41609","schedule_power_09","nur Modbus"
"","","0x20014DF6","41610","schedule_power_10","nur Modbus"
"","","0x20014DF8","41611","schedule_power_11","nur Modbus"
"","","0x20014DFA","41612","schedule_power_12","nur Modbus"
"","","0x20014DFC","41613","schedule_power_13","nur Modbus"
"","","0x20014DFE","41614","schedule_power_14","nur Modbus"
"","","0x20014E00","41615","schedule_power_15","nur Modbus"
"","","0x20014E02","41616","schedule_power_16","nur Modbus"
"","","0x20014E04","41617","schedule_power_17","nur Modbus"
"","","0x20014E06","41618","schedule_power_18","nur Modbus"
"","","0x20014E08","41619","schedule_power_19","nur Modbus"
"","","0x20014E0A","41620","schedule_power_20","nur Modbus"
"","","0x20014E0C","41621","schedule_power_21","nur Modbus"
"","","0x20014E0E","41622","schedule_power_22","nur Modbus"
"","","0x20014E10","41623","schedule_power_23","nur Modbus"
"","","0x20014E12","41624","schedule_power_24","nur Modbus"
"","","0x20014E14","41625","schedule_power_25","nur Modbus"
"","","0x20014E16","41626","schedule_power_26","nur Modbus"
"","","0x20014E18","41627","schedule_power_27","nur Modbus"
"","","0x20014E1A","41628","schedule_power_28","nur Modbus"
"","","0x20014E1C","41629","schedule_power_29","nur Modbus"
"","","0x20014E1E","41630","schedule_power_30","nur Modbus"
"","","0x20014E20","41631","schedule_power_31","nur Modbus"
"","","0x20014CFD","42000","update_mode_status","nur Modbus"
"","","0x20000349","42010","force_mode","nur Modbus"
"","","0x2000034A","42011","charge_target_soc","nur Modbus"
"","","0x2000034C","42020","discharge_power_limit","nur Modbus"
"","","0x2000034E","42021","charge_power_limit","nur Modbus"
"","","0x20014CFD","43000","work_mode","nur Modbus"
"","","0x20014CFE","43100","slot1_days","nur Modbus"
"","","0x20014D04","43102","slot1_end_time","nur Modbus"
"","","0x20014D00","43103","slot1_power","nur Modbus"
"","","0x20014CFF","43104","slot1_enable","nur Modbus"
"","","0x20014D08","43105","slot2_days","nur Modbus"
"","","0x20014D0C","43106","slot2_start_time","nur Modbus"
"","","0x20014D0E","43107","slot2_end_time","nur Modbus"
"","","0x20014D0A","43108","slot2_power","nur Modbus"
"","","0x20014D09","43109","slot2_enable","nur Modbus"
"","","0x20014D12","43110","slot3_days","nur Modbus"
"","","0x20014D16","43111","slot3_start_time","nur Modbus"
"","","0x20014D18","43112","slot3_end_time","nur Modbus"
"","","0x20014D14","43113","slot3_power","nur Modbus"
"","","0x20014D13","43114","slot3_enable","nur Modbus"
"","","0x20014D1C","43115","slot4_days","nur Modbus"
"","","0x20014D20","43116","slot4_start_time","nur Modbus"
"","","0x20014D22","43117","slot4_end_time","nur Modbus"
"","","0x20014D1E","43118","slot4_power","nur Modbus"
"","","0x20014D1D","43119","slot4_enable","nur Modbus"
"","","0x20014D26","43120","slot5_days","nur Modbus"
"","","0x20014D2A","43121","slot5_start_time","nur Modbus"
"","","0x20014D2C","43122","slot5_end_time","nur Modbus"
"","","0x20014D28","43123","slot5_power","nur Modbus"
"","","0x20014D27","43124","slot5_enable","nur Modbus"
"","","0x20014D30","43125","slot6_days","nur Modbus"
"","","0x20014D34","43126","slot6_start_time","nur Modbus"
"","","0x20014D36","43127","slot6_end_time","nur Modbus"
"","","0x20014D32","43128","slot6_power","nur Modbus"
"","","0x20014D31","43129","slot6_enable","nur Modbus"
"","","0x20000156","44002","max_discharge_power","nur Modbus"
"","","0x20000158","44003","max_charge_power","nur Modbus"
"","","0x200002B4","45000","cmd_system_control","nur Modbus"
"","","0x20014FA3","45029","cmd_debug_flag","nur Modbus"
"","","0x20000132","46000","ota_command","nur Modbus"
"","","0x20014EC8","46500","eeprom_struct_00_reg0","nur Modbus"
"","","0x20014ECC","46501","eeprom_struct_00_reg1","nur Modbus"
"","","0x20014ECC","46502","eeprom_struct_00_reg2","nur Modbus"
"","","0x20014ED0","46503","eeprom_struct_01_reg0","nur Modbus"
"","","0x20014ED4","46504","eeprom_struct_01_reg1","nur Modbus"
"","","0x20014ED4","46505","eeprom_struct_01_reg2","nur Modbus"
"","","0x20014ED8","46506","eeprom_struct_02_reg0","nur Modbus"
"","","0x20014EDC","46507","eeprom_struct_02_reg1","nur Modbus"
"","","0x20014EDC","46508","eeprom_struct_02_reg2","nur Modbus"
"","","0x20014EE0","46509","eeprom_struct_03_reg0","nur Modbus"
"","","0x20014EE4","46510","eeprom_struct_03_reg1","nur Modbus"
"","","0x20014EE4","46511","eeprom_struct_03_reg2","nur Modbus"
"","","0x20014EE8","46512","eeprom_struct_04_reg0","nur Modbus"
"","","0x20014EEC","46513","eeprom_struct_04_reg1","nur Modbus"
"","","0x20014EEC","46514","eeprom_struct_04_reg2","nur Modbus"
"","","0x20014EF0","46515","eeprom_struct_05_reg0","nur Modbus"
"","","0x20014EF4","46516","eeprom_struct_05_reg1","nur Modbus"
"","","0x20014EF4","46517","eeprom_struct_05_reg2","nur Modbus"
"","","0x20014EF8","46518","eeprom_struct_06_reg0","nur Modbus"
"","","0x20014EFC","46519","eeprom_struct_06_reg1","nur Modbus"
"","","0x20014EFC","46520","eeprom_struct_06_reg2","nur Modbus"
"","","0x20014F00","46521","eeprom_struct_07_reg0","nur Modbus"
"","","0x20014F04","46522","eeprom_struct_07_reg1","nur Modbus"
"","","0x20014F04","46523","eeprom_struct_07_reg2","nur Modbus"
"","","0x20014F08","46524","eeprom_struct_08_reg0","nur Modbus"
"","","0x20014F0C","46525","eeprom_struct_08_reg1","nur Modbus"
"","","0x20014F0C","46526","eeprom_struct_08_reg2","nur Modbus"
"","","0x20014F10","46527","eeprom_struct_09_reg0","nur Modbus"
"","","0x20014F14","46528","eeprom_struct_09_reg1","nur Modbus"
"","","0x20014F14","46529","eeprom_struct_09_reg2","nur Modbus"
"","","0x20014F18","46530","eeprom_struct_10_reg0","nur Modbus"
"","","0x20014F1C","46531","eeprom_struct_10_reg1","nur Modbus"
"","","0x20014F1C","46532","eeprom_struct_10_reg2","nur Modbus"
"","","0x20014F20","46533","eeprom_struct_11_reg0","nur Modbus"
"","","0x20014F24","46534","eeprom_struct_11_reg1","nur Modbus"
"","","0x20014F24","46535","eeprom_struct_11_reg2","nur Modbus"
"","","0x20014F28","46536","eeprom_struct_12_reg0","nur Modbus"
"","","0x20014F2C","46537","eeprom_struct_12_reg1","nur Modbus"
"","","0x20014F2C","46538","eeprom_struct_12_reg2","nur Modbus"
"","","0x20014F30","46539","eeprom_struct_13_reg0","nur Modbus"
"","","0x20014F34","46540","eeprom_struct_13_reg1","nur Modbus"
"","","0x20014F34","46541","eeprom_struct_13_reg2","nur Modbus"
"","","0x20014F38","46542","eeprom_struct_14_reg0","nur Modbus"
"","","0x20014F3C","46543","eeprom_struct_14_reg1","nur Modbus"
"","","0x20014F3C","46544","eeprom_struct_14_reg2","nur Modbus"
